SerialNo,SubsetNo,X,Y,Xオリジナル,Yオリジナル,垂直ひずみ成分εx,垂直ひずみ成分εy,せん断ひずみ成分γxy,主ひずみε1,主ひずみε2,主せん断ひずみγ1,主ひずみ方向θ,体積ひずみ(平面ひずみ条件)εV,応力0MPa_GN_Resample
1,1,0,0,150,100,0,0,0,0,0,0,0,0,1
2,2,1,0,166,100,0,0,0,0,0,0,0,0,1
3,3,2,0,182,100,0,0,0,0,0,0,0,0,1
4,4,3,0,198,100,0,0,0,0,0,0,0,0,1
5,5,4,0,214,100,0,0,0,0,0,0,0,0,1
6,6,5,0,230,100,0,0,0,0,0,0,0,0,1
7,7,6,0,246,100,0,0,0,0,0,0,0,0,1
8,8,7,0,262,100,0,0,0,0,0,0,0,0,1
9,9,8,0,278,100,0,0,0,0,0,0,0,0,1
10,10,9,0,294,100,0,0,0,0,0,0,0,0,1
11,11,10,0,310,100,0,0,0,0,0,0,0,0,1
12,12,11,0,326,100,0,0,0,0,0,0,0,0,1
13,13,12,0,342,100,0,0,0,0,0,0,0,0,1
14,14,13,0,358,100,0,0,0,0,0,0,0,0,1
15,15,14,0,374,100,0,0,0,0,0,0,0,0,1
16,16,15,0,390,100,0,0,0,0,0,0,0,0,1
17,17,16,0,406,100,0,0,0,0,0,0,0,0,1
18,18,17,0,422,100,0,0,0,0,0,0,0,0,1
19,19,18,0,438,100,0,0,0,0,0,0,0,0,1
20,20,19,0,454,100,0,0,0,0,0,0,0,0,1
21,21,20,0,470,100,0,0,0,0,0,0,0,0,1
22,22,21,0,486,100,0,0,0,0,0,0,0,0,1
23,23,22,0,502,100,0,0,0,0,0,0,0,0,1
24,24,23,0,518,100,0,0,0,0,0,0,0,0,1
25,25,24,0,534,100,0,0,0,0,0,0,0,0,1
26,26,25,0,550,100,0,0,0,0,0,0,0,0,1
27,27,26,0,566,100,0,0,0,0,0,0,0,0,1
28,28,27,0,582,100,0,0,0,0,0,0,0,0,1
29,29,28,0,598,100,0,0,0,0,0,0,0,0,1
30,30,29,0,614,100,0,0,0,0,0,0,0,0,2
31,31,30,0,630,100,0,0,0,0,0,0,0,0,2
32,32,31,0,646,100,0,0,0,0,0,0,0,0,2
33,33,32,0,662,100,0,0,0,0,0,0,0,0,2
34,34,33,0,678,100,0,0,0,0,0,0,0,0,2
35,35,34,0,694,100,0,0,0,0,0,0,0,0,2
36,36,35,0,710,100,0,0,0,0,0,0,0,0,2
37,37,36,0,726,100,0,0,0,0,0,0,0,0,2
38,38,37,0,742,100,0,0,0,0,0,0,0,0,2
39,39,38,0,758,100,0,0,0,0,0,0,0,0,2
40,40,39,0,774,100,0,0,0,0,0,0,0,0,2
41,41,40,0,790,100,0,0,0,0,0,0,0,0,2
42,42,41,0,806,100,0,0,0,0,0,0,0,0,2
43,43,42,0,822,100,0,0,0,0,0,0,0,0,2
44,44,43,0,838,100,0,0,0,0,0,0,0,0,2
45,45,44,0,854,100,0,0,0,0,0,0,0,0,2
46,46,45,0,870,100,0,0,0,0,0,0,0,0,2
47,47,46,0,886,100,0,0,0,0,0,0,0,0,2
48,48,47,0,902,100,0,0,0,0,0,0,0,0,2
49,49,48,0,918,100,0,0,0,0,0,0,0,0,2
50,50,49,0,934,100,0,0,0,0,0,0,0,0,2
51,51,50,0,950,100,0,0,0,0,0,0,0,0,2
52,52,51,0,966,100,0,0,0,0,0,0,0,0,2
53,53,52,0,982,100,0,0,0,0,0,0,0,0,2
54,54,53,0,998,100,0,0,0,0,0,0,0,0,2
55,55,54,0,1014,100,0,0,0,0,0,0,0,0,2
56,56,55,0,1030,100,0,0,0,0,0,0,0,0,3
57,57,56,0,1046,100,0,0,0,0,0,0,0,0,3
58,58,57,0,1062,100,0,0,0,0,0,0,0,0,4
59,59,58,0,1078,100,0,0,0,0,0,0,0,0,4
60,60,59,0,1094,100,0,0,0,0,0,0,0,0,4
61,61,60,0,1110,100,0,0,0,0,0,0,0,0,4
62,62,61,0,1126,100,0,0,0,0,0,0,0,0,4
63,63,62,0,1142,100,0,0,0,0,0,0,0,0,4
64,64,63,0,1158,100,0,0,0,0,0,0,0,0,4
65,65,64,0,1174,100,0,0,0,0,0,0,0,0,4
66,66,65,0,1190,100,0,0,0,0,0,0,0,0,4
67,67,66,0,1206,100,0,0,0,0,0,0,0,0,4
68,68,67,0,1222,100,0,0,0,0,0,0,0,0,4
69,69,68,0,1238,100,0,0,0,0,0,0,0,0,4
70,70,69,0,1254,100,0,0,0,0,0,0,0,0,4
71,71,70,0,1270,100,0,0,0,0,0,0,0,0,4
72,72,71,0,1286,100,0,0,0,0,0,0,0,0,4
73,73,72,0,1302,100,0,0,0,0,0,0,0,0,5
74,74,73,0,1318,100,0,0,0,0,0,0,0,0,5
75,75,74,0,1334,100,0,0,0,0,0,0,0,0,5
76,76,75,0,1350,100,0,0,0,0,0,0,0,0,5
77,77,76,0,1366,100,0,0,0,0,0,0,0,0,5
78,78,77,0,1382,100,0,0,0,0,0,0,0,0,5
79,79,78,0,1398,100,0,0,0,0,0,0,0,0,5
80,80,79,0,1414,100,0,0,0,0,0,0,0,0,5
81,81,80,0,1430,100,0,0,0,0,0,0,0,0,5
82,82,81,0,1446,100,0,0,0,0,0,0,0,0,5
83,83,82,0,1462,100,0,0,0,0,0,0,0,0,5
84,84,83,0,1478,100,0,0,0,0,0,0,0,0,5
85,85,84,0,1494,100,0,0,0,0,0,0,0,0,5
86,86,85,0,1510,100,0,0,0,0,0,0,0,0,5
87,87,86,0,1526,100,0,0,0,0,0,0,0,0,5
88,88,87,0,1542,100,0,0,0,0,0,0,0,0,6
89,89,88,0,1558,100,0,0,0,0,0,0,0,0,6
90,90,89,0,1574,100,0,0,0,0,0,0,0,0,6
91,91,90,0,1590,100,0,0,0,0,0,0,0,0,6
92,92,91,0,1606,100,0,0,0,0,0,0,0,0,6
93,93,92,0,1622,100,0,0,0,0,0,0,0,0,6
94,94,93,0,1638,100,0,0,0,0,0,0,0,0,6
95,95,94,0,1654,100,0,0,0,0,0,0,0,0,6
96,96,95,0,1670,100,0,0,0,0,0,0,0,0,6
97,97,96,0,1686,100,0,0,0,0,0,0,0,0,6
98,98,97,0,1702,100,0,0,0,0,0,0,0,0,6
99,99,98,0,1718,100,0,0,0,0,0,0,0,0,6
100,100,99,0,1734,100,0,0,0,0,0,0,0,0,6
101,101,100,0,1750,100,0,0,0,0,0,0,0,0,7
102,102,101,0,1766,100,0,0,0,0,0,0,0,0,7
103,103,102,0,1782,100,0,0,0,0,0,0,0,0,7
104,104,103,0,1798,100,0,0,0,0,0,0,0,0,7
105,105,104,0,1814,100,0,0,0,0,0,0,0,0,7
106,106,105,0,1830,100,0,0,0,0,0,0,0,0,7
107,107,106,0,1846,100,0,0,0,0,0,0,0,0,7
108,108,107,0,1862,100,0,0,0,0,0,0,0,0,8
109,109,108,0,1878,100,0,0,0,0,0,0,0,0,8
110,110,109,0,1894,100,0,0,0,0,0,0,0,0,8
111,111,110,0,1910,100,0,0,0,0,0,0,0,0,8
112,112,111,0,1926,100,0,0,0,0,0,0,0,0,8
113,113,112,0,1942,100,0,0,0,0,0,0,0,0,8
114,114,113,0,1958,100,0,0,0,0,0,0,0,0,8
115,115,114,0,1974,100,0,0,0,0,0,0,0,0,8
116,116,115,0,1990,100,0,0,0,0,0,0,0,0,8
117,117,116,0,2006,100,0,0,0,0,0,0,0,0,8
118,118,117,0,2022,100,0,0,0,0,0,0,0,0,8
119,119,118,0,2038,100,0,0,0,0,0,0,0,0,8
120,120,119,0,2054,100,0,0,0,0,0,0,0,0,8
121,121,120,0,2070,100,0,0,0,0,0,0,0,0,8
122,122,121,0,2086,100,0,0,0,0,0,0,0,0,8
123,123,122,0,2102,100,0,0,0,0,0,0,0,0,8
124,124,123,0,2118,100,0,0,0,0,0,0,0,0,8
125,125,124,0,2134,100,0,0,0,0,0,0,0,0,1
126,126,0,1,150,116,0,0,0,0,0,0,0,0,1
127,127,1,1,166,116,0,0,0,0,0,0,0,0,1
128,128,2,1,182,116,0,0,0,0,0,0,0,0,1
129,129,3,1,198,116,0,0,0,0,0,0,0,0,1
130,130,4,1,214,116,0,0,0,0,0,0,0,0,1
131,131,5,1,230,116,0,0,0,0,0,0,0,0,1
132,132,6,1,246,116,0,0,0,0,0,0,0,0,1
133,133,7,1,262,116,0,0,0,0,0,0,0,0,1
134,134,8,1,278,116,0,0,0,0,0,0,0,0,1
135,135,9,1,294,116,0,0,0,0,0,0,0,0,1
136,136,10,1,310,116,0,0,0,0,0,0,0,0,1
137,137,11,1,326,116,0,0,0,0,0,0,0,0,1
138,138,12,1,342,116,0,0,0,0,0,0,0,0,1
139,139,13,1,358,116,0,0,0,0,0,0,0,0,1
140,140,14,1,374,116,0,0,0,0,0,0,0,0,1
141,141,15,1,390,116,0,0,0,0,0,0,0,0,1
142,142,16,1,406,116,0,0,0,0,0,0,0,0,1
143,143,17,1,422,116,0,0,0,0,0,0,0,0,1
144,144,18,1,438,116,0,0,0,0,0,0,0,0,1
145,145,19,1,454,116,0,0,0,0,0,0,0,0,1
146,146,20,1,470,116,0,0,0,0,0,0,0,0,1
147,147,21,1,486,116,0,0,0,0,0,0,0,0,1
148,148,22,1,502,116,0,0,0,0,0,0,0,0,1
149,149,23,1,518,116,0,0,0,0,0,0,0,0,1
150,150,24,1,534,116,0,0,0,0,0,0,0,0,1
151,151,25,1,550,116,0,0,0,0,0,0,0,0,1
152,152,26,1,566,116,0,0,0,0,0,0,0,0,1
153,153,27,1,582,116,0,0,0,0,0,0,0,0,9
154,154,28,1,598,116,0,0,0,0,0,0,0,0,2
155,155,29,1,614,116,0,0,0,0,0,0,0,0,2
156,156,30,1,630,116,0,0,0,0,0,0,0,0,2
157,157,31,1,646,116,0,0,0,0,0,0,0,0,2
158,158,32,1,662,116,0,0,0,0,0,0,0,0,2
159,159,33,1,678,116,0,0,0,0,0,0,0,0,2
160,160,34,1,694,116,0,0,0,0,0,0,0,0,2
161,161,35,1,710,116,0,0,0,0,0,0,0,0,2
162,162,36,1,726,116,0,0,0,0,0,0,0,0,2
163,163,37,1,742,116,0,0,0,0,0,0,0,0,2
164,164,38,1,758,116,0,0,0,0,0,0,0,0,2
165,165,39,1,774,116,0,0,0,0,0,0,0,0,2
166,166,40,1,790,116,0,0,0,0,0,0,0,0,2
167,167,41,1,806,116,0,0,0,0,0,0,0,0,2
168,168,42,1,822,116,0,0,0,0,0,0,0,0,2
169,169,43,1,838,116,0,0,0,0,0,0,0,0,2
170,170,44,1,854,116,0,0,0,0,0,0,0,0,2
171,171,45,1,870,116,0,0,0,0,0,0,0,0,2
172,172,46,1,886,116,0,0,0,0,0,0,0,0,2
173,173,47,1,902,116,0,0,0,0,0,0,0,0,2
174,174,48,1,918,116,0,0,0,0,0,0,0,0,2
175,175,49,1,934,116,0,0,0,0,0,0,0,0,2
176,176,50,1,950,116,0,0,0,0,0,0,0,0,2
177,177,51,1,966,116,0,0,0,0,0,0,0,0,2
178,178,52,1,982,116,0,0,0,0,0,0,0,0,2
179,179,53,1,998,116,0,0,0,0,0,0,0,0,2
180,180,54,1,1014,116,0,0,0,0,0,0,0,0,2
181,181,55,1,1030,116,0,0,0,0,0,0,0,0,2
182,182,56,1,1046,116,0,0,0,0,0,0,0,0,3
183,183,57,1,1062,116,0,0,0,0,0,0,0,0,4
184,184,58,1,1078,116,0,0,0,0,0,0,0,0,4
185,185,59,1,1094,116,0,0,0,0,0,0,0,0,4
186,186,60,1,1110,116,0,0,0,0,0,0,0,0,4
187,187,61,1,1126,116,0,0,0,0,0,0,0,0,4
188,188,62,1,1142,116,0,0,0,0,0,0,0,0,4
189,189,63,1,1158,116,0,0,0,0,0,0,0,0,4
190,190,64,1,1174,116,0,0,0,0,0,0,0,0,4
191,191,65,1,1190,116,0,0,0,0,0,0,0,0,4
192,192,66,1,1206,116,0,0,0,0,0,0,0,0,4
193,193,67,1,1222,116,0,0,0,0,0,0,0,0,4
194,194,68,1,1238,116,0,0,0,0,0,0,0,0,4
195,195,69,1,1254,116,0,0,0,0,0,0,0,0,5
196,196,70,1,1270,116,0,0,0,0,0,0,0,0,5
197,197,71,1,1286,116,0,0,0,0,0,0,0,0,5
198,198,72,1,1302,116,0,0,0,0,0,0,0,0,5
199,199,73,1,1318,116,0,0,0,0,0,0,0,0,5
200,200,74,1,1334,116,0,0,0,0,0,0,0,0,5
201,201,75,1,1350,116,0,0,0,0,0,0,0,0,5
202,202,76,1,1366,116,0,0,0,0,0,0,0,0,5
203,203,77,1,1382,116,0,0,0,0,0,0,0,0,5
204,204,78,1,1398,116,0,0,0,0,0,0,0,0,5
205,205,79,1,1414,116,0,0,0,0,0,0,0,0,5
206,206,80,1,1430,116,0,0,0,0,0,0,0,0,5
207,207,81,1,1446,116,0,0,0,0,0,0,0,0,5
208,208,82,1,1462,116,0,0,0,0,0,0,0,0,5
209,209,83,1,1478,116,0,0,0,0,0,0,0,0,5
210,210,84,1,1494,116,0,0,0,0,0,0,0,0,5
211,211,85,1,1510,116,0,0,0,0,0,0,0,0,5
212,212,86,1,1526,116,0,0,0,0,0,0,0,0,5
213,213,87,1,1542,116,0,0,0,0,0,0,0,0,5
214,214,88,1,1558,116,0,0,0,0,0,0,0,0,6
215,215,89,1,1574,116,0,0,0,0,0,0,0,0,6
216,216,90,1,1590,116,0,0,0,0,0,0,0,0,6
217,217,91,1,1606,116,0,0,0,0,0,0,0,0,6
218,218,92,1,1622,116,0,0,0,0,0,0,0,0,6
219,219,93,1,1638,116,0,0,0,0,0,0,0,0,6
220,220,94,1,1654,116,0,0,0,0,0,0,0,0,6
221,221,95,1,1670,116,0,0,0,0,0,0,0,0,6
222,222,96,1,1686,116,0,0,0,0,0,0,0,0,6
223,223,97,1,1702,116,0,0,0,0,0,0,0,0,6
224,224,98,1,1718,116,0,0,0,0,0,0,0,0,6
225,225,99,1,1734,116,0,0,0,0,0,0,0,0,6
226,226,100,1,1750,116,0,0,0,0,0,0,0,0,7
227,227,101,1,1766,116,0,0,0,0,0,0,0,0,7
228,228,102,1,1782,116,0,0,0,0,0,0,0,0,7
229,229,103,1,1798,116,0,0,0,0,0,0,0,0,7
230,230,104,1,1814,116,0,0,0,0,0,0,0,0,7
231,231,105,1,1830,116,0,0,0,0,0,0,0,0,7
232,232,106,1,1846,116,0,0,0,0,0,0,0,0,7
233,233,107,1,1862,116,0,0,0,0,0,0,0,0,8
234,234,108,1,1878,116,0,0,0,0,0,0,0,0,8
235,235,109,1,1894,116,0,0,0,0,0,0,0,0,8
236,236,110,1,1910,116,0,0,0,0,0,0,0,0,8
237,237,111,1,1926,116,0,0,0,0,0,0,0,0,8
238,238,112,1,1942,116,0,0,0,0,0,0,0,0,8
239,239,113,1,1958,116,0,0,0,0,0,0,0,0,8
240,240,114,1,1974,116,0,0,0,0,0,0,0,0,8
241,241,115,1,1990,116,0,0,0,0,0,0,0,0,8
242,242,116,1,2006,116,0,0,0,0,0,0,0,0,8
243,243,117,1,2022,116,0,0,0,0,0,0,0,0,8
244,244,118,1,2038,116,0,0,0,0,0,0,0,0,8
245,245,119,1,2054,116,0,0,0,0,0,0,0,0,8
246,246,120,1,2070,116,0,0,0,0,0,0,0,0,8
247,247,121,1,2086,116,0,0,0,0,0,0,0,0,8
248,248,122,1,2102,116,0,0,0,0,0,0,0,0,8
249,249,123,1,2118,116,0,0,0,0,0,0,0,0,8
250,250,124,1,2134,116,0,0,0,0,0,0,0,0,1
251,251,0,2,150,132,0,0,0,0,0,0,0,0,1
252,252,1,2,166,132,0,0,0,0,0,0,0,0,1
253,253,2,2,182,132,0,0,0,0,0,0,0,0,1
254,254,3,2,198,132,0,0,0,0,0,0,0,0,1
255,255,4,2,214,132,0,0,0,0,0,0,0,0,1
256,256,5,2,230,132,0,0,0,0,0,0,0,0,1
257,257,6,2,246,132,0,0,0,0,0,0,0,0,1
258,258,7,2,262,132,0,0,0,0,0,0,0,0,1
259,259,8,2,278,132,0,0,0,0,0,0,0,0,1
260,260,9,2,294,132,0,0,0,0,0,0,0,0,1
261,261,10,2,310,132,0,0,0,0,0,0,0,0,1
262,262,11,2,326,132,0,0,0,0,0,0,0,0,1
263,263,12,2,342,132,0,0,0,0,0,0,0,0,1
264,264,13,2,358,132,0,0,0,0,0,0,0,0,1
265,265,14,2,374,132,0,0,0,0,0,0,0,0,1
266,266,15,2,390,132,0,0,0,0,0,0,0,0,1
267,267,16,2,406,132,0,0,0,0,0,0,0,0,1
268,268,17,2,422,132,0,0,0,0,0,0,0,0,1
269,269,18,2,438,132,0,0,0,0,0,0,0,0,1
270,270,19,2,454,132,0,0,0,0,0,0,0,0,1
271,271,20,2,470,132,0,0,0,0,0,0,0,0,1
272,272,21,2,486,132,0,0,0,0,0,0,0,0,1
273,273,22,2,502,132,0,0,0,0,0,0,0,0,1
274,274,23,2,518,132,0,0,0,0,0,0,0,0,1
275,275,24,2,534,132,0,0,0,0,0,0,0,0,1
276,276,25,2,550,132,0,0,0,0,0,0,0,0,9
277,277,26,2,566,132,0,0,0,0,0,0,0,0,9
278,278,27,2,582,132,0,0,0,0,0,0,0,0,9
279,279,28,2,598,132,0,0,0,0,0,0,0,0,2
280,280,29,2,614,132,0,0,0,0,0,0,0,0,2
281,281,30,2,630,132,0,0,0,0,0,0,0,0,2
282,282,31,2,646,132,0,0,0,0,0,0,0,0,2
283,283,32,2,662,132,0,0,0,0,0,0,0,0,2
284,284,33,2,678,132,0,0,0,0,0,0,0,0,2
285,285,34,2,694,132,0,0,0,0,0,0,0,0,2
286,286,35,2,710,132,0,0,0,0,0,0,0,0,2
287,287,36,2,726,132,0,0,0,0,0,0,0,0,2
288,288,37,2,742,132,0,0,0,0,0,0,0,0,2
289,289,38,2,758,132,0,0,0,0,0,0,0,0,2
290,290,39,2,774,132,0,0,0,0,0,0,0,0,2
291,291,40,2,790,132,0,0,0,0,0,0,0,0,2
292,292,41,2,806,132,0,0,0,0,0,0,0,0,2
293,293,42,2,822,132,0,0,0,0,0,0,0,0,2
294,294,43,2,838,132,0,0,0,0,0,0,0,0,2
295,295,44,2,854,132,0,0,0,0,0,0,0,0,2
296,296,45,2,870,132,0,0,0,0,0,0,0,0,2
297,297,46,2,886,132,0,0,0,0,0,0,0,0,2
298,298,47,2,902,132,0,0,0,0,0,0,0,0,2
299,299,48,2,918,132,0,0,0,0,0,0,0,0,2
300,300,49,2,934,132,0,0,0,0,0,0,0,0,2
301,301,50,2,950,132,0,0,0,0,0,0,0,0,2
302,302,51,2,966,132,0,0,0,0,0,0,0,0,2
303,303,52,2,982,132,0,0,0,0,0,0,0,0,2
304,304,53,2,998,132,0,0,0,0,0,0,0,0,2
305,305,54,2,1014,132,0,0,0,0,0,0,0,0,2
306,306,55,2,1030,132,0,0,0,0,0,0,0,0,2
307,307,56,2,1046,132,0,0,0,0,0,0,0,0,2
308,308,57,2,1062,132,0,0,0,0,0,0,0,0,2
309,309,58,2,1078,132,0,0,0,0,0,0,0,0,4
310,310,59,2,1094,132,0,0,0,0,0,0,0,0,4
311,311,60,2,1110,132,0,0,0,0,0,0,0,0,4
312,312,61,2,1126,132,0,0,0,0,0,0,0,0,4
313,313,62,2,1142,132,0,0,0,0,0,0,0,0,4
314,314,63,2,1158,132,0,0,0,0,0,0,0,0,4
315,315,64,2,1174,132,0,0,0,0,0,0,0,0,4
316,316,65,2,1190,132,0,0,0,0,0,0,0,0,4
317,317,66,2,1206,132,0,0,0,0,0,0,0,0,4
318,318,67,2,1222,132,0,0,0,0,0,0,0,0,4
319,319,68,2,1238,132,0,0,0,0,0,0,0,0,4
320,320,69,2,1254,132,0,0,0,0,0,0,0,0,5
321,321,70,2,1270,132,0,0,0,0,0,0,0,0,5
322,322,71,2,1286,132,0,0,0,0,0,0,0,0,5
323,323,72,2,1302,132,0,0,0,0,0,0,0,0,5
324,324,73,2,1318,132,0,0,0,0,0,0,0,0,5
325,325,74,2,1334,132,0,0,0,0,0,0,0,0,5
326,326,75,2,1350,132,0,0,0,0,0,0,0,0,5
327,327,76,2,1366,132,0,0,0,0,0,0,0,0,5
328,328,77,2,1382,132,0,0,0,0,0,0,0,0,5
329,329,78,2,1398,132,0,0,0,0,0,0,0,0,5
330,330,79,2,1414,132,0,0,0,0,0,0,0,0,5
331,331,80,2,1430,132,0,0,0,0,0,0,0,0,5
332,332,81,2,1446,132,0,0,0,0,0,0,0,0,5
333,333,82,2,1462,132,0,0,0,0,0,0,0,0,5
334,334,83,2,1478,132,0,0,0,0,0,0,0,0,5
335,335,84,2,1494,132,0,0,0,0,0,0,0,0,5
336,336,85,2,1510,132,0,0,0,0,0,0,0,0,5
337,337,86,2,1526,132,0,0,0,0,0,0,0,0,5
338,338,87,2,1542,132,0,0,0,0,0,0,0,0,5
339,339,88,2,1558,132,0,0,0,0,0,0,0,0,5
340,340,89,2,1574,132,0,0,0,0,0,0,0,0,6
341,341,90,2,1590,132,0,0,0,0,0,0,0,0,6
342,342,91,2,1606,132,0,0,0,0,0,0,0,0,6
343,343,92,2,1622,132,0,0,0,0,0,0,0,0,6
344,344,93,2,1638,132,0,0,0,0,0,0,0,0,6
345,345,94,2,1654,132,0,0,0,0,0,0,0,0,6
346,346,95,2,1670,132,0,0,0,0,0,0,0,0,6
347,347,96,2,1686,132,0,0,0,0,0,0,0,0,6
348,348,97,2,1702,132,0,0,0,0,0,0,0,0,6
349,349,98,2,1718,132,0,0,0,0,0,0,0,0,6
350,350,99,2,1734,132,0,0,0,0,0,0,0,0,6
351,351,100,2,1750,132,0,0,0,0,0,0,0,0,7
352,352,101,2,1766,132,0,0,0,0,0,0,0,0,7
353,353,102,2,1782,132,0,0,0,0,0,0,0,0,7
354,354,103,2,1798,132,0,0,0,0,0,0,0,0,7
355,355,104,2,1814,132,0,0,0,0,0,0,0,0,7
356,356,105,2,1830,132,0,0,0,0,0,0,0,0,7
357,357,106,2,1846,132,0,0,0,0,0,0,0,0,8
358,358,107,2,1862,132,0,0,0,0,0,0,0,0,8
359,359,108,2,1878,132,0,0,0,0,0,0,0,0,8
360,360,109,2,1894,132,0,0,0,0,0,0,0,0,8
361,361,110,2,1910,132,0,0,0,0,0,0,0,0,8
362,362,111,2,1926,132,0,0,0,0,0,0,0,0,8
363,363,112,2,1942,132,0,0,0,0,0,0,0,0,8
364,364,113,2,1958,132,0,0,0,0,0,0,0,0,8
365,365,114,2,1974,132,0,0,0,0,0,0,0,0,8
366,366,115,2,1990,132,0,0,0,0,0,0,0,0,8
367,367,116,2,2006,132,0,0,0,0,0,0,0,0,8
368,368,117,2,2022,132,0,0,0,0,0,0,0,0,8
369,369,118,2,2038,132,0,0,0,0,0,0,0,0,8
370,370,119,2,2054,132,0,0,0,0,0,0,0,0,8
371,371,120,2,2070,132,0,0,0,0,0,0,0,0,8
372,372,121,2,2086,132,0,0,0,0,0,0,0,0,8
373,373,122,2,2102,132,0,0,0,0,0,0,0,0,8
374,374,123,2,2118,132,0,0,0,0,0,0,0,0,8
375,375,124,2,2134,132,0,0,0,0,0,0,0,0,1
376,376,0,3,150,148,0,0,0,0,0,0,0,0,1
377,377,1,3,166,148,0,0,0,0,0,0,0,0,1
378,378,2,3,182,148,0,0,0,0,0,0,0,0,1
379,379,3,3,198,148,0,0,0,0,0,0,0,0,1
380,380,4,3,214,148,0,0,0,0,0,0,0,0,1
381,381,5,3,230,148,0,0,0,0,0,0,0,0,1
382,382,6,3,246,148,0,0,0,0,0,0,0,0,1
383,383,7,3,262,148,0,0,0,0,0,0,0,0,1
384,384,8,3,278,148,0,0,0,0,0,0,0,0,1
385,385,9,3,294,148,0,0,0,0,0,0,0,0,1
386,386,10,3,310,148,0,0,0,0,0,0,0,0,1
387,387,11,3,326,148,0,0,0,0,0,0,0,0,1
388,388,12,3,342,148,0,0,0,0,0,0,0,0,1
389,389,13,3,358,148,0,0,0,0,0,0,0,0,1
390,390,14,3,374,148,0,0,0,0,0,0,0,0,1
391,391,15,3,390,148,0,0,0,0,0,0,0,0,1
392,392,16,3,406,148,0,0,0,0,0,0,0,0,1
393,393,17,3,422,148,0,0,0,0,0,0,0,0,1
394,394,18,3,438,148,0,0,0,0,0,0,0,0,1
395,395,19,3,454,148,0,0,0,0,0,0,0,0,1
396,396,20,3,470,148,0,0,0,0,0,0,0,0,1
397,397,21,3,486,148,0,0,0,0,0,0,0,0,1
398,398,22,3,502,148,0,0,0,0,0,0,0,0,1
399,399,23,3,518,148,0,0,0,0,0,0,0,0,9
400,400,24,3,534,148,0,0,0,0,0,0,0,0,9
401,401,25,3,550,148,0,0,0,0,0,0,0,0,9
402,402,26,3,566,148,0,0,0,0,0,0,0,0,9
403,403,27,3,582,148,0,0,0,0,0,0,0,0,9
404,404,28,3,598,148,0,0,0,0,0,0,0,0,2
405,405,29,3,614,148,0,0,0,0,0,0,0,0,2
406,406,30,3,630,148,0,0,0,0,0,0,0,0,2
407,407,31,3,646,148,0,0,0,0,0,0,0,0,2
408,408,32,3,662,148,0,0,0,0,0,0,0,0,2
409,409,33,3,678,148,0,0,0,0,0,0,0,0,2
410,410,34,3,694,148,0,0,0,0,0,0,0,0,2
411,411,35,3,710,148,0,0,0,0,0,0,0,0,2
412,412,36,3,726,148,0,0,0,0,0,0,0,0,2
413,413,37,3,742,148,0,0,0,0,0,0,0,0,2
414,414,38,3,758,148,0,0,0,0,0,0,0,0,2
415,415,39,3,774,148,0,0,0,0,0,0,0,0,2
416,416,40,3,790,148,0,0,0,0,0,0,0,0,2
417,417,41,3,806,148,0,0,0,0,0,0,0,0,2
418,418,42,3,822,148,0,0,0,0,0,0,0,0,2
419,419,43,3,838,148,0,0,0,0,0,0,0,0,2
420,420,44,3,854,148,0,0,0,0,0,0,0,0,2
421,421,45,3,870,148,0,0,0,0,0,0,0,0,2
422,422,46,3,886,148,0,0,0,0,0,0,0,0,2
423,423,47,3,902,148,0,0,0,0,0,0,0,0,2
424,424,48,3,918,148,0,0,0,0,0,0,0,0,2
425,425,49,3,934,148,0,0,0,0,0,0,0,0,2
426,426,50,3,950,148,0,0,0,0,0,0,0,0,2
427,427,51,3,966,148,0,0,0,0,0,0,0,0,2
428,428,52,3,982,148,0,0,0,0,0,0,0,0,2
429,429,53,3,998,148,0,0,0,0,0,0,0,0,2
430,430,54,3,1014,148,0,0,0,0,0,0,0,0,2
431,431,55,3,1030,148,0,0,0,0,0,0,0,0,2
432,432,56,3,1046,148,0,0,0,0,0,0,0,0,2
433,433,57,3,1062,148,0,0,0,0,0,0,0,0,2
434,434,58,3,1078,148,0,0,0,0,0,0,0,0,2
435,435,59,3,1094,148,0,0,0,0,0,0,0,0,4
436,436,60,3,1110,148,0,0,0,0,0,0,0,0,4
437,437,61,3,1126,148,0,0,0,0,0,0,0,0,4
438,438,62,3,1142,148,0,0,0,0,0,0,0,0,4
439,439,63,3,1158,148,0,0,0,0,0,0,0,0,4
440,440,64,3,1174,148,0,0,0,0,0,0,0,0,4
441,441,65,3,1190,148,0,0,0,0,0,0,0,0,4
442,442,66,3,1206,148,0,0,0,0,0,0,0,0,4
443,443,67,3,1222,148,0,0,0,0,0,0,0,0,5
444,444,68,3,1238,148,0,0,0,0,0,0,0,0,5
445,445,69,3,1254,148,0,0,0,0,0,0,0,0,5
446,446,70,3,1270,148,0,0,0,0,0,0,0,0,5
447,447,71,3,1286,148,0,0,0,0,0,0,0,0,5
448,448,72,3,1302,148,0,0,0,0,0,0,0,0,5
449,449,73,3,1318,148,0,0,0,0,0,0,0,0,5
450,450,74,3,1334,148,0,0,0,0,0,0,0,0,5
451,451,75,3,1350,148,0,0,0,0,0,0,0,0,5
452,452,76,3,1366,148,0,0,0,0,0,0,0,0,5
453,453,77,3,1382,148,0,0,0,0,0,0,0,0,5
454,454,78,3,1398,148,0,0,0,0,0,0,0,0,5
455,455,79,3,1414,148,0,0,0,0,0,0,0,0,5
456,456,80,3,1430,148,0,0,0,0,0,0,0,0,5
457,457,81,3,1446,148,0,0,0,0,0,0,0,0,5
458,458,82,3,1462,148,0,0,0,0,0,0,0,0,5
459,459,83,3,1478,148,0,0,0,0,0,0,0,0,5
460,460,84,3,1494,148,0,0,0,0,0,0,0,0,5
461,461,85,3,1510,148,0,0,0,0,0,0,0,0,5
462,462,86,3,1526,148,0,0,0,0,0,0,0,0,5
463,463,87,3,1542,148,0,0,0,0,0,0,0,0,5
464,464,88,3,1558,148,0,0,0,0,0,0,0,0,5
465,465,89,3,1574,148,0,0,0,0,0,0,0,0,6
466,466,90,3,1590,148,0,0,0,0,0,0,0,0,6
467,467,91,3,1606,148,0,0,0,0,0,0,0,0,6
468,468,92,3,1622,148,0,0,0,0,0,0,0,0,6
469,469,93,3,1638,148,0,0,0,0,0,0,0,0,6
470,470,94,3,1654,148,0,0,0,0,0,0,0,0,6
471,471,95,3,1670,148,0,0,0,0,0,0,0,0,6
472,472,96,3,1686,148,0,0,0,0,0,0,0,0,6
473,473,97,3,1702,148,0,0,0,0,0,0,0,0,6
474,474,98,3,1718,148,0,0,0,0,0,0,0,0,6
475,475,99,3,1734,148,0,0,0,0,0,0,0,0,6
476,476,100,3,1750,148,0,0,0,0,0,0,0,0,7
477,477,101,3,1766,148,0,0,0,0,0,0,0,0,7
478,478,102,3,1782,148,0,0,0,0,0,0,0,0,7
479,479,103,3,1798,148,0,0,0,0,0,0,0,0,7
480,480,104,3,1814,148,0,0,0,0,0,0,0,0,7
481,481,105,3,1830,148,0,0,0,0,0,0,0,0,7
482,482,106,3,1846,148,0,0,0,0,0,0,0,0,8
483,483,107,3,1862,148,0,0,0,0,0,0,0,0,8
484,484,108,3,1878,148,0,0,0,0,0,0,0,0,8
485,485,109,3,1894,148,0,0,0,0,0,0,0,0,8
486,486,110,3,1910,148,0,0,0,0,0,0,0,0,8
487,487,111,3,1926,148,0,0,0,0,0,0,0,0,8
488,488,112,3,1942,148,0,0,0,0,0,0,0,0,8
489,489,113,3,1958,148,0,0,0,0,0,0,0,0,8
490,490,114,3,1974,148,0,0,0,0,0,0,0,0,8
491,491,115,3,1990,148,0,0,0,0,0,0,0,0,8
492,492,116,3,2006,148,0,0,0,0,0,0,0,0,8
493,493,117,3,2022,148,0,0,0,0,0,0,0,0,8
494,494,118,3,2038,148,0,0,0,0,0,0,0,0,8
495,495,119,3,2054,148,0,0,0,0,0,0,0,0,8
496,496,120,3,2070,148,0,0,0,0,0,0,0,0,8
497,497,121,3,2086,148,0,0,0,0,0,0,0,0,8
498,498,122,3,2102,148,0,0,0,0,0,0,0,0,8
499,499,123,3,2118,148,0,0,0,0,0,0,0,0,8
500,500,124,3,2134,148,0,0,0,0,0,0,0,0,1
501,501,0,4,150,164,0,0,0,0,0,0,0,0,1
502,502,1,4,166,164,0,0,0,0,0,0,0,0,1
503,503,2,4,182,164,0,0,0,0,0,0,0,0,1
504,504,3,4,198,164,0,0,0,0,0,0,0,0,1
505,505,4,4,214,164,0,0,0,0,0,0,0,0,1
506,506,5,4,230,164,0,0,0,0,0,0,0,0,1
507,507,6,4,246,164,0,0,0,0,0,0,0,0,1
508,508,7,4,262,164,0,0,0,0,0,0,0,0,1
509,509,8,4,278,164,0,0,0,0,0,0,0,0,1
510,510,9,4,294,164,0,0,0,0,0,0,0,0,1
511,511,10,4,310,164,0,0,0,0,0,0,0,0,1
512,512,11,4,326,164,0,0,0,0,0,0,0,0,1
513,513,12,4,342,164,0,0,0,0,0,0,0,0,1
514,514,13,4,358,164,0,0,0,0,0,0,0,0,1
515,515,14,4,374,164,0,0,0,0,0,0,0,0,1
516,516,15,4,390,164,0,0,0,0,0,0,0,0,1
517,517,16,4,406,164,0,0,0,0,0,0,0,0,1
518,518,17,4,422,164,0,0,0,0,0,0,0,0,1
519,519,18,4,438,164,0,0,0,0,0,0,0,0,1
520,520,19,4,454,164,0,0,0,0,0,0,0,0,1
521,521,20,4,470,164,0,0,0,0,0,0,0,0,1
522,522,21,4,486,164,0,0,0,0,0,0,0,0,1
523,523,22,4,502,164,0,0,0,0,0,0,0,0,1
524,524,23,4,518,164,0,0,0,0,0,0,0,0,9
525,525,24,4,534,164,0,0,0,0,0,0,0,0,9
526,526,25,4,550,164,0,0,0,0,0,0,0,0,9
527,527,26,4,566,164,0,0,0,0,0,0,0,0,9
528,528,27,4,582,164,0,0,0,0,0,0,0,0,9
529,529,28,4,598,164,0,0,0,0,0,0,0,0,9
530,530,29,4,614,164,0,0,0,0,0,0,0,0,2
531,531,30,4,630,164,0,0,0,0,0,0,0,0,2
532,532,31,4,646,164,0,0,0,0,0,0,0,0,2
533,533,32,4,662,164,0,0,0,0,0,0,0,0,2
534,534,33,4,678,164,0,0,0,0,0,0,0,0,2
535,535,34,4,694,164,0,0,0,0,0,0,0,0,2
536,536,35,4,710,164,0,0,0,0,0,0,0,0,2
537,537,36,4,726,164,0,0,0,0,0,0,0,0,2
538,538,37,4,742,164,0,0,0,0,0,0,0,0,2
539,539,38,4,758,164,0,0,0,0,0,0,0,0,2
540,540,39,4,774,164,0,0,0,0,0,0,0,0,2
541,541,40,4,790,164,0,0,0,0,0,0,0,0,2
542,542,41,4,806,164,0,0,0,0,0,0,0,0,2
543,543,42,4,822,164,0,0,0,0,0,0,0,0,2
544,544,43,4,838,164,0,0,0,0,0,0,0,0,2
545,545,44,4,854,164,0,0,0,0,0,0,0,0,2
546,546,45,4,870,164,0,0,0,0,0,0,0,0,2
547,547,46,4,886,164,0,0,0,0,0,0,0,0,2
548,548,47,4,902,164,0,0,0,0,0,0,0,0,2
549,549,48,4,918,164,0,0,0,0,0,0,0,0,2
550,550,49,4,934,164,0,0,0,0,0,0,0,0,2
551,551,50,4,950,164,0,0,0,0,0,0,0,0,2
552,552,51,4,966,164,0,0,0,0,0,0,0,0,2
553,553,52,4,982,164,0,0,0,0,0,0,0,0,2
554,554,53,4,998,164,0,0,0,0,0,0,0,0,2
555,555,54,4,1014,164,0,0,0,0,0,0,0,0,2
556,556,55,4,1030,164,0,0,0,0,0,0,0,0,2
557,557,56,4,1046,164,0,0,0,0,0,0,0,0,2
558,558,57,4,1062,164,0,0,0,0,0,0,0,0,2
559,559,58,4,1078,164,0,0,0,0,0,0,0,0,2
560,560,59,4,1094,164,0,0,0,0,0,0,0,0,2
561,561,60,4,1110,164,0,0,0,0,0,0,0,0,4
562,562,61,4,1126,164,0,0,0,0,0,0,0,0,4
563,563,62,4,1142,164,0,0,0,0,0,0,0,0,4
564,564,63,4,1158,164,0,0,0,0,0,0,0,0,4
565,565,64,4,1174,164,0,0,0,0,0,0,0,0,5
566,566,65,4,1190,164,0,0,0,0,0,0,0,0,5
567,567,66,4,1206,164,0,0,0,0,0,0,0,0,5
568,568,67,4,1222,164,0,0,0,0,0,0,0,0,5
569,569,68,4,1238,164,0,0,0,0,0,0,0,0,5
570,570,69,4,1254,164,0,0,0,0,0,0,0,0,5
571,571,70,4,1270,164,0,0,0,0,0,0,0,0,5
572,572,71,4,1286,164,0,0,0,0,0,0,0,0,5
573,573,72,4,1302,164,0,0,0,0,0,0,0,0,5
574,574,73,4,1318,164,0,0,0,0,0,0,0,0,5
575,575,74,4,1334,164,0,0,0,0,0,0,0,0,5
576,576,75,4,1350,164,0,0,0,0,0,0,0,0,5
577,577,76,4,1366,164,0,0,0,0,0,0,0,0,5
578,578,77,4,1382,164,0,0,0,0,0,0,0,0,5
579,579,78,4,1398,164,0,0,0,0,0,0,0,0,5
580,580,79,4,1414,164,0,0,0,0,0,0,0,0,5
581,581,80,4,1430,164,0,0,0,0,0,0,0,0,5
582,582,81,4,1446,164,0,0,0,0,0,0,0,0,5
583,583,82,4,1462,164,0,0,0,0,0,0,0,0,5
584,584,83,4,1478,164,0,0,0,0,0,0,0,0,5
585,585,84,4,1494,164,0,0,0,0,0,0,0,0,5
586,586,85,4,1510,164,0,0,0,0,0,0,0,0,5
587,587,86,4,1526,164,0,0,0,0,0,0,0,0,5
588,588,87,4,1542,164,0,0,0,0,0,0,0,0,5
589,589,88,4,1558,164,0,0,0,0,0,0,0,0,5
590,590,89,4,1574,164,0,0,0,0,0,0,0,0,5
591,591,90,4,1590,164,0,0,0,0,0,0,0,0,6
592,592,91,4,1606,164,0,0,0,0,0,0,0,0,6
593,593,92,4,1622,164,0,0,0,0,0,0,0,0,6
594,594,93,4,1638,164,0,0,0,0,0,0,0,0,6
595,595,94,4,1654,164,0,0,0,0,0,0,0,0,6
596,596,95,4,1670,164,0,0,0,0,0,0,0,0,6
597,597,96,4,1686,164,0,0,0,0,0,0,0,0,6
598,598,97,4,1702,164,0,0,0,0,0,0,0,0,6
599,599,98,4,1718,164,0,0,0,0,0,0,0,0,6
600,600,99,4,1734,164,0,0,0,0,0,0,0,0,6
601,601,100,4,1750,164,0,0,0,0,0,0,0,0,7
602,602,101,4,1766,164,0,0,0,0,0,0,0,0,7
603,603,102,4,1782,164,0,0,0,0,0,0,0,0,7
604,604,103,4,1798,164,0,0,0,0,0,0,0,0,7
605,605,104,4,1814,164,0,0,0,0,0,0,0,0,7
606,606,105,4,1830,164,0,0,0,0,0,0,0,0,7
607,607,106,4,1846,164,0,0,0,0,0,0,0,0,10
608,608,107,4,1862,164,0,0,0,0,0,0,0,0,10
609,609,108,4,1878,164,0,0,0,0,0,0,0,0,10
610,610,109,4,1894,164,0,0,0,0,0,0,0,0,8
611,611,110,4,1910,164,0,0,0,0,0,0,0,0,8
612,612,111,4,1926,164,0,0,0,0,0,0,0,0,8
613,613,112,4,1942,164,0,0,0,0,0,0,0,0,8
614,614,113,4,1958,164,0,0,0,0,0,0,0,0,8
615,615,114,4,1974,164,0,0,0,0,0,0,0,0,8
616,616,115,4,1990,164,0,0,0,0,0,0,0,0,8
617,617,116,4,2006,164,0,0,0,0,0,0,0,0,8
618,618,117,4,2022,164,0,0,0,0,0,0,0,0,8
619,619,118,4,2038,164,0,0,0,0,0,0,0,0,8
620,620,119,4,2054,164,0,0,0,0,0,0,0,0,8
621,621,120,4,2070,164,0,0,0,0,0,0,0,0,8
622,622,121,4,2086,164,0,0,0,0,0,0,0,0,8
623,623,122,4,2102,164,0,0,0,0,0,0,0,0,8
624,624,123,4,2118,164,0,0,0,0,0,0,0,0,8
625,625,124,4,2134,164,0,0,0,0,0,0,0,0,1
626,626,0,5,150,180,0,0,0,0,0,0,0,0,1
627,627,1,5,166,180,0,0,0,0,0,0,0,0,1
628,628,2,5,182,180,0,0,0,0,0,0,0,0,1
629,629,3,5,198,180,0,0,0,0,0,0,0,0,1
630,630,4,5,214,180,0,0,0,0,0,0,0,0,1
631,631,5,5,230,180,0,0,0,0,0,0,0,0,1
632,632,6,5,246,180,0,0,0,0,0,0,0,0,1
633,633,7,5,262,180,0,0,0,0,0,0,0,0,1
634,634,8,5,278,180,0,0,0,0,0,0,0,0,1
635,635,9,5,294,180,0,0,0,0,0,0,0,0,1
636,636,10,5,310,180,0,0,0,0,0,0,0,0,1
637,637,11,5,326,180,0,0,0,0,0,0,0,0,1
638,638,12,5,342,180,0,0,0,0,0,0,0,0,1
639,639,13,5,358,180,0,0,0,0,0,0,0,0,1
640,640,14,5,374,180,0,0,0,0,0,0,0,0,1
641,641,15,5,390,180,0,0,0,0,0,0,0,0,1
642,642,16,5,406,180,0,0,0,0,0,0,0,0,1
643,643,17,5,422,180,0,0,0,0,0,0,0,0,1
644,644,18,5,438,180,0,0,0,0,0,0,0,0,1
645,645,19,5,454,180,0,0,0,0,0,0,0,0,1
646,646,20,5,470,180,0,0,0,0,0,0,0,0,9
647,647,21,5,486,180,0,0,0,0,0,0,0,0,9
648,648,22,5,502,180,0,0,0,0,0,0,0,0,9
649,649,23,5,518,180,0,0,0,0,0,0,0,0,9
650,650,24,5,534,180,0,0,0,0,0,0,0,0,9
651,651,25,5,550,180,0,0,0,0,0,0,0,0,9
652,652,26,5,566,180,0,0,0,0,0,0,0,0,9
653,653,27,5,582,180,0,0,0,0,0,0,0,0,9
654,654,28,5,598,180,0,0,0,0,0,0,0,0,9
655,655,29,5,614,180,0,0,0,0,0,0,0,0,2
656,656,30,5,630,180,0,0,0,0,0,0,0,0,2
657,657,31,5,646,180,0,0,0,0,0,0,0,0,2
658,658,32,5,662,180,0,0,0,0,0,0,0,0,2
659,659,33,5,678,180,0,0,0,0,0,0,0,0,2
660,660,34,5,694,180,0,0,0,0,0,0,0,0,2
661,661,35,5,710,180,0,0,0,0,0,0,0,0,2
662,662,36,5,726,180,0,0,0,0,0,0,0,0,2
663,663,37,5,742,180,0,0,0,0,0,0,0,0,2
664,664,38,5,758,180,0,0,0,0,0,0,0,0,2
665,665,39,5,774,180,0,0,0,0,0,0,0,0,2
666,666,40,5,790,180,0,0,0,0,0,0,0,0,2
667,667,41,5,806,180,0,0,0,0,0,0,0,0,2
668,668,42,5,822,180,0,0,0,0,0,0,0,0,2
669,669,43,5,838,180,0,0,0,0,0,0,0,0,2
670,670,44,5,854,180,0,0,0,0,0,0,0,0,2
671,671,45,5,870,180,0,0,0,0,0,0,0,0,2
672,672,46,5,886,180,0,0,0,0,0,0,0,0,2
673,673,47,5,902,180,0,0,0,0,0,0,0,0,2
674,674,48,5,918,180,0,0,0,0,0,0,0,0,2
675,675,49,5,934,180,0,0,0,0,0,0,0,0,2
676,676,50,5,950,180,0,0,0,0,0,0,0,0,2
677,677,51,5,966,180,0,0,0,0,0,0,0,0,2
678,678,52,5,982,180,0,0,0,0,0,0,0,0,2
679,679,53,5,998,180,0,0,0,0,0,0,0,0,2
680,680,54,5,1014,180,0,0,0,0,0,0,0,0,2
681,681,55,5,1030,180,0,0,0,0,0,0,0,0,2
682,682,56,5,1046,180,0,0,0,0,0,0,0,0,2
683,683,57,5,1062,180,0,0,0,0,0,0,0,0,2
684,684,58,5,1078,180,0,0,0,0,0,0,0,0,2
685,685,59,5,1094,180,0,0,0,0,0,0,0,0,2
686,686,60,5,1110,180,0,0,0,0,0,0,0,0,4
687,687,61,5,1126,180,0,0,0,0,0,0,0,0,5
688,688,62,5,1142,180,0,0,0,0,0,0,0,0,5
689,689,63,5,1158,180,0,0,0,0,0,0,0,0,5
690,690,64,5,1174,180,0,0,0,0,0,0,0,0,5
691,691,65,5,1190,180,0,0,0,0,0,0,0,0,5
692,692,66,5,1206,180,0,0,0,0,0,0,0,0,5
693,693,67,5,1222,180,0,0,0,0,0,0,0,0,5
694,694,68,5,1238,180,0,0,0,0,0,0,0,0,5
695,695,69,5,1254,180,0,0,0,0,0,0,0,0,5
696,696,70,5,1270,180,0,0,0,0,0,0,0,0,5
697,697,71,5,1286,180,0,0,0,0,0,0,0,0,5
698,698,72,5,1302,180,0,0,0,0,0,0,0,0,5
699,699,73,5,1318,180,0,0,0,0,0,0,0,0,5
700,700,74,5,1334,180,0,0,0,0,0,0,0,0,5
701,701,75,5,1350,180,0,0,0,0,0,0,0,0,5
702,702,76,5,1366,180,0,0,0,0,0,0,0,0,5
703,703,77,5,1382,180,0,0,0,0,0,0,0,0,5
704,704,78,5,1398,180,0,0,0,0,0,0,0,0,5
705,705,79,5,1414,180,0,0,0,0,0,0,0,0,5
706,706,80,5,1430,180,0,0,0,0,0,0,0,0,5
707,707,81,5,1446,180,0,0,0,0,0,0,0,0,5
708,708,82,5,1462,180,0,0,0,0,0,0,0,0,5
709,709,83,5,1478,180,0,0,0,0,0,0,0,0,5
710,710,84,5,1494,180,0,0,0,0,0,0,0,0,5
711,711,85,5,1510,180,0,0,0,0,0,0,0,0,5
712,712,86,5,1526,180,0,0,0,0,0,0,0,0,5
713,713,87,5,1542,180,0,0,0,0,0,0,0,0,5
714,714,88,5,1558,180,0,0,0,0,0,0,0,0,5
715,715,89,5,1574,180,0,0,0,0,0,0,0,0,5
716,716,90,5,1590,180,0,0,0,0,0,0,0,0,5
717,717,91,5,1606,180,0,0,0,0,0,0,0,0,6
718,718,92,5,1622,180,0,0,0,0,0,0,0,0,6
719,719,93,5,1638,180,0,0,0,0,0,0,0,0,6
720,720,94,5,1654,180,0,0,0,0,0,0,0,0,6
721,721,95,5,1670,180,0,0,0,0,0,0,0,0,6
722,722,96,5,1686,180,0,0,0,0,0,0,0,0,6
723,723,97,5,1702,180,0,0,0,0,0,0,0,0,6
724,724,98,5,1718,180,0,0,0,0,0,0,0,0,6
725,725,99,5,1734,180,0,0,0,0,0,0,0,0,6
726,726,100,5,1750,180,0,0,0,0,0,0,0,0,7
727,727,101,5,1766,180,0,0,0,0,0,0,0,0,7
728,728,102,5,1782,180,0,0,0,0,0,0,0,0,7
729,729,103,5,1798,180,0,0,0,0,0,0,0,0,7
730,730,104,5,1814,180,0,0,0,0,0,0,0,0,7
731,731,105,5,1830,180,0,0,0,0,0,0,0,0,7
732,732,106,5,1846,180,0,0,0,0,0,0,0,0,10
733,733,107,5,1862,180,0,0,0,0,0,0,0,0,10
734,734,108,5,1878,180,0,0,0,0,0,0,0,0,10
735,735,109,5,1894,180,0,0,0,0,0,0,0,0,10
736,736,110,5,1910,180,0,0,0,0,0,0,0,0,10
737,737,111,5,1926,180,0,0,0,0,0,0,0,0,10
738,738,112,5,1942,180,0,0,0,0,0,0,0,0,8
739,739,113,5,1958,180,0,0,0,0,0,0,0,0,8
740,740,114,5,1974,180,0,0,0,0,0,0,0,0,8
741,741,115,5,1990,180,0,0,0,0,0,0,0,0,8
742,742,116,5,2006,180,0,0,0,0,0,0,0,0,8
743,743,117,5,2022,180,0,0,0,0,0,0,0,0,8
744,744,118,5,2038,180,0,0,0,0,0,0,0,0,8
745,745,119,5,2054,180,0,0,0,0,0,0,0,0,8
746,746,120,5,2070,180,0,0,0,0,0,0,0,0,8
747,747,121,5,2086,180,0,0,0,0,0,0,0,0,8
748,748,122,5,2102,180,0,0,0,0,0,0,0,0,8
749,749,123,5,2118,180,0,0,0,0,0,0,0,0,8
750,750,124,5,2134,180,0,0,0,0,0,0,0,0,1
751,751,0,6,150,196,0,0,0,0,0,0,0,0,1
752,752,1,6,166,196,0,0,0,0,0,0,0,0,1
753,753,2,6,182,196,0,0,0,0,0,0,0,0,1
754,754,3,6,198,196,0,0,0,0,0,0,0,0,1
755,755,4,6,214,196,0,0,0,0,0,0,0,0,1
756,756,5,6,230,196,0,0,0,0,0,0,0,0,1
757,757,6,6,246,196,0,0,0,0,0,0,0,0,1
758,758,7,6,262,196,0,0,0,0,0,0,0,0,1
759,759,8,6,278,196,0,0,0,0,0,0,0,0,1
760,760,9,6,294,196,0,0,0,0,0,0,0,0,1
761,761,10,6,310,196,0,0,0,0,0,0,0,0,1
762,762,11,6,326,196,0,0,0,0,0,0,0,0,1
763,763,12,6,342,196,0,0,0,0,0,0,0,0,1
764,764,13,6,358,196,0,0,0,0,0,0,0,0,1
765,765,14,6,374,196,0,0,0,0,0,0,0,0,1
766,766,15,6,390,196,0,0,0,0,0,0,0,0,1
767,767,16,6,406,196,0,0,0,0,0,0,0,0,1
768,768,17,6,422,196,0,0,0,0,0,0,0,0,9
769,769,18,6,438,196,0,0,0,0,0,0,0,0,9
770,770,19,6,454,196,0,0,0,0,0,0,0,0,9
771,771,20,6,470,196,0,0,0,0,0,0,0,0,9
772,772,21,6,486,196,0,0,0,0,0,0,0,0,9
773,773,22,6,502,196,0,0,0,0,0,0,0,0,9
774,774,23,6,518,196,0,0,0,0,0,0,0,0,9
775,775,24,6,534,196,0,0,0,0,0,0,0,0,9
776,776,25,6,550,196,0,0,0,0,0,0,0,0,9
777,777,26,6,566,196,0,0,0,0,0,0,0,0,9
778,778,27,6,582,196,0,0,0,0,0,0,0,0,9
779,779,28,6,598,196,0,0,0,0,0,0,0,0,9
780,780,29,6,614,196,0,0,0,0,0,0,0,0,2
781,781,30,6,630,196,0,0,0,0,0,0,0,0,2
782,782,31,6,646,196,0,0,0,0,0,0,0,0,2
783,783,32,6,662,196,0,0,0,0,0,0,0,0,2
784,784,33,6,678,196,0,0,0,0,0,0,0,0,2
785,785,34,6,694,196,0,0,0,0,0,0,0,0,2
786,786,35,6,710,196,0,0,0,0,0,0,0,0,2
787,787,36,6,726,196,0,0,0,0,0,0,0,0,2
788,788,37,6,742,196,0,0,0,0,0,0,0,0,2
789,789,38,6,758,196,0,0,0,0,0,0,0,0,2
790,790,39,6,774,196,0,0,0,0,0,0,0,0,2
791,791,40,6,790,196,0,0,0,0,0,0,0,0,2
792,792,41,6,806,196,0,0,0,0,0,0,0,0,2
793,793,42,6,822,196,0,0,0,0,0,0,0,0,2
794,794,43,6,838,196,0,0,0,0,0,0,0,0,2
795,795,44,6,854,196,0,0,0,0,0,0,0,0,2
796,796,45,6,870,196,0,0,0,0,0,0,0,0,2
797,797,46,6,886,196,0,0,0,0,0,0,0,0,2
798,798,47,6,902,196,0,0,0,0,0,0,0,0,2
799,799,48,6,918,196,0,0,0,0,0,0,0,0,2
800,800,49,6,934,196,0,0,0,0,0,0,0,0,2
801,801,50,6,950,196,0,0,0,0,0,0,0,0,2
802,802,51,6,966,196,0,0,0,0,0,0,0,0,2
803,803,52,6,982,196,0,0,0,0,0,0,0,0,2
804,804,53,6,998,196,0,0,0,0,0,0,0,0,2
805,805,54,6,1014,196,0,0,0,0,0,0,0,0,2
806,806,55,6,1030,196,0,0,0,0,0,0,0,0,2
807,807,56,6,1046,196,0,0,0,0,0,0,0,0,2
808,808,57,6,1062,196,0,0,0,0,0,0,0,0,2
809,809,58,6,1078,196,0,0,0,0,0,0,0,0,2
810,810,59,6,1094,196,0,0,0,0,0,0,0,0,2
811,811,60,6,1110,196,0,0,0,0,0,0,0,0,2
812,812,61,6,1126,196,0,0,0,0,0,0,0,0,2
813,813,62,6,1142,196,0,0,0,0,0,0,0,0,5
814,814,63,6,1158,196,0,0,0,0,0,0,0,0,5
815,815,64,6,1174,196,0,0,0,0,0,0,0,0,5
816,816,65,6,1190,196,0,0,0,0,0,0,0,0,5
817,817,66,6,1206,196,0,0,0,0,0,0,0,0,5
818,818,67,6,1222,196,0,0,0,0,0,0,0,0,5
819,819,68,6,1238,196,0,0,0,0,0,0,0,0,5
820,820,69,6,1254,196,0,0,0,0,0,0,0,0,5
821,821,70,6,1270,196,0,0,0,0,0,0,0,0,5
822,822,71,6,1286,196,0,0,0,0,0,0,0,0,5
823,823,72,6,1302,196,0,0,0,0,0,0,0,0,5
824,824,73,6,1318,196,0,0,0,0,0,0,0,0,5
825,825,74,6,1334,196,0,0,0,0,0,0,0,0,5
826,826,75,6,1350,196,0,0,0,0,0,0,0,0,5
827,827,76,6,1366,196,0,0,0,0,0,0,0,0,5
828,828,77,6,1382,196,0,0,0,0,0,0,0,0,5
829,829,78,6,1398,196,0,0,0,0,0,0,0,0,5
830,830,79,6,1414,196,0,0,0,0,0,0,0,0,5
831,831,80,6,1430,196,0,0,0,0,0,0,0,0,5
832,832,81,6,1446,196,0,0,0,0,0,0,0,0,5
833,833,82,6,1462,196,0,0,0,0,0,0,0,0,5
834,834,83,6,1478,196,0,0,0,0,0,0,0,0,5
835,835,84,6,1494,196,0,0,0,0,0,0,0,0,5
836,836,85,6,1510,196,0,0,0,0,0,0,0,0,5
837,837,86,6,1526,196,0,0,0,0,0,0,0,0,5
838,838,87,6,1542,196,0,0,0,0,0,0,0,0,5
839,839,88,6,1558,196,0,0,0,0,0,0,0,0,5
840,840,89,6,1574,196,0,0,0,0,0,0,0,0,5
841,841,90,6,1590,196,0,0,0,0,0,0,0,0,5
842,842,91,6,1606,196,0,0,0,0,0,0,0,0,5
843,843,92,6,1622,196,0,0,0,0,0,0,0,0,6
844,844,93,6,1638,196,0,0,0,0,0,0,0,0,6
845,845,94,6,1654,196,0,0,0,0,0,0,0,0,6
846,846,95,6,1670,196,0,0,0,0,0,0,0,0,6
847,847,96,6,1686,196,0,0,0,0,0,0,0,0,6
848,848,97,6,1702,196,0,0,0,0,0,0,0,0,6
849,849,98,6,1718,196,0,0,0,0,0,0,0,0,6
850,850,99,6,1734,196,0,0,0,0,0,0,0,0,7
851,851,100,6,1750,196,0,0,0,0,0,0,0,0,7
852,852,101,6,1766,196,0,0,0,0,0,0,0,0,7
853,853,102,6,1782,196,0,0,0,0,0,0,0,0,7
854,854,103,6,1798,196,0,0,0,0,0,0,0,0,7
855,855,104,6,1814,196,0,0,0,0,0,0,0,0,7
856,856,105,6,1830,196,0,0,0,0,0,0,0,0,10
857,857,106,6,1846,196,0,0,0,0,0,0,0,0,10
858,858,107,6,1862,196,0,0,0,0,0,0,0,0,10
859,859,108,6,1878,196,0,0,0,0,0,0,0,0,10
860,860,109,6,1894,196,0,0,0,0,0,0,0,0,10
861,861,110,6,1910,196,0,0,0,0,0,0,0,0,10
862,862,111,6,1926,196,0,0,0,0,0,0,0,0,10
863,863,112,6,1942,196,0,0,0,0,0,0,0,0,10
864,864,113,6,1958,196,0,0,0,0,0,0,0,0,10
865,865,114,6,1974,196,0,0,0,0,0,0,0,0,8
866,866,115,6,1990,196,0,0,0,0,0,0,0,0,8
867,867,116,6,2006,196,0,0,0,0,0,0,0,0,8
868,868,117,6,2022,196,0,0,0,0,0,0,0,0,8
869,869,118,6,2038,196,0,0,0,0,0,0,0,0,8
870,870,119,6,2054,196,0,0,0,0,0,0,0,0,8
871,871,120,6,2070,196,0,0,0,0,0,0,0,0,8
872,872,121,6,2086,196,0,0,0,0,0,0,0,0,8
873,873,122,6,2102,196,0,0,0,0,0,0,0,0,8
874,874,123,6,2118,196,0,0,0,0,0,0,0,0,8
875,875,124,6,2134,196,0,0,0,0,0,0,0,0,1
876,876,0,7,150,212,0,0,0,0,0,0,0,0,1
877,877,1,7,166,212,0,0,0,0,0,0,0,0,1
878,878,2,7,182,212,0,0,0,0,0,0,0,0,1
879,879,3,7,198,212,0,0,0,0,0,0,0,0,1
880,880,4,7,214,212,0,0,0,0,0,0,0,0,1
881,881,5,7,230,212,0,0,0,0,0,0,0,0,1
882,882,6,7,246,212,0,0,0,0,0,0,0,0,1
883,883,7,7,262,212,0,0,0,0,0,0,0,0,1
884,884,8,7,278,212,0,0,0,0,0,0,0,0,1
885,885,9,7,294,212,0,0,0,0,0,0,0,0,1
886,886,10,7,310,212,0,0,0,0,0,0,0,0,1
887,887,11,7,326,212,0,0,0,0,0,0,0,0,1
888,888,12,7,342,212,0,0,0,0,0,0,0,0,1
889,889,13,7,358,212,0,0,0,0,0,0,0,0,9
890,890,14,7,374,212,0,0,0,0,0,0,0,0,9
891,891,15,7,390,212,0,0,0,0,0,0,0,0,9
892,892,16,7,406,212,0,0,0,0,0,0,0,0,9
893,893,17,7,422,212,0,0,0,0,0,0,0,0,9
894,894,18,7,438,212,0,0,0,0,0,0,0,0,9
895,895,19,7,454,212,0,0,0,0,0,0,0,0,9
896,896,20,7,470,212,0,0,0,0,0,0,0,0,9
897,897,21,7,486,212,0,0,0,0,0,0,0,0,9
898,898,22,7,502,212,0,0,0,0,0,0,0,0,9
899,899,23,7,518,212,0,0,0,0,0,0,0,0,9
900,900,24,7,534,212,0,0,0,0,0,0,0,0,9
901,901,25,7,550,212,0,0,0,0,0,0,0,0,9
902,902,26,7,566,212,0,0,0,0,0,0,0,0,9
903,903,27,7,582,212,0,0,0,0,0,0,0,0,9
904,904,28,7,598,212,0,0,0,0,0,0,0,0,9
905,905,29,7,614,212,0,0,0,0,0,0,0,0,9
906,906,30,7,630,212,0,0,0,0,0,0,0,0,9
907,907,31,7,646,212,0,0,0,0,0,0,0,0,2
908,908,32,7,662,212,0,0,0,0,0,0,0,0,2
909,909,33,7,678,212,0,0,0,0,0,0,0,0,2
910,910,34,7,694,212,0,0,0,0,0,0,0,0,2
911,911,35,7,710,212,0,0,0,0,0,0,0,0,2
912,912,36,7,726,212,0,0,0,0,0,0,0,0,2
913,913,37,7,742,212,0,0,0,0,0,0,0,0,2
914,914,38,7,758,212,0,0,0,0,0,0,0,0,2
915,915,39,7,774,212,0,0,0,0,0,0,0,0,2
916,916,40,7,790,212,0,0,0,0,0,0,0,0,2
917,917,41,7,806,212,0,0,0,0,0,0,0,0,2
918,918,42,7,822,212,0,0,0,0,0,0,0,0,2
919,919,43,7,838,212,0,0,0,0,0,0,0,0,2
920,920,44,7,854,212,0,0,0,0,0,0,0,0,2
921,921,45,7,870,212,0,0,0,0,0,0,0,0,2
922,922,46,7,886,212,0,0,0,0,0,0,0,0,2
923,923,47,7,902,212,0,0,0,0,0,0,0,0,2
924,924,48,7,918,212,0,0,0,0,0,0,0,0,2
925,925,49,7,934,212,0,0,0,0,0,0,0,0,2
926,926,50,7,950,212,0,0,0,0,0,0,0,0,2
927,927,51,7,966,212,0,0,0,0,0,0,0,0,2
928,928,52,7,982,212,0,0,0,0,0,0,0,0,2
929,929,53,7,998,212,0,0,0,0,0,0,0,0,2
930,930,54,7,1014,212,0,0,0,0,0,0,0,0,2
931,931,55,7,1030,212,0,0,0,0,0,0,0,0,2
932,932,56,7,1046,212,0,0,0,0,0,0,0,0,2
933,933,57,7,1062,212,0,0,0,0,0,0,0,0,2
934,934,58,7,1078,212,0,0,0,0,0,0,0,0,2
935,935,59,7,1094,212,0,0,0,0,0,0,0,0,2
936,936,60,7,1110,212,0,0,0,0,0,0,0,0,2
937,937,61,7,1126,212,0,0,0,0,0,0,0,0,2
938,938,62,7,1142,212,0,0,0,0,0,0,0,0,2
939,939,63,7,1158,212,0,0,0,0,0,0,0,0,5
940,940,64,7,1174,212,0,0,0,0,0,0,0,0,5
941,941,65,7,1190,212,0,0,0,0,0,0,0,0,5
942,942,66,7,1206,212,0,0,0,0,0,0,0,0,5
943,943,67,7,1222,212,0,0,0,0,0,0,0,0,5
944,944,68,7,1238,212,0,0,0,0,0,0,0,0,5
945,945,69,7,1254,212,0,0,0,0,0,0,0,0,11
946,946,70,7,1270,212,0,0,0,0,0,0,0,0,11
947,947,71,7,1286,212,0,0,0,0,0,0,0,0,5
948,948,72,7,1302,212,0,0,0,0,0,0,0,0,5
949,949,73,7,1318,212,0,0,0,0,0,0,0,0,5
950,950,74,7,1334,212,0,0,0,0,0,0,0,0,5
951,951,75,7,1350,212,0,0,0,0,0,0,0,0,5
952,952,76,7,1366,212,0,0,0,0,0,0,0,0,5
953,953,77,7,1382,212,0,0,0,0,0,0,0,0,5
954,954,78,7,1398,212,0,0,0,0,0,0,0,0,5
955,955,79,7,1414,212,0,0,0,0,0,0,0,0,5
956,956,80,7,1430,212,0,0,0,0,0,0,0,0,5
957,957,81,7,1446,212,0,0,0,0,0,0,0,0,5
958,958,82,7,1462,212,0,0,0,0,0,0,0,0,5
959,959,83,7,1478,212,0,0,0,0,0,0,0,0,5
960,960,84,7,1494,212,0,0,0,0,0,0,0,0,5
961,961,85,7,1510,212,0,0,0,0,0,0,0,0,5
962,962,86,7,1526,212,0,0,0,0,0,0,0,0,5
963,963,87,7,1542,212,0,0,0,0,0,0,0,0,5
964,964,88,7,1558,212,0,0,0,0,0,0,0,0,5
965,965,89,7,1574,212,0,0,0,0,0,0,0,0,5
966,966,90,7,1590,212,0,0,0,0,0,0,0,0,5
967,967,91,7,1606,212,0,0,0,0,0,0,0,0,5
968,968,92,7,1622,212,0,0,0,0,0,0,0,0,5
969,969,93,7,1638,212,0,0,0,0,0,0,0,0,5
970,970,94,7,1654,212,0,0,0,0,0,0,0,0,6
971,971,95,7,1670,212,0,0,0,0,0,0,0,0,6
972,972,96,7,1686,212,0,0,0,0,0,0,0,0,6
973,973,97,7,1702,212,0,0,0,0,0,0,0,0,6
974,974,98,7,1718,212,0,0,0,0,0,0,0,0,6
975,975,99,7,1734,212,0,0,0,0,0,0,0,0,7
976,976,100,7,1750,212,0,0,0,0,0,0,0,0,7
977,977,101,7,1766,212,0,0,0,0,0,0,0,0,7
978,978,102,7,1782,212,0,0,0,0,0,0,0,0,7
979,979,103,7,1798,212,0,0,0,0,0,0,0,0,7
980,980,104,7,1814,212,0,0,0,0,0,0,0,0,7
981,981,105,7,1830,212,0,0,0,0,0,0,0,0,10
982,982,106,7,1846,212,0,0,0,0,0,0,0,0,10
983,983,107,7,1862,212,0,0,0,0,0,0,0,0,10
984,984,108,7,1878,212,0,0,0,0,0,0,0,0,10
985,985,109,7,1894,212,0,0,0,0,0,0,0,0,10
986,986,110,7,1910,212,0,0,0,0,0,0,0,0,10
987,987,111,7,1926,212,0,0,0,0,0,0,0,0,10
988,988,112,7,1942,212,0,0,0,0,0,0,0,0,10
989,989,113,7,1958,212,0,0,0,0,0,0,0,0,10
990,990,114,7,1974,212,0,0,0,0,0,0,0,0,10
991,991,115,7,1990,212,0,0,0,0,0,0,0,0,10
992,992,116,7,2006,212,0,0,0,0,0,0,0,0,8
993,993,117,7,2022,212,0,0,0,0,0,0,0,0,8
994,994,118,7,2038,212,0,0,0,0,0,0,0,0,8
995,995,119,7,2054,212,0,0,0,0,0,0,0,0,8
996,996,120,7,2070,212,0,0,0,0,0,0,0,0,8
997,997,121,7,2086,212,0,0,0,0,0,0,0,0,8
998,998,122,7,2102,212,0,0,0,0,0,0,0,0,8
999,999,123,7,2118,212,0,0,0,0,0,0,0,0,8
1000,1000,124,7,2134,212,0,0,0,0,0,0,0,0,1
1001,1001,0,8,150,228,0,0,0,0,0,0,0,0,1
1002,1002,1,8,166,228,0,0,0,0,0,0,0,0,1
1003,1003,2,8,182,228,0,0,0,0,0,0,0,0,1
1004,1004,3,8,198,228,0,0,0,0,0,0,0,0,1
1005,1005,4,8,214,228,0,0,0,0,0,0,0,0,1
1006,1006,5,8,230,228,0,0,0,0,0,0,0,0,1
1007,1007,6,8,246,228,0,0,0,0,0,0,0,0,1
1008,1008,7,8,262,228,0,0,0,0,0,0,0,0,1
1009,1009,8,8,278,228,0,0,0,0,0,0,0,0,1
1010,1010,9,8,294,228,0,0,0,0,0,0,0,0,1
1011,1011,10,8,310,228,0,0,0,0,0,0,0,0,1
1012,1012,11,8,326,228,0,0,0,0,0,0,0,0,9
1013,1013,12,8,342,228,0,0,0,0,0,0,0,0,9
1014,1014,13,8,358,228,0,0,0,0,0,0,0,0,9
1015,1015,14,8,374,228,0,0,0,0,0,0,0,0,9
1016,1016,15,8,390,228,0,0,0,0,0,0,0,0,9
1017,1017,16,8,406,228,0,0,0,0,0,0,0,0,9
1018,1018,17,8,422,228,0,0,0,0,0,0,0,0,9
1019,1019,18,8,438,228,0,0,0,0,0,0,0,0,9
1020,1020,19,8,454,228,0,0,0,0,0,0,0,0,9
1021,1021,20,8,470,228,0,0,0,0,0,0,0,0,9
1022,1022,21,8,486,228,0,0,0,0,0,0,0,0,9
1023,1023,22,8,502,228,0,0,0,0,0,0,0,0,9
1024,1024,23,8,518,228,0,0,0,0,0,0,0,0,9
1025,1025,24,8,534,228,0,0,0,0,0,0,0,0,9
1026,1026,25,8,550,228,0,0,0,0,0,0,0,0,9
1027,1027,26,8,566,228,0,0,0,0,0,0,0,0,9
1028,1028,27,8,582,228,0,0,0,0,0,0,0,0,9
1029,1029,28,8,598,228,0,0,0,0,0,0,0,0,9
1030,1030,29,8,614,228,0,0,0,0,0,0,0,0,9
1031,1031,30,8,630,228,0,0,0,0,0,0,0,0,9
1032,1032,31,8,646,228,0,0,0,0,0,0,0,0,2
1033,1033,32,8,662,228,0,0,0,0,0,0,0,0,2
1034,1034,33,8,678,228,0,0,0,0,0,0,0,0,2
1035,1035,34,8,694,228,0,0,0,0,0,0,0,0,2
1036,1036,35,8,710,228,0,0,0,0,0,0,0,0,2
1037,1037,36,8,726,228,0,0,0,0,0,0,0,0,2
1038,1038,37,8,742,228,0,0,0,0,0,0,0,0,2
1039,1039,38,8,758,228,0,0,0,0,0,0,0,0,2
1040,1040,39,8,774,228,0,0,0,0,0,0,0,0,2
1041,1041,40,8,790,228,0,0,0,0,0,0,0,0,2
1042,1042,41,8,806,228,0,0,0,0,0,0,0,0,2
1043,1043,42,8,822,228,0,0,0,0,0,0,0,0,2
1044,1044,43,8,838,228,0,0,0,0,0,0,0,0,2
1045,1045,44,8,854,228,0,0,0,0,0,0,0,0,2
1046,1046,45,8,870,228,0,0,0,0,0,0,0,0,2
1047,1047,46,8,886,228,0,0,0,0,0,0,0,0,2
1048,1048,47,8,902,228,0,0,0,0,0,0,0,0,2
1049,1049,48,8,918,228,0,0,0,0,0,0,0,0,2
1050,1050,49,8,934,228,0,0,0,0,0,0,0,0,2
1051,1051,50,8,950,228,0,0,0,0,0,0,0,0,2
1052,1052,51,8,966,228,0,0,0,0,0,0,0,0,2
1053,1053,52,8,982,228,0,0,0,0,0,0,0,0,2
1054,1054,53,8,998,228,0,0,0,0,0,0,0,0,2
1055,1055,54,8,1014,228,0,0,0,0,0,0,0,0,2
1056,1056,55,8,1030,228,0,0,0,0,0,0,0,0,2
1057,1057,56,8,1046,228,0,0,0,0,0,0,0,0,2
1058,1058,57,8,1062,228,0,0,0,0,0,0,0,0,2
1059,1059,58,8,1078,228,0,0,0,0,0,0,0,0,2
1060,1060,59,8,1094,228,0,0,0,0,0,0,0,0,2
1061,1061,60,8,1110,228,0,0,0,0,0,0,0,0,2
1062,1062,61,8,1126,228,0,0,0,0,0,0,0,0,2
1063,1063,62,8,1142,228,0,0,0,0,0,0,0,0,2
1064,1064,63,8,1158,228,0,0,0,0,0,0,0,0,2
1065,1065,64,8,1174,228,0,0,0,0,0,0,0,0,5
1066,1066,65,8,1190,228,0,0,0,0,0,0,0,0,5
1067,1067,66,8,1206,228,0,0,0,0,0,0,0,0,5
1068,1068,67,8,1222,228,0,0,0,0,0,0,0,0,11
1069,1069,68,8,1238,228,0,0,0,0,0,0,0,0,11
1070,1070,69,8,1254,228,0,0,0,0,0,0,0,0,11
1071,1071,70,8,1270,228,0,0,0,0,0,0,0,0,11
1072,1072,71,8,1286,228,0,0,0,0,0,0,0,0,11
1073,1073,72,8,1302,228,0,0,0,0,0,0,0,0,5
1074,1074,73,8,1318,228,0,0,0,0,0,0,0,0,5
1075,1075,74,8,1334,228,0,0,0,0,0,0,0,0,5
1076,1076,75,8,1350,228,0,0,0,0,0,0,0,0,5
1077,1077,76,8,1366,228,0,0,0,0,0,0,0,0,5
1078,1078,77,8,1382,228,0,0,0,0,0,0,0,0,5
1079,1079,78,8,1398,228,0,0,0,0,0,0,0,0,5
1080,1080,79,8,1414,228,0,0,0,0,0,0,0,0,5
1081,1081,80,8,1430,228,0,0,0,0,0,0,0,0,5
1082,1082,81,8,1446,228,0,0,0,0,0,0,0,0,5
1083,1083,82,8,1462,228,0,0,0,0,0,0,0,0,5
1084,1084,83,8,1478,228,0,0,0,0,0,0,0,0,5
1085,1085,84,8,1494,228,0,0,0,0,0,0,0,0,5
1086,1086,85,8,1510,228,0,0,0,0,0,0,0,0,5
1087,1087,86,8,1526,228,0,0,0,0,0,0,0,0,5
1088,1088,87,8,1542,228,0,0,0,0,0,0,0,0,5
1089,1089,88,8,1558,228,0,0,0,0,0,0,0,0,5
1090,1090,89,8,1574,228,0,0,0,0,0,0,0,0,5
1091,1091,90,8,1590,228,0,0,0,0,0,0,0,0,5
1092,1092,91,8,1606,228,0,0,0,0,0,0,0,0,5
1093,1093,92,8,1622,228,0,0,0,0,0,0,0,0,5
1094,1094,93,8,1638,228,0,0,0,0,0,0,0,0,5
1095,1095,94,8,1654,228,0,0,0,0,0,0,0,0,5
1096,1096,95,8,1670,228,0,0,0,0,0,0,0,0,6
1097,1097,96,8,1686,228,0,0,0,0,0,0,0,0,6
1098,1098,97,8,1702,228,0,0,0,0,0,0,0,0,6
1099,1099,98,8,1718,228,0,0,0,0,0,0,0,0,6
1100,1100,99,8,1734,228,0,0,0,0,0,0,0,0,7
1101,1101,100,8,1750,228,0,0,0,0,0,0,0,0,7
1102,1102,101,8,1766,228,0,0,0,0,0,0,0,0,7
1103,1103,102,8,1782,228,0,0,0,0,0,0,0,0,7
1104,1104,103,8,1798,228,0,0,0,0,0,0,0,0,7
1105,1105,104,8,1814,228,0,0,0,0,0,0,0,0,10
1106,1106,105,8,1830,228,0,0,0,0,0,0,0,0,10
1107,1107,106,8,1846,228,0,0,0,0,0,0,0,0,10
1108,1108,107,8,1862,228,0,0,0,0,0,0,0,0,10
1109,1109,108,8,1878,228,0,0,0,0,0,0,0,0,10
1110,1110,109,8,1894,228,0,0,0,0,0,0,0,0,10
1111,1111,110,8,1910,228,0,0,0,0,0,0,0,0,10
1112,1112,111,8,1926,228,0,0,0,0,0,0,0,0,10
1113,1113,112,8,1942,228,0,0,0,0,0,0,0,0,10
1114,1114,113,8,1958,228,0,0,0,0,0,0,0,0,10
1115,1115,114,8,1974,228,0,0,0,0,0,0,0,0,10
1116,1116,115,8,1990,228,0,0,0,0,0,0,0,0,10
1117,1117,116,8,2006,228,0,0,0,0,0,0,0,0,10
1118,1118,117,8,2022,228,0,0,0,0,0,0,0,0,10
1119,1119,118,8,2038,228,0,0,0,0,0,0,0,0,10
1120,1120,119,8,2054,228,0,0,0,0,0,0,0,0,8
1121,1121,120,8,2070,228,0,0,0,0,0,0,0,0,8
1122,1122,121,8,2086,228,0,0,0,0,0,0,0,0,8
1123,1123,122,8,2102,228,0,0,0,0,0,0,0,0,8
1124,1124,123,8,2118,228,0,0,0,0,0,0,0,0,8
1125,1125,124,8,2134,228,0,0,0,0,0,0,0,0,1
1126,1126,0,9,150,244,0,0,0,0,0,0,0,0,1
1127,1127,1,9,166,244,0,0,0,0,0,0,0,0,1
1128,1128,2,9,182,244,0,0,0,0,0,0,0,0,1
1129,1129,3,9,198,244,0,0,0,0,0,0,0,0,1
1130,1130,4,9,214,244,0,0,0,0,0,0,0,0,1
1131,1131,5,9,230,244,0,0,0,0,0,0,0,0,1
1132,1132,6,9,246,244,0,0,0,0,0,0,0,0,1
1133,1133,7,9,262,244,0,0,0,0,0,0,0,0,1
1134,1134,8,9,278,244,0,0,0,0,0,0,0,0,1
1135,1135,9,9,294,244,0,0,0,0,0,0,0,0,1
1136,1136,10,9,310,244,0,0,0,0,0,0,0,0,9
1137,1137,11,9,326,244,0,0,0,0,0,0,0,0,9
1138,1138,12,9,342,244,0,0,0,0,0,0,0,0,9
1139,1139,13,9,358,244,0,0,0,0,0,0,0,0,9
1140,1140,14,9,374,244,0,0,0,0,0,0,0,0,9
1141,1141,15,9,390,244,0,0,0,0,0,0,0,0,9
1142,1142,16,9,406,244,0,0,0,0,0,0,0,0,9
1143,1143,17,9,422,244,0,0,0,0,0,0,0,0,9
1144,1144,18,9,438,244,0,0,0,0,0,0,0,0,9
1145,1145,19,9,454,244,0,0,0,0,0,0,0,0,9
1146,1146,20,9,470,244,0,0,0,0,0,0,0,0,9
1147,1147,21,9,486,244,0,0,0,0,0,0,0,0,9
1148,1148,22,9,502,244,0,0,0,0,0,0,0,0,9
1149,1149,23,9,518,244,0,0,0,0,0,0,0,0,9
1150,1150,24,9,534,244,0,0,0,0,0,0,0,0,9
1151,1151,25,9,550,244,0,0,0,0,0,0,0,0,9
1152,1152,26,9,566,244,0,0,0,0,0,0,0,0,9
1153,1153,27,9,582,244,0,0,0,0,0,0,0,0,9
1154,1154,28,9,598,244,0,0,0,0,0,0,0,0,9
1155,1155,29,9,614,244,0,0,0,0,0,0,0,0,9
1156,1156,30,9,630,244,0,0,0,0,0,0,0,0,9
1157,1157,31,9,646,244,0,0,0,0,0,0,0,0,2
1158,1158,32,9,662,244,0,0,0,0,0,0,0,0,2
1159,1159,33,9,678,244,0,0,0,0,0,0,0,0,2
1160,1160,34,9,694,244,0,0,0,0,0,0,0,0,2
1161,1161,35,9,710,244,0,0,0,0,0,0,0,0,2
1162,1162,36,9,726,244,0,0,0,0,0,0,0,0,2
1163,1163,37,9,742,244,0,0,0,0,0,0,0,0,2
1164,1164,38,9,758,244,0,0,0,0,0,0,0,0,2
1165,1165,39,9,774,244,0,0,0,0,0,0,0,0,2
1166,1166,40,9,790,244,0,0,0,0,0,0,0,0,2
1167,1167,41,9,806,244,0,0,0,0,0,0,0,0,2
1168,1168,42,9,822,244,0,0,0,0,0,0,0,0,2
1169,1169,43,9,838,244,0,0,0,0,0,0,0,0,2
1170,1170,44,9,854,244,0,0,0,0,0,0,0,0,2
1171,1171,45,9,870,244,0,0,0,0,0,0,0,0,2
1172,1172,46,9,886,244,0,0,0,0,0,0,0,0,2
1173,1173,47,9,902,244,0,0,0,0,0,0,0,0,2
1174,1174,48,9,918,244,0,0,0,0,0,0,0,0,2
1175,1175,49,9,934,244,0,0,0,0,0,0,0,0,2
1176,1176,50,9,950,244,0,0,0,0,0,0,0,0,2
1177,1177,51,9,966,244,0,0,0,0,0,0,0,0,2
1178,1178,52,9,982,244,0,0,0,0,0,0,0,0,2
1179,1179,53,9,998,244,0,0,0,0,0,0,0,0,2
1180,1180,54,9,1014,244,0,0,0,0,0,0,0,0,2
1181,1181,55,9,1030,244,0,0,0,0,0,0,0,0,2
1182,1182,56,9,1046,244,0,0,0,0,0,0,0,0,2
1183,1183,57,9,1062,244,0,0,0,0,0,0,0,0,2
1184,1184,58,9,1078,244,0,0,0,0,0,0,0,0,2
1185,1185,59,9,1094,244,0,0,0,0,0,0,0,0,2
1186,1186,60,9,1110,244,0,0,0,0,0,0,0,0,2
1187,1187,61,9,1126,244,0,0,0,0,0,0,0,0,2
1188,1188,62,9,1142,244,0,0,0,0,0,0,0,0,2
1189,1189,63,9,1158,244,0,0,0,0,0,0,0,0,2
1190,1190,64,9,1174,244,0,0,0,0,0,0,0,0,2
1191,1191,65,9,1190,244,0,0,0,0,0,0,0,0,5
1192,1192,66,9,1206,244,0,0,0,0,0,0,0,0,11
1193,1193,67,9,1222,244,0,0,0,0,0,0,0,0,11
1194,1194,68,9,1238,244,0,0,0,0,0,0,0,0,11
1195,1195,69,9,1254,244,0,0,0,0,0,0,0,0,11
1196,1196,70,9,1270,244,0,0,0,0,0,0,0,0,11
1197,1197,71,9,1286,244,0,0,0,0,0,0,0,0,11
1198,1198,72,9,1302,244,0,0,0,0,0,0,0,0,11
1199,1199,73,9,1318,244,0,0,0,0,0,0,0,0,5
1200,1200,74,9,1334,244,0,0,0,0,0,0,0,0,5
1201,1201,75,9,1350,244,0,0,0,0,0,0,0,0,5
1202,1202,76,9,1366,244,0,0,0,0,0,0,0,0,5
1203,1203,77,9,1382,244,0,0,0,0,0,0,0,0,5
1204,1204,78,9,1398,244,0,0,0,0,0,0,0,0,5
1205,1205,79,9,1414,244,0,0,0,0,0,0,0,0,5
1206,1206,80,9,1430,244,0,0,0,0,0,0,0,0,5
1207,1207,81,9,1446,244,0,0,0,0,0,0,0,0,5
1208,1208,82,9,1462,244,0,0,0,0,0,0,0,0,5
1209,1209,83,9,1478,244,0,0,0,0,0,0,0,0,5
1210,1210,84,9,1494,244,0,0,0,0,0,0,0,0,5
1211,1211,85,9,1510,244,0,0,0,0,0,0,0,0,5
1212,1212,86,9,1526,244,0,0,0,0,0,0,0,0,5
1213,1213,87,9,1542,244,0,0,0,0,0,0,0,0,5
1214,1214,88,9,1558,244,0,0,0,0,0,0,0,0,5
1215,1215,89,9,1574,244,0,0,0,0,0,0,0,0,5
1216,1216,90,9,1590,244,0,0,0,0,0,0,0,0,5
1217,1217,91,9,1606,244,0,0,0,0,0,0,0,0,5
1218,1218,92,9,1622,244,0,0,0,0,0,0,0,0,5
1219,1219,93,9,1638,244,0,0,0,0,0,0,0,0,5
1220,1220,94,9,1654,244,0,0,0,0,0,0,0,0,5
1221,1221,95,9,1670,244,0,0,0,0,0,0,0,0,5
1222,1222,96,9,1686,244,0,0,0,0,0,0,0,0,5
1223,1223,97,9,1702,244,0,0,0,0,0,0,0,0,5
1224,1224,98,9,1718,244,0,0,0,0,0,0,0,0,6
1225,1225,99,9,1734,244,0,0,0,0,0,0,0,0,7
1226,1226,100,9,1750,244,0,0,0,0,0,0,0,0,7
1227,1227,101,9,1766,244,0,0,0,0,0,0,0,0,7
1228,1228,102,9,1782,244,0,0,0,0,0,0,0,0,7
1229,1229,103,9,1798,244,0,0,0,0,0,0,0,0,7
1230,1230,104,9,1814,244,0,0,0,0,0,0,0,0,10
1231,1231,105,9,1830,244,0,0,0,0,0,0,0,0,10
1232,1232,106,9,1846,244,0,0,0,0,0,0,0,0,10
1233,1233,107,9,1862,244,0,0,0,0,0,0,0,0,10
1234,1234,108,9,1878,244,0,0,0,0,0,0,0,0,10
1235,1235,109,9,1894,244,0,0,0,0,0,0,0,0,10
1236,1236,110,9,1910,244,0,0,0,0,0,0,0,0,10
1237,1237,111,9,1926,244,0,0,0,0,0,0,0,0,10
1238,1238,112,9,1942,244,0,0,0,0,0,0,0,0,10
1239,1239,113,9,1958,244,0,0,0,0,0,0,0,0,10
1240,1240,114,9,1974,244,0,0,0,0,0,0,0,0,10
1241,1241,115,9,1990,244,0,0,0,0,0,0,0,0,10
1242,1242,116,9,2006,244,0,0,0,0,0,0,0,0,10
1243,1243,117,9,2022,244,0,0,0,0,0,0,0,0,10
1244,1244,118,9,2038,244,0,0,0,0,0,0,0,0,10
1245,1245,119,9,2054,244,0,0,0,0,0,0,0,0,10
1246,1246,120,9,2070,244,0,0,0,0,0,0,0,0,10
1247,1247,121,9,2086,244,0,0,0,0,0,0,0,0,8
1248,1248,122,9,2102,244,0,0,0,0,0,0,0,0,8
1249,1249,123,9,2118,244,0,0,0,0,0,0,0,0,8
1250,1250,124,9,2134,244,0,0,0,0,0,0,0,0,1
1251,1251,0,10,150,260,0,0,0,0,0,0,0,0,1
1252,1252,1,10,166,260,0,0,0,0,0,0,0,0,1
1253,1253,2,10,182,260,0,0,0,0,0,0,0,0,1
1254,1254,3,10,198,260,0,0,0,0,0,0,0,0,1
1255,1255,4,10,214,260,0,0,0,0,0,0,0,0,1
1256,1256,5,10,230,260,0,0,0,0,0,0,0,0,1
1257,1257,6,10,246,260,0,0,0,0,0,0,0,0,1
1258,1258,7,10,262,260,0,0,0,0,0,0,0,0,9
1259,1259,8,10,278,260,0,0,0,0,0,0,0,0,9
1260,1260,9,10,294,260,0,0,0,0,0,0,0,0,9
1261,1261,10,10,310,260,0,0,0,0,0,0,0,0,9
1262,1262,11,10,326,260,0,0,0,0,0,0,0,0,9
1263,1263,12,10,342,260,0,0,0,0,0,0,0,0,9
1264,1264,13,10,358,260,0,0,0,0,0,0,0,0,9
1265,1265,14,10,374,260,0,0,0,0,0,0,0,0,9
1266,1266,15,10,390,260,0,0,0,0,0,0,0,0,9
1267,1267,16,10,406,260,0,0,0,0,0,0,0,0,9
1268,1268,17,10,422,260,0,0,0,0,0,0,0,0,9
1269,1269,18,10,438,260,0,0,0,0,0,0,0,0,9
1270,1270,19,10,454,260,0,0,0,0,0,0,0,0,9
1271,1271,20,10,470,260,0,0,0,0,0,0,0,0,9
1272,1272,21,10,486,260,0,0,0,0,0,0,0,0,9
1273,1273,22,10,502,260,0,0,0,0,0,0,0,0,9
1274,1274,23,10,518,260,0,0,0,0,0,0,0,0,9
1275,1275,24,10,534,260,0,0,0,0,0,0,0,0,9
1276,1276,25,10,550,260,0,0,0,0,0,0,0,0,9
1277,1277,26,10,566,260,0,0,0,0,0,0,0,0,9
1278,1278,27,10,582,260,0,0,0,0,0,0,0,0,9
1279,1279,28,10,598,260,0,0,0,0,0,0,0,0,9
1280,1280,29,10,614,260,0,0,0,0,0,0,0,0,9
1281,1281,30,10,630,260,0,0,0,0,0,0,0,0,9
1282,1282,31,10,646,260,0,0,0,0,0,0,0,0,2
1283,1283,32,10,662,260,0,0,0,0,0,0,0,0,2
1284,1284,33,10,678,260,0,0,0,0,0,0,0,0,2
1285,1285,34,10,694,260,0,0,0,0,0,0,0,0,2
1286,1286,35,10,710,260,0,0,0,0,0,0,0,0,2
1287,1287,36,10,726,260,0,0,0,0,0,0,0,0,2
1288,1288,37,10,742,260,0,0,0,0,0,0,0,0,2
1289,1289,38,10,758,260,0,0,0,0,0,0,0,0,2
1290,1290,39,10,774,260,0,0,0,0,0,0,0,0,2
1291,1291,40,10,790,260,0,0,0,0,0,0,0,0,2
1292,1292,41,10,806,260,0,0,0,0,0,0,0,0,2
1293,1293,42,10,822,260,0,0,0,0,0,0,0,0,2
1294,1294,43,10,838,260,0,0,0,0,0,0,0,0,2
1295,1295,44,10,854,260,0,0,0,0,0,0,0,0,2
1296,1296,45,10,870,260,0,0,0,0,0,0,0,0,2
1297,1297,46,10,886,260,0,0,0,0,0,0,0,0,2
1298,1298,47,10,902,260,0,0,0,0,0,0,0,0,2
1299,1299,48,10,918,260,0,0,0,0,0,0,0,0,2
1300,1300,49,10,934,260,0,0,0,0,0,0,0,0,2
1301,1301,50,10,950,260,0,0,0,0,0,0,0,0,2
1302,1302,51,10,966,260,0,0,0,0,0,0,0,0,2
1303,1303,52,10,982,260,0,0,0,0,0,0,0,0,2
1304,1304,53,10,998,260,0,0,0,0,0,0,0,0,2
1305,1305,54,10,1014,260,0,0,0,0,0,0,0,0,2
1306,1306,55,10,1030,260,0,0,0,0,0,0,0,0,2
1307,1307,56,10,1046,260,0,0,0,0,0,0,0,0,2
1308,1308,57,10,1062,260,0,0,0,0,0,0,0,0,2
1309,1309,58,10,1078,260,0,0,0,0,0,0,0,0,2
1310,1310,59,10,1094,260,0,0,0,0,0,0,0,0,2
1311,1311,60,10,1110,260,0,0,0,0,0,0,0,0,2
1312,1312,61,10,1126,260,0,0,0,0,0,0,0,0,2
1313,1313,62,10,1142,260,0,0,0,0,0,0,0,0,2
1314,1314,63,10,1158,260,0,0,0,0,0,0,0,0,2
1315,1315,64,10,1174,260,0,0,0,0,0,0,0,0,2
1316,1316,65,10,1190,260,0,0,0,0,0,0,0,0,2
1317,1317,66,10,1206,260,0,0,0,0,0,0,0,0,11
1318,1318,67,10,1222,260,0,0,0,0,0,0,0,0,11
1319,1319,68,10,1238,260,0,0,0,0,0,0,0,0,11
1320,1320,69,10,1254,260,0,0,0,0,0,0,0,0,11
1321,1321,70,10,1270,260,0,0,0,0,0,0,0,0,11
1322,1322,71,10,1286,260,0,0,0,0,0,0,0,0,11
1323,1323,72,10,1302,260,0,0,0,0,0,0,0,0,11
1324,1324,73,10,1318,260,0,0,0,0,0,0,0,0,5
1325,1325,74,10,1334,260,0,0,0,0,0,0,0,0,5
1326,1326,75,10,1350,260,0,0,0,0,0,0,0,0,5
1327,1327,76,10,1366,260,0,0,0,0,0,0,0,0,5
1328,1328,77,10,1382,260,0,0,0,0,0,0,0,0,5
1329,1329,78,10,1398,260,0,0,0,0,0,0,0,0,5
1330,1330,79,10,1414,260,0,0,0,0,0,0,0,0,5
1331,1331,80,10,1430,260,0,0,0,0,0,0,0,0,5
1332,1332,81,10,1446,260,0,0,0,0,0,0,0,0,5
1333,1333,82,10,1462,260,0,0,0,0,0,0,0,0,5
1334,1334,83,10,1478,260,0,0,0,0,0,0,0,0,5
1335,1335,84,10,1494,260,0,0,0,0,0,0,0,0,5
1336,1336,85,10,1510,260,0,0,0,0,0,0,0,0,5
1337,1337,86,10,1526,260,0,0,0,0,0,0,0,0,5
1338,1338,87,10,1542,260,0,0,0,0,0,0,0,0,5
1339,1339,88,10,1558,260,0,0,0,0,0,0,0,0,5
1340,1340,89,10,1574,260,0,0,0,0,0,0,0,0,5
1341,1341,90,10,1590,260,0,0,0,0,0,0,0,0,5
1342,1342,91,10,1606,260,0,0,0,0,0,0,0,0,5
1343,1343,92,10,1622,260,0,0,0,0,0,0,0,0,5
1344,1344,93,10,1638,260,0,0,0,0,0,0,0,0,5
1345,1345,94,10,1654,260,0,0,0,0,0,0,0,0,5
1346,1346,95,10,1670,260,0,0,0,0,0,0,0,0,5
1347,1347,96,10,1686,260,0,0,0,0,0,0,0,0,5
1348,1348,97,10,1702,260,0,0,0,0,0,0,0,0,12
1349,1349,98,10,1718,260,0,0,0,0,0,0,0,0,12
1350,1350,99,10,1734,260,0,0,0,0,0,0,0,0,12
1351,1351,100,10,1750,260,0,0,0,0,0,0,0,0,5
1352,1352,101,10,1766,260,0,0,0,0,0,0,0,0,7
1353,1353,102,10,1782,260,0,0,0,0,0,0,0,0,7
1354,1354,103,10,1798,260,0,0,0,0,0,0,0,0,3
1355,1355,104,10,1814,260,0,0,0,0,0,0,0,0,3
1356,1356,105,10,1830,260,0,0,0,0,0,0,0,0,10
1357,1357,106,10,1846,260,0,0,0,0,0,0,0,0,10
1358,1358,107,10,1862,260,0,0,0,0,0,0,0,0,10
1359,1359,108,10,1878,260,0,0,0,0,0,0,0,0,10
1360,1360,109,10,1894,260,0,0,0,0,0,0,0,0,10
1361,1361,110,10,1910,260,0,0,0,0,0,0,0,0,10
1362,1362,111,10,1926,260,0,0,0,0,0,0,0,0,10
1363,1363,112,10,1942,260,0,0,0,0,0,0,0,0,10
1364,1364,113,10,1958,260,0,0,0,0,0,0,0,0,10
1365,1365,114,10,1974,260,0,0,0,0,0,0,0,0,10
1366,1366,115,10,1990,260,0,0,0,0,0,0,0,0,10
1367,1367,116,10,2006,260,0,0,0,0,0,0,0,0,10
1368,1368,117,10,2022,260,0,0,0,0,0,0,0,0,10
1369,1369,118,10,2038,260,0,0,0,0,0,0,0,0,10
1370,1370,119,10,2054,260,0,0,0,0,0,0,0,0,10
1371,1371,120,10,2070,260,0,0,0,0,0,0,0,0,10
1372,1372,121,10,2086,260,0,0,0,0,0,0,0,0,10
1373,1373,122,10,2102,260,0,0,0,0,0,0,0,0,10
1374,1374,123,10,2118,260,0,0,0,0,0,0,0,0,10
1375,1375,124,10,2134,260,0,0,0,0,0,0,0,0,1
1376,1376,0,11,150,276,0,0,0,0,0,0,0,0,1
1377,1377,1,11,166,276,0,0,0,0,0,0,0,0,1
1378,1378,2,11,182,276,0,0,0,0,0,0,0,0,1
1379,1379,3,11,198,276,0,0,0,0,0,0,0,0,1
1380,1380,4,11,214,276,0,0,0,0,0,0,0,0,1
1381,1381,5,11,230,276,0,0,0,0,0,0,0,0,9
1382,1382,6,11,246,276,0,0,0,0,0,0,0,0,9
1383,1383,7,11,262,276,0,0,0,0,0,0,0,0,9
1384,1384,8,11,278,276,0,0,0,0,0,0,0,0,9
1385,1385,9,11,294,276,0,0,0,0,0,0,0,0,9
1386,1386,10,11,310,276,0,0,0,0,0,0,0,0,9
1387,1387,11,11,326,276,0,0,0,0,0,0,0,0,9
1388,1388,12,11,342,276,0,0,0,0,0,0,0,0,9
1389,1389,13,11,358,276,0,0,0,0,0,0,0,0,9
1390,1390,14,11,374,276,0,0,0,0,0,0,0,0,9
1391,1391,15,11,390,276,0,0,0,0,0,0,0,0,9
1392,1392,16,11,406,276,0,0,0,0,0,0,0,0,9
1393,1393,17,11,422,276,0,0,0,0,0,0,0,0,9
1394,1394,18,11,438,276,0,0,0,0,0,0,0,0,9
1395,1395,19,11,454,276,0,0,0,0,0,0,0,0,9
1396,1396,20,11,470,276,0,0,0,0,0,0,0,0,9
1397,1397,21,11,486,276,0,0,0,0,0,0,0,0,9
1398,1398,22,11,502,276,0,0,0,0,0,0,0,0,9
1399,1399,23,11,518,276,0,0,0,0,0,0,0,0,9
1400,1400,24,11,534,276,0,0,0,0,0,0,0,0,9
1401,1401,25,11,550,276,0,0,0,0,0,0,0,0,9
1402,1402,26,11,566,276,0,0,0,0,0,0,0,0,9
1403,1403,27,11,582,276,0,0,0,0,0,0,0,0,9
1404,1404,28,11,598,276,0,0,0,0,0,0,0,0,9
1405,1405,29,11,614,276,0,0,0,0,0,0,0,0,9
1406,1406,30,11,630,276,0,0,0,0,0,0,0,0,9
1407,1407,31,11,646,276,0,0,0,0,0,0,0,0,9
1408,1408,32,11,662,276,0,0,0,0,0,0,0,0,2
1409,1409,33,11,678,276,0,0,0,0,0,0,0,0,2
1410,1410,34,11,694,276,0,0,0,0,0,0,0,0,2
1411,1411,35,11,710,276,0,0,0,0,0,0,0,0,2
1412,1412,36,11,726,276,0,0,0,0,0,0,0,0,2
1413,1413,37,11,742,276,0,0,0,0,0,0,0,0,2
1414,1414,38,11,758,276,0,0,0,0,0,0,0,0,2
1415,1415,39,11,774,276,0,0,0,0,0,0,0,0,2
1416,1416,40,11,790,276,0,0,0,0,0,0,0,0,2
1417,1417,41,11,806,276,0,0,0,0,0,0,0,0,2
1418,1418,42,11,822,276,0,0,0,0,0,0,0,0,2
1419,1419,43,11,838,276,0,0,0,0,0,0,0,0,2
1420,1420,44,11,854,276,0,0,0,0,0,0,0,0,2
1421,1421,45,11,870,276,0,0,0,0,0,0,0,0,2
1422,1422,46,11,886,276,0,0,0,0,0,0,0,0,2
1423,1423,47,11,902,276,0,0,0,0,0,0,0,0,2
1424,1424,48,11,918,276,0,0,0,0,0,0,0,0,2
1425,1425,49,11,934,276,0,0,0,0,0,0,0,0,2
1426,1426,50,11,950,276,0,0,0,0,0,0,0,0,2
1427,1427,51,11,966,276,0,0,0,0,0,0,0,0,2
1428,1428,52,11,982,276,0,0,0,0,0,0,0,0,2
1429,1429,53,11,998,276,0,0,0,0,0,0,0,0,2
1430,1430,54,11,1014,276,0,0,0,0,0,0,0,0,2
1431,1431,55,11,1030,276,0,0,0,0,0,0,0,0,2
1432,1432,56,11,1046,276,0,0,0,0,0,0,0,0,2
1433,1433,57,11,1062,276,0,0,0,0,0,0,0,0,2
1434,1434,58,11,1078,276,0,0,0,0,0,0,0,0,2
1435,1435,59,11,1094,276,0,0,0,0,0,0,0,0,2
1436,1436,60,11,1110,276,0,0,0,0,0,0,0,0,2
1437,1437,61,11,1126,276,0,0,0,0,0,0,0,0,2
1438,1438,62,11,1142,276,0,0,0,0,0,0,0,0,2
1439,1439,63,11,1158,276,0,0,0,0,0,0,0,0,2
1440,1440,64,11,1174,276,0,0,0,0,0,0,0,0,2
1441,1441,65,11,1190,276,0,0,0,0,0,0,0,0,2
1442,1442,66,11,1206,276,0,0,0,0,0,0,0,0,11
1443,1443,67,11,1222,276,0,0,0,0,0,0,0,0,11
1444,1444,68,11,1238,276,0,0,0,0,0,0,0,0,11
1445,1445,69,11,1254,276,0,0,0,0,0,0,0,0,11
1446,1446,70,11,1270,276,0,0,0,0,0,0,0,0,11
1447,1447,71,11,1286,276,0,0,0,0,0,0,0,0,11
1448,1448,72,11,1302,276,0,0,0,0,0,0,0,0,11
1449,1449,73,11,1318,276,0,0,0,0,0,0,0,0,11
1450,1450,74,11,1334,276,0,0,0,0,0,0,0,0,5
1451,1451,75,11,1350,276,0,0,0,0,0,0,0,0,5
1452,1452,76,11,1366,276,0,0,0,0,0,0,0,0,5
1453,1453,77,11,1382,276,0,0,0,0,0,0,0,0,5
1454,1454,78,11,1398,276,0,0,0,0,0,0,0,0,5
1455,1455,79,11,1414,276,0,0,0,0,0,0,0,0,5
1456,1456,80,11,1430,276,0,0,0,0,0,0,0,0,5
1457,1457,81,11,1446,276,0,0,0,0,0,0,0,0,5
1458,1458,82,11,1462,276,0,0,0,0,0,0,0,0,5
1459,1459,83,11,1478,276,0,0,0,0,0,0,0,0,5
1460,1460,84,11,1494,276,0,0,0,0,0,0,0,0,5
1461,1461,85,11,1510,276,0,0,0,0,0,0,0,0,5
1462,1462,86,11,1526,276,0,0,0,0,0,0,0,0,5
1463,1463,87,11,1542,276,0,0,0,0,0,0,0,0,5
1464,1464,88,11,1558,276,0,0,0,0,0,0,0,0,5
1465,1465,89,11,1574,276,0,0,0,0,0,0,0,0,5
1466,1466,90,11,1590,276,0,0,0,0,0,0,0,0,5
1467,1467,91,11,1606,276,0,0,0,0,0,0,0,0,5
1468,1468,92,11,1622,276,0,0,0,0,0,0,0,0,5
1469,1469,93,11,1638,276,0,0,0,0,0,0,0,0,5
1470,1470,94,11,1654,276,0,0,0,0,0,0,0,0,5
1471,1471,95,11,1670,276,0,0,0,0,0,0,0,0,5
1472,1472,96,11,1686,276,0,0,0,0,0,0,0,0,5
1473,1473,97,11,1702,276,0,0,0,0,0,0,0,0,12
1474,1474,98,11,1718,276,0,0,0,0,0,0,0,0,5
1475,1475,99,11,1734,276,0,0,0,0,0,0,0,0,5
1476,1476,100,11,1750,276,0,0,0,0,0,0,0,0,5
1477,1477,101,11,1766,276,0,0,0,0,0,0,0,0,5
1478,1478,102,11,1782,276,0,0,0,0,0,0,0,0,5
1479,1479,103,11,1798,276,0,0,0,0,0,0,0,0,5
1480,1480,104,11,1814,276,0,0,0,0,0,0,0,0,10
1481,1481,105,11,1830,276,0,0,0,0,0,0,0,0,10
1482,1482,106,11,1846,276,0,0,0,0,0,0,0,0,10
1483,1483,107,11,1862,276,0,0,0,0,0,0,0,0,10
1484,1484,108,11,1878,276,0,0,0,0,0,0,0,0,10
1485,1485,109,11,1894,276,0,0,0,0,0,0,0,0,10
1486,1486,110,11,1910,276,0,0,0,0,0,0,0,0,10
1487,1487,111,11,1926,276,0,0,0,0,0,0,0,0,10
1488,1488,112,11,1942,276,0,0,0,0,0,0,0,0,10
1489,1489,113,11,1958,276,0,0,0,0,0,0,0,0,10
1490,1490,114,11,1974,276,0,0,0,0,0,0,0,0,10
1491,1491,115,11,1990,276,0,0,0,0,0,0,0,0,10
1492,1492,116,11,2006,276,0,0,0,0,0,0,0,0,10
1493,1493,117,11,2022,276,0,0,0,0,0,0,0,0,10
1494,1494,118,11,2038,276,0,0,0,0,0,0,0,0,10
1495,1495,119,11,2054,276,0,0,0,0,0,0,0,0,10
1496,1496,120,11,2070,276,0,0,0,0,0,0,0,0,10
1497,1497,121,11,2086,276,0,0,0,0,0,0,0,0,10
1498,1498,122,11,2102,276,0,0,0,0,0,0,0,0,10
1499,1499,123,11,2118,276,0,0,0,0,0,0,0,0,10
1500,1500,124,11,2134,276,0,0,0,0,0,0,0,0,1
1501,1501,0,12,150,292,0,0,0,0,0,0,0,0,1
1502,1502,1,12,166,292,0,0,0,0,0,0,0,0,1
1503,1503,2,12,182,292,0,0,0,0,0,0,0,0,1
1504,1504,3,12,198,292,0,0,0,0,0,0,0,0,3
1505,1505,4,12,214,292,0,0,0,0,0,0,0,0,9
1506,1506,5,12,230,292,0,0,0,0,0,0,0,0,9
1507,1507,6,12,246,292,0,0,0,0,0,0,0,0,9
1508,1508,7,12,262,292,0,0,0,0,0,0,0,0,9
1509,1509,8,12,278,292,0,0,0,0,0,0,0,0,9
1510,1510,9,12,294,292,0,0,0,0,0,0,0,0,9
1511,1511,10,12,310,292,0,0,0,0,0,0,0,0,9
1512,1512,11,12,326,292,0,0,0,0,0,0,0,0,9
1513,1513,12,12,342,292,0,0,0,0,0,0,0,0,9
1514,1514,13,12,358,292,0,0,0,0,0,0,0,0,9
1515,1515,14,12,374,292,0,0,0,0,0,0,0,0,9
1516,1516,15,12,390,292,0,0,0,0,0,0,0,0,9
1517,1517,16,12,406,292,0,0,0,0,0,0,0,0,9
1518,1518,17,12,422,292,0,0,0,0,0,0,0,0,9
1519,1519,18,12,438,292,0,0,0,0,0,0,0,0,9
1520,1520,19,12,454,292,0,0,0,0,0,0,0,0,9
1521,1521,20,12,470,292,0,0,0,0,0,0,0,0,9
1522,1522,21,12,486,292,0,0,0,0,0,0,0,0,9
1523,1523,22,12,502,292,0,0,0,0,0,0,0,0,9
1524,1524,23,12,518,292,0,0,0,0,0,0,0,0,9
1525,1525,24,12,534,292,0,0,0,0,0,0,0,0,9
1526,1526,25,12,550,292,0,0,0,0,0,0,0,0,9
1527,1527,26,12,566,292,0,0,0,0,0,0,0,0,9
1528,1528,27,12,582,292,0,0,0,0,0,0,0,0,9
1529,1529,28,12,598,292,0,0,0,0,0,0,0,0,9
1530,1530,29,12,614,292,0,0,0,0,0,0,0,0,9
1531,1531,30,12,630,292,0,0,0,0,0,0,0,0,9
1532,1532,31,12,646,292,0,0,0,0,0,0,0,0,9
1533,1533,32,12,662,292,0,0,0,0,0,0,0,0,2
1534,1534,33,12,678,292,0,0,0,0,0,0,0,0,2
1535,1535,34,12,694,292,0,0,0,0,0,0,0,0,2
1536,1536,35,12,710,292,0,0,0,0,0,0,0,0,2
1537,1537,36,12,726,292,0,0,0,0,0,0,0,0,2
1538,1538,37,12,742,292,0,0,0,0,0,0,0,0,2
1539,1539,38,12,758,292,0,0,0,0,0,0,0,0,2
1540,1540,39,12,774,292,0,0,0,0,0,0,0,0,2
1541,1541,40,12,790,292,0,0,0,0,0,0,0,0,2
1542,1542,41,12,806,292,0,0,0,0,0,0,0,0,2
1543,1543,42,12,822,292,0,0,0,0,0,0,0,0,2
1544,1544,43,12,838,292,0,0,0,0,0,0,0,0,2
1545,1545,44,12,854,292,0,0,0,0,0,0,0,0,2
1546,1546,45,12,870,292,0,0,0,0,0,0,0,0,2
1547,1547,46,12,886,292,0,0,0,0,0,0,0,0,2
1548,1548,47,12,902,292,0,0,0,0,0,0,0,0,2
1549,1549,48,12,918,292,0,0,0,0,0,0,0,0,2
1550,1550,49,12,934,292,0,0,0,0,0,0,0,0,2
1551,1551,50,12,950,292,0,0,0,0,0,0,0,0,2
1552,1552,51,12,966,292,0,0,0,0,0,0,0,0,2
1553,1553,52,12,982,292,0,0,0,0,0,0,0,0,2
1554,1554,53,12,998,292,0,0,0,0,0,0,0,0,2
1555,1555,54,12,1014,292,0,0,0,0,0,0,0,0,2
1556,1556,55,12,1030,292,0,0,0,0,0,0,0,0,2
1557,1557,56,12,1046,292,0,0,0,0,0,0,0,0,2
1558,1558,57,12,1062,292,0,0,0,0,0,0,0,0,2
1559,1559,58,12,1078,292,0,0,0,0,0,0,0,0,2
1560,1560,59,12,1094,292,0,0,0,0,0,0,0,0,2
1561,1561,60,12,1110,292,0,0,0,0,0,0,0,0,2
1562,1562,61,12,1126,292,0,0,0,0,0,0,0,0,2
1563,1563,62,12,1142,292,0,0,0,0,0,0,0,0,2
1564,1564,63,12,1158,292,0,0,0,0,0,0,0,0,2
1565,1565,64,12,1174,292,0,0,0,0,0,0,0,0,2
1566,1566,65,12,1190,292,0,0,0,0,0,0,0,0,2
1567,1567,66,12,1206,292,0,0,0,0,0,0,0,0,2
1568,1568,67,12,1222,292,0,0,0,0,0,0,0,0,11
1569,1569,68,12,1238,292,0,0,0,0,0,0,0,0,11
1570,1570,69,12,1254,292,0,0,0,0,0,0,0,0,11
1571,1571,70,12,1270,292,0,0,0,0,0,0,0,0,11
1572,1572,71,12,1286,292,0,0,0,0,0,0,0,0,11
1573,1573,72,12,1302,292,0,0,0,0,0,0,0,0,11
1574,1574,73,12,1318,292,0,0,0,0,0,0,0,0,11
1575,1575,74,12,1334,292,0,0,0,0,0,0,0,0,5
1576,1576,75,12,1350,292,0,0,0,0,0,0,0,0,5
1577,1577,76,12,1366,292,0,0,0,0,0,0,0,0,5
1578,1578,77,12,1382,292,0,0,0,0,0,0,0,0,5
1579,1579,78,12,1398,292,0,0,0,0,0,0,0,0,5
1580,1580,79,12,1414,292,0,0,0,0,0,0,0,0,5
1581,1581,80,12,1430,292,0,0,0,0,0,0,0,0,5
1582,1582,81,12,1446,292,0,0,0,0,0,0,0,0,5
1583,1583,82,12,1462,292,0,0,0,0,0,0,0,0,5
1584,1584,83,12,1478,292,0,0,0,0,0,0,0,0,5
1585,1585,84,12,1494,292,0,0,0,0,0,0,0,0,5
1586,1586,85,12,1510,292,0,0,0,0,0,0,0,0,5
1587,1587,86,12,1526,292,0,0,0,0,0,0,0,0,5
1588,1588,87,12,1542,292,0,0,0,0,0,0,0,0,5
1589,1589,88,12,1558,292,0,0,0,0,0,0,0,0,5
1590,1590,89,12,1574,292,0,0,0,0,0,0,0,0,5
1591,1591,90,12,1590,292,0,0,0,0,0,0,0,0,5
1592,1592,91,12,1606,292,0,0,0,0,0,0,0,0,5
1593,1593,92,12,1622,292,0,0,0,0,0,0,0,0,5
1594,1594,93,12,1638,292,0,0,0,0,0,0,0,0,5
1595,1595,94,12,1654,292,0,0,0,0,0,0,0,0,5
1596,1596,95,12,1670,292,0,0,0,0,0,0,0,0,5
1597,1597,96,12,1686,292,0,0,0,0,0,0,0,0,12
1598,1598,97,12,1702,292,0,0,0,0,0,0,0,0,12
1599,1599,98,12,1718,292,0,0,0,0,0,0,0,0,5
1600,1600,99,12,1734,292,0,0,0,0,0,0,0,0,5
1601,1601,100,12,1750,292,0,0,0,0,0,0,0,0,5
1602,1602,101,12,1766,292,0,0,0,0,0,0,0,0,5
1603,1603,102,12,1782,292,0,0,0,0,0,0,0,0,5
1604,1604,103,12,1798,292,0,0,0,0,0,0,0,0,5
1605,1605,104,12,1814,292,0,0,0,0,0,0,0,0,10
1606,1606,105,12,1830,292,0,0,0,0,0,0,0,0,10
1607,1607,106,12,1846,292,0,0,0,0,0,0,0,0,10
1608,1608,107,12,1862,292,0,0,0,0,0,0,0,0,10
1609,1609,108,12,1878,292,0,0,0,0,0,0,0,0,10
1610,1610,109,12,1894,292,0,0,0,0,0,0,0,0,10
1611,1611,110,12,1910,292,0,0,0,0,0,0,0,0,10
1612,1612,111,12,1926,292,0,0,0,0,0,0,0,0,10
1613,1613,112,12,1942,292,0,0,0,0,0,0,0,0,10
1614,1614,113,12,1958,292,0,0,0,0,0,0,0,0,10
1615,1615,114,12,1974,292,0,0,0,0,0,0,0,0,10
1616,1616,115,12,1990,292,0,0,0,0,0,0,0,0,10
1617,1617,116,12,2006,292,0,0,0,0,0,0,0,0,10
1618,1618,117,12,2022,292,0,0,0,0,0,0,0,0,10
1619,1619,118,12,2038,292,0,0,0,0,0,0,0,0,10
1620,1620,119,12,2054,292,0,0,0,0,0,0,0,0,10
1621,1621,120,12,2070,292,0,0,0,0,0,0,0,0,10
1622,1622,121,12,2086,292,0,0,0,0,0,0,0,0,10
1623,1623,122,12,2102,292,0,0,0,0,0,0,0,0,10
1624,1624,123,12,2118,292,0,0,0,0,0,0,0,0,10
1625,1625,124,12,2134,292,0,0,0,0,0,0,0,0,1
1626,1626,0,13,150,308,0,0,0,0,0,0,0,0,1
1627,1627,1,13,166,308,0,0,0,0,0,0,0,0,1
1628,1628,2,13,182,308,0,0,0,0,0,0,0,0,1
1629,1629,3,13,198,308,0,0,0,0,0,0,0,0,3
1630,1630,4,13,214,308,0,0,0,0,0,0,0,0,9
1631,1631,5,13,230,308,0,0,0,0,0,0,0,0,9
1632,1632,6,13,246,308,0,0,0,0,0,0,0,0,9
1633,1633,7,13,262,308,0,0,0,0,0,0,0,0,9
1634,1634,8,13,278,308,0,0,0,0,0,0,0,0,9
1635,1635,9,13,294,308,0,0,0,0,0,0,0,0,9
1636,1636,10,13,310,308,0,0,0,0,0,0,0,0,9
1637,1637,11,13,326,308,0,0,0,0,0,0,0,0,9
1638,1638,12,13,342,308,0,0,0,0,0,0,0,0,9
1639,1639,13,13,358,308,0,0,0,0,0,0,0,0,9
1640,1640,14,13,374,308,0,0,0,0,0,0,0,0,9
1641,1641,15,13,390,308,0,0,0,0,0,0,0,0,9
1642,1642,16,13,406,308,0,0,0,0,0,0,0,0,9
1643,1643,17,13,422,308,0,0,0,0,0,0,0,0,9
1644,1644,18,13,438,308,0,0,0,0,0,0,0,0,9
1645,1645,19,13,454,308,0,0,0,0,0,0,0,0,9
1646,1646,20,13,470,308,0,0,0,0,0,0,0,0,9
1647,1647,21,13,486,308,0,0,0,0,0,0,0,0,9
1648,1648,22,13,502,308,0,0,0,0,0,0,0,0,9
1649,1649,23,13,518,308,0,0,0,0,0,0,0,0,9
1650,1650,24,13,534,308,0,0,0,0,0,0,0,0,9
1651,1651,25,13,550,308,0,0,0,0,0,0,0,0,9
1652,1652,26,13,566,308,0,0,0,0,0,0,0,0,9
1653,1653,27,13,582,308,0,0,0,0,0,0,0,0,9
1654,1654,28,13,598,308,0,0,0,0,0,0,0,0,9
1655,1655,29,13,614,308,0,0,0,0,0,0,0,0,9
1656,1656,30,13,630,308,0,0,0,0,0,0,0,0,9
1657,1657,31,13,646,308,0,0,0,0,0,0,0,0,9
1658,1658,32,13,662,308,0,0,0,0,0,0,0,0,2
1659,1659,33,13,678,308,0,0,0,0,0,0,0,0,2
1660,1660,34,13,694,308,0,0,0,0,0,0,0,0,2
1661,1661,35,13,710,308,0,0,0,0,0,0,0,0,2
1662,1662,36,13,726,308,0,0,0,0,0,0,0,0,2
1663,1663,37,13,742,308,0,0,0,0,0,0,0,0,2
1664,1664,38,13,758,308,0,0,0,0,0,0,0,0,2
1665,1665,39,13,774,308,0,0,0,0,0,0,0,0,2
1666,1666,40,13,790,308,0,0,0,0,0,0,0,0,2
1667,1667,41,13,806,308,0,0,0,0,0,0,0,0,2
1668,1668,42,13,822,308,0,0,0,0,0,0,0,0,2
1669,1669,43,13,838,308,0,0,0,0,0,0,0,0,2
1670,1670,44,13,854,308,0,0,0,0,0,0,0,0,2
1671,1671,45,13,870,308,0,0,0,0,0,0,0,0,2
1672,1672,46,13,886,308,0,0,0,0,0,0,0,0,2
1673,1673,47,13,902,308,0,0,0,0,0,0,0,0,2
1674,1674,48,13,918,308,0,0,0,0,0,0,0,0,2
1675,1675,49,13,934,308,0,0,0,0,0,0,0,0,2
1676,1676,50,13,950,308,0,0,0,0,0,0,0,0,2
1677,1677,51,13,966,308,0,0,0,0,0,0,0,0,2
1678,1678,52,13,982,308,0,0,0,0,0,0,0,0,2
1679,1679,53,13,998,308,0,0,0,0,0,0,0,0,2
1680,1680,54,13,1014,308,0,0,0,0,0,0,0,0,2
1681,1681,55,13,1030,308,0,0,0,0,0,0,0,0,2
1682,1682,56,13,1046,308,0,0,0,0,0,0,0,0,2
1683,1683,57,13,1062,308,0,0,0,0,0,0,0,0,2
1684,1684,58,13,1078,308,0,0,0,0,0,0,0,0,2
1685,1685,59,13,1094,308,0,0,0,0,0,0,0,0,2
1686,1686,60,13,1110,308,0,0,0,0,0,0,0,0,2
1687,1687,61,13,1126,308,0,0,0,0,0,0,0,0,2
1688,1688,62,13,1142,308,0,0,0,0,0,0,0,0,2
1689,1689,63,13,1158,308,0,0,0,0,0,0,0,0,2
1690,1690,64,13,1174,308,0,0,0,0,0,0,0,0,2
1691,1691,65,13,1190,308,0,0,0,0,0,0,0,0,2
1692,1692,66,13,1206,308,0,0,0,0,0,0,0,0,2
1693,1693,67,13,1222,308,0,0,0,0,0,0,0,0,11
1694,1694,68,13,1238,308,0,0,0,0,0,0,0,0,11
1695,1695,69,13,1254,308,0,0,0,0,0,0,0,0,11
1696,1696,70,13,1270,308,0,0,0,0,0,0,0,0,11
1697,1697,71,13,1286,308,0,0,0,0,0,0,0,0,11
1698,1698,72,13,1302,308,0,0,0,0,0,0,0,0,11
1699,1699,73,13,1318,308,0,0,0,0,0,0,0,0,11
1700,1700,74,13,1334,308,0,0,0,0,0,0,0,0,11
1701,1701,75,13,1350,308,0,0,0,0,0,0,0,0,5
1702,1702,76,13,1366,308,0,0,0,0,0,0,0,0,5
1703,1703,77,13,1382,308,0,0,0,0,0,0,0,0,5
1704,1704,78,13,1398,308,0,0,0,0,0,0,0,0,5
1705,1705,79,13,1414,308,0,0,0,0,0,0,0,0,5
1706,1706,80,13,1430,308,0,0,0,0,0,0,0,0,5
1707,1707,81,13,1446,308,0,0,0,0,0,0,0,0,5
1708,1708,82,13,1462,308,0,0,0,0,0,0,0,0,5
1709,1709,83,13,1478,308,0,0,0,0,0,0,0,0,5
1710,1710,84,13,1494,308,0,0,0,0,0,0,0,0,5
1711,1711,85,13,1510,308,0,0,0,0,0,0,0,0,5
1712,1712,86,13,1526,308,0,0,0,0,0,0,0,0,5
1713,1713,87,13,1542,308,0,0,0,0,0,0,0,0,5
1714,1714,88,13,1558,308,0,0,0,0,0,0,0,0,5
1715,1715,89,13,1574,308,0,0,0,0,0,0,0,0,5
1716,1716,90,13,1590,308,0,0,0,0,0,0,0,0,5
1717,1717,91,13,1606,308,0,0,0,0,0,0,0,0,5
1718,1718,92,13,1622,308,0,0,0,0,0,0,0,0,5
1719,1719,93,13,1638,308,0,0,0,0,0,0,0,0,5
1720,1720,94,13,1654,308,0,0,0,0,0,0,0,0,12
1721,1721,95,13,1670,308,0,0,0,0,0,0,0,0,12
1722,1722,96,13,1686,308,0,0,0,0,0,0,0,0,12
1723,1723,97,13,1702,308,0,0,0,0,0,0,0,0,5
1724,1724,98,13,1718,308,0,0,0,0,0,0,0,0,5
1725,1725,99,13,1734,308,0,0,0,0,0,0,0,0,5
1726,1726,100,13,1750,308,0,0,0,0,0,0,0,0,5
1727,1727,101,13,1766,308,0,0,0,0,0,0,0,0,5
1728,1728,102,13,1782,308,0,0,0,0,0,0,0,0,5
1729,1729,103,13,1798,308,0,0,0,0,0,0,0,0,5
1730,1730,104,13,1814,308,0,0,0,0,0,0,0,0,10
1731,1731,105,13,1830,308,0,0,0,0,0,0,0,0,10
1732,1732,106,13,1846,308,0,0,0,0,0,0,0,0,10
1733,1733,107,13,1862,308,0,0,0,0,0,0,0,0,10
1734,1734,108,13,1878,308,0,0,0,0,0,0,0,0,10
1735,1735,109,13,1894,308,0,0,0,0,0,0,0,0,10
1736,1736,110,13,1910,308,0,0,0,0,0,0,0,0,10
1737,1737,111,13,1926,308,0,0,0,0,0,0,0,0,10
1738,1738,112,13,1942,308,0,0,0,0,0,0,0,0,10
1739,1739,113,13,1958,308,0,0,0,0,0,0,0,0,10
1740,1740,114,13,1974,308,0,0,0,0,0,0,0,0,10
1741,1741,115,13,1990,308,0,0,0,0,0,0,0,0,10
1742,1742,116,13,2006,308,0,0,0,0,0,0,0,0,10
1743,1743,117,13,2022,308,0,0,0,0,0,0,0,0,10
1744,1744,118,13,2038,308,0,0,0,0,0,0,0,0,10
1745,1745,119,13,2054,308,0,0,0,0,0,0,0,0,10
1746,1746,120,13,2070,308,0,0,0,0,0,0,0,0,10
1747,1747,121,13,2086,308,0,0,0,0,0,0,0,0,10
1748,1748,122,13,2102,308,0,0,0,0,0,0,0,0,10
1749,1749,123,13,2118,308,0,0,0,0,0,0,0,0,10
1750,1750,124,13,2134,308,0,0,0,0,0,0,0,0,1
1751,1751,0,14,150,324,0,0,0,0,0,0,0,0,1
1752,1752,1,14,166,324,0,0,0,0,0,0,0,0,3
1753,1753,2,14,182,324,0,0,0,0,0,0,0,0,13
1754,1754,3,14,198,324,0,0,0,0,0,0,0,0,9
1755,1755,4,14,214,324,0,0,0,0,0,0,0,0,9
1756,1756,5,14,230,324,0,0,0,0,0,0,0,0,9
1757,1757,6,14,246,324,0,0,0,0,0,0,0,0,9
1758,1758,7,14,262,324,0,0,0,0,0,0,0,0,9
1759,1759,8,14,278,324,0,0,0,0,0,0,0,0,9
1760,1760,9,14,294,324,0,0,0,0,0,0,0,0,9
1761,1761,10,14,310,324,0,0,0,0,0,0,0,0,9
1762,1762,11,14,326,324,0,0,0,0,0,0,0,0,9
1763,1763,12,14,342,324,0,0,0,0,0,0,0,0,9
1764,1764,13,14,358,324,0,0,0,0,0,0,0,0,9
1765,1765,14,14,374,324,0,0,0,0,0,0,0,0,9
1766,1766,15,14,390,324,0,0,0,0,0,0,0,0,9
1767,1767,16,14,406,324,0,0,0,0,0,0,0,0,9
1768,1768,17,14,422,324,0,0,0,0,0,0,0,0,9
1769,1769,18,14,438,324,0,0,0,0,0,0,0,0,9
1770,1770,19,14,454,324,0,0,0,0,0,0,0,0,9
1771,1771,20,14,470,324,0,0,0,0,0,0,0,0,9
1772,1772,21,14,486,324,0,0,0,0,0,0,0,0,9
1773,1773,22,14,502,324,0,0,0,0,0,0,0,0,9
1774,1774,23,14,518,324,0,0,0,0,0,0,0,0,9
1775,1775,24,14,534,324,0,0,0,0,0,0,0,0,9
1776,1776,25,14,550,324,0,0,0,0,0,0,0,0,9
1777,1777,26,14,566,324,0,0,0,0,0,0,0,0,9
1778,1778,27,14,582,324,0,0,0,0,0,0,0,0,9
1779,1779,28,14,598,324,0,0,0,0,0,0,0,0,9
1780,1780,29,14,614,324,0,0,0,0,0,0,0,0,9
1781,1781,30,14,630,324,0,0,0,0,0,0,0,0,9
1782,1782,31,14,646,324,0,0,0,0,0,0,0,0,9
1783,1783,32,14,662,324,0,0,0,0,0,0,0,0,9
1784,1784,33,14,678,324,0,0,0,0,0,0,0,0,2
1785,1785,34,14,694,324,0,0,0,0,0,0,0,0,2
1786,1786,35,14,710,324,0,0,0,0,0,0,0,0,2
1787,1787,36,14,726,324,0,0,0,0,0,0,0,0,2
1788,1788,37,14,742,324,0,0,0,0,0,0,0,0,2
1789,1789,38,14,758,324,0,0,0,0,0,0,0,0,2
1790,1790,39,14,774,324,0,0,0,0,0,0,0,0,2
1791,1791,40,14,790,324,0,0,0,0,0,0,0,0,2
1792,1792,41,14,806,324,0,0,0,0,0,0,0,0,2
1793,1793,42,14,822,324,0,0,0,0,0,0,0,0,2
1794,1794,43,14,838,324,0,0,0,0,0,0,0,0,2
1795,1795,44,14,854,324,0,0,0,0,0,0,0,0,2
1796,1796,45,14,870,324,0,0,0,0,0,0,0,0,2
1797,1797,46,14,886,324,0,0,0,0,0,0,0,0,2
1798,1798,47,14,902,324,0,0,0,0,0,0,0,0,2
1799,1799,48,14,918,324,0,0,0,0,0,0,0,0,2
1800,1800,49,14,934,324,0,0,0,0,0,0,0,0,2
1801,1801,50,14,950,324,0,0,0,0,0,0,0,0,2
1802,1802,51,14,966,324,0,0,0,0,0,0,0,0,2
1803,1803,52,14,982,324,0,0,0,0,0,0,0,0,2
1804,1804,53,14,998,324,0,0,0,0,0,0,0,0,2
1805,1805,54,14,1014,324,0,0,0,0,0,0,0,0,2
1806,1806,55,14,1030,324,0,0,0,0,0,0,0,0,2
1807,1807,56,14,1046,324,0,0,0,0,0,0,0,0,2
1808,1808,57,14,1062,324,0,0,0,0,0,0,0,0,2
1809,1809,58,14,1078,324,0,0,0,0,0,0,0,0,2
1810,1810,59,14,1094,324,0,0,0,0,0,0,0,0,2
1811,1811,60,14,1110,324,0,0,0,0,0,0,0,0,2
1812,1812,61,14,1126,324,0,0,0,0,0,0,0,0,2
1813,1813,62,14,1142,324,0,0,0,0,0,0,0,0,2
1814,1814,63,14,1158,324,0,0,0,0,0,0,0,0,2
1815,1815,64,14,1174,324,0,0,0,0,0,0,0,0,2
1816,1816,65,14,1190,324,0,0,0,0,0,0,0,0,2
1817,1817,66,14,1206,324,0,0,0,0,0,0,0,0,2
1818,1818,67,14,1222,324,0,0,0,0,0,0,0,0,11
1819,1819,68,14,1238,324,0,0,0,0,0,0,0,0,11
1820,1820,69,14,1254,324,0,0,0,0,0,0,0,0,11
1821,1821,70,14,1270,324,0,0,0,0,0,0,0,0,11
1822,1822,71,14,1286,324,0,0,0,0,0,0,0,0,11
1823,1823,72,14,1302,324,0,0,0,0,0,0,0,0,11
1824,1824,73,14,1318,324,0,0,0,0,0,0,0,0,11
1825,1825,74,14,1334,324,0,0,0,0,0,0,0,0,11
1826,1826,75,14,1350,324,0,0,0,0,0,0,0,0,5
1827,1827,76,14,1366,324,0,0,0,0,0,0,0,0,5
1828,1828,77,14,1382,324,0,0,0,0,0,0,0,0,5
1829,1829,78,14,1398,324,0,0,0,0,0,0,0,0,5
1830,1830,79,14,1414,324,0,0,0,0,0,0,0,0,5
1831,1831,80,14,1430,324,0,0,0,0,0,0,0,0,5
1832,1832,81,14,1446,324,0,0,0,0,0,0,0,0,5
1833,1833,82,14,1462,324,0,0,0,0,0,0,0,0,5
1834,1834,83,14,1478,324,0,0,0,0,0,0,0,0,5
1835,1835,84,14,1494,324,0,0,0,0,0,0,0,0,5
1836,1836,85,14,1510,324,0,0,0,0,0,0,0,0,5
1837,1837,86,14,1526,324,0,0,0,0,0,0,0,0,5
1838,1838,87,14,1542,324,0,0,0,0,0,0,0,0,5
1839,1839,88,14,1558,324,0,0,0,0,0,0,0,0,5
1840,1840,89,14,1574,324,0,0,0,0,0,0,0,0,5
1841,1841,90,14,1590,324,0,0,0,0,0,0,0,0,5
1842,1842,91,14,1606,324,0,0,0,0,0,0,0,0,5
1843,1843,92,14,1622,324,0,0,0,0,0,0,0,0,5
1844,1844,93,14,1638,324,0,0,0,0,0,0,0,0,12
1845,1845,94,14,1654,324,0,0,0,0,0,0,0,0,12
1846,1846,95,14,1670,324,0,0,0,0,0,0,0,0,12
1847,1847,96,14,1686,324,0,0,0,0,0,0,0,0,5
1848,1848,97,14,1702,324,0,0,0,0,0,0,0,0,5
1849,1849,98,14,1718,324,0,0,0,0,0,0,0,0,5
1850,1850,99,14,1734,324,0,0,0,0,0,0,0,0,5
1851,1851,100,14,1750,324,0,0,0,0,0,0,0,0,5
1852,1852,101,14,1766,324,0,0,0,0,0,0,0,0,5
1853,1853,102,14,1782,324,0,0,0,0,0,0,0,0,5
1854,1854,103,14,1798,324,0,0,0,0,0,0,0,0,5
1855,1855,104,14,1814,324,0,0,0,0,0,0,0,0,10
1856,1856,105,14,1830,324,0,0,0,0,0,0,0,0,10
1857,1857,106,14,1846,324,0,0,0,0,0,0,0,0,10
1858,1858,107,14,1862,324,0,0,0,0,0,0,0,0,10
1859,1859,108,14,1878,324,0,0,0,0,0,0,0,0,10
1860,1860,109,14,1894,324,0,0,0,0,0,0,0,0,10
1861,1861,110,14,1910,324,0,0,0,0,0,0,0,0,10
1862,1862,111,14,1926,324,0,0,0,0,0,0,0,0,10
1863,1863,112,14,1942,324,0,0,0,0,0,0,0,0,10
1864,1864,113,14,1958,324,0,0,0,0,0,0,0,0,10
1865,1865,114,14,1974,324,0,0,0,0,0,0,0,0,10
1866,1866,115,14,1990,324,0,0,0,0,0,0,0,0,10
1867,1867,116,14,2006,324,0,0,0,0,0,0,0,0,10
1868,1868,117,14,2022,324,0,0,0,0,0,0,0,0,10
1869,1869,118,14,2038,324,0,0,0,0,0,0,0,0,10
1870,1870,119,14,2054,324,0,0,0,0,0,0,0,0,10
1871,1871,120,14,2070,324,0,0,0,0,0,0,0,0,10
1872,1872,121,14,2086,324,0,0,0,0,0,0,0,0,10
1873,1873,122,14,2102,324,0,0,0,0,0,0,0,0,10
1874,1874,123,14,2118,324,0,0,0,0,0,0,0,0,10
1875,1875,124,14,2134,324,0,0,0,0,0,0,0,0,13
1876,1876,0,15,150,340,0,0,0,0,0,0,0,0,13
1877,1877,1,15,166,340,0,0,0,0,0,0,0,0,13
1878,1878,2,15,182,340,0,0,0,0,0,0,0,0,13
1879,1879,3,15,198,340,0,0,0,0,0,0,0,0,9
1880,1880,4,15,214,340,0,0,0,0,0,0,0,0,9
1881,1881,5,15,230,340,0,0,0,0,0,0,0,0,9
1882,1882,6,15,246,340,0,0,0,0,0,0,0,0,9
1883,1883,7,15,262,340,0,0,0,0,0,0,0,0,9
1884,1884,8,15,278,340,0,0,0,0,0,0,0,0,9
1885,1885,9,15,294,340,0,0,0,0,0,0,0,0,9
1886,1886,10,15,310,340,0,0,0,0,0,0,0,0,9
1887,1887,11,15,326,340,0,0,0,0,0,0,0,0,9
1888,1888,12,15,342,340,0,0,0,0,0,0,0,0,9
1889,1889,13,15,358,340,0,0,0,0,0,0,0,0,9
1890,1890,14,15,374,340,0,0,0,0,0,0,0,0,9
1891,1891,15,15,390,340,0,0,0,0,0,0,0,0,9
1892,1892,16,15,406,340,0,0,0,0,0,0,0,0,9
1893,1893,17,15,422,340,0,0,0,0,0,0,0,0,9
1894,1894,18,15,438,340,0,0,0,0,0,0,0,0,9
1895,1895,19,15,454,340,0,0,0,0,0,0,0,0,9
1896,1896,20,15,470,340,0,0,0,0,0,0,0,0,9
1897,1897,21,15,486,340,0,0,0,0,0,0,0,0,9
1898,1898,22,15,502,340,0,0,0,0,0,0,0,0,9
1899,1899,23,15,518,340,0,0,0,0,0,0,0,0,9
1900,1900,24,15,534,340,0,0,0,0,0,0,0,0,9
1901,1901,25,15,550,340,0,0,0,0,0,0,0,0,9
1902,1902,26,15,566,340,0,0,0,0,0,0,0,0,9
1903,1903,27,15,582,340,0,0,0,0,0,0,0,0,9
1904,1904,28,15,598,340,0,0,0,0,0,0,0,0,9
1905,1905,29,15,614,340,0,0,0,0,0,0,0,0,9
1906,1906,30,15,630,340,0,0,0,0,0,0,0,0,9
1907,1907,31,15,646,340,0,0,0,0,0,0,0,0,9
1908,1908,32,15,662,340,0,0,0,0,0,0,0,0,9
1909,1909,33,15,678,340,0,0,0,0,0,0,0,0,2
1910,1910,34,15,694,340,0,0,0,0,0,0,0,0,2
1911,1911,35,15,710,340,0,0,0,0,0,0,0,0,2
1912,1912,36,15,726,340,0,0,0,0,0,0,0,0,2
1913,1913,37,15,742,340,0,0,0,0,0,0,0,0,2
1914,1914,38,15,758,340,0,0,0,0,0,0,0,0,2
1915,1915,39,15,774,340,0,0,0,0,0,0,0,0,2
1916,1916,40,15,790,340,0,0,0,0,0,0,0,0,2
1917,1917,41,15,806,340,0,0,0,0,0,0,0,0,2
1918,1918,42,15,822,340,0,0,0,0,0,0,0,0,2
1919,1919,43,15,838,340,0,0,0,0,0,0,0,0,2
1920,1920,44,15,854,340,0,0,0,0,0,0,0,0,2
1921,1921,45,15,870,340,0,0,0,0,0,0,0,0,2
1922,1922,46,15,886,340,0,0,0,0,0,0,0,0,2
1923,1923,47,15,902,340,0,0,0,0,0,0,0,0,2
1924,1924,48,15,918,340,0,0,0,0,0,0,0,0,2
1925,1925,49,15,934,340,0,0,0,0,0,0,0,0,2
1926,1926,50,15,950,340,0,0,0,0,0,0,0,0,2
1927,1927,51,15,966,340,0,0,0,0,0,0,0,0,2
1928,1928,52,15,982,340,0,0,0,0,0,0,0,0,2
1929,1929,53,15,998,340,0,0,0,0,0,0,0,0,2
1930,1930,54,15,1014,340,0,0,0,0,0,0,0,0,2
1931,1931,55,15,1030,340,0,0,0,0,0,0,0,0,2
1932,1932,56,15,1046,340,0,0,0,0,0,0,0,0,2
1933,1933,57,15,1062,340,0,0,0,0,0,0,0,0,2
1934,1934,58,15,1078,340,0,0,0,0,0,0,0,0,2
1935,1935,59,15,1094,340,0,0,0,0,0,0,0,0,2
1936,1936,60,15,1110,340,0,0,0,0,0,0,0,0,2
1937,1937,61,15,1126,340,0,0,0,0,0,0,0,0,2
1938,1938,62,15,1142,340,0,0,0,0,0,0,0,0,2
1939,1939,63,15,1158,340,0,0,0,0,0,0,0,0,2
1940,1940,64,15,1174,340,0,0,0,0,0,0,0,0,2
1941,1941,65,15,1190,340,0,0,0,0,0,0,0,0,2
1942,1942,66,15,1206,340,0,0,0,0,0,0,0,0,2
1943,1943,67,15,1222,340,0,0,0,0,0,0,0,0,11
1944,1944,68,15,1238,340,0,0,0,0,0,0,0,0,11
1945,1945,69,15,1254,340,0,0,0,0,0,0,0,0,11
1946,1946,70,15,1270,340,0,0,0,0,0,0,0,0,11
1947,1947,71,15,1286,340,0,0,0,0,0,0,0,0,11
1948,1948,72,15,1302,340,0,0,0,0,0,0,0,0,11
1949,1949,73,15,1318,340,0,0,0,0,0,0,0,0,11
1950,1950,74,15,1334,340,0,0,0,0,0,0,0,0,11
1951,1951,75,15,1350,340,0,0,0,0,0,0,0,0,11
1952,1952,76,15,1366,340,0,0,0,0,0,0,0,0,11
1953,1953,77,15,1382,340,0,0,0,0,0,0,0,0,5
1954,1954,78,15,1398,340,0,0,0,0,0,0,0,0,5
1955,1955,79,15,1414,340,0,0,0,0,0,0,0,0,5
1956,1956,80,15,1430,340,0,0,0,0,0,0,0,0,5
1957,1957,81,15,1446,340,0,0,0,0,0,0,0,0,5
1958,1958,82,15,1462,340,0,0,0,0,0,0,0,0,5
1959,1959,83,15,1478,340,0,0,0,0,0,0,0,0,5
1960,1960,84,15,1494,340,0,0,0,0,0,0,0,0,5
1961,1961,85,15,1510,340,0,0,0,0,0,0,0,0,5
1962,1962,86,15,1526,340,0,0,0,0,0,0,0,0,5
1963,1963,87,15,1542,340,0,0,0,0,0,0,0,0,5
1964,1964,88,15,1558,340,0,0,0,0,0,0,0,0,5
1965,1965,89,15,1574,340,0,0,0,0,0,0,0,0,5
1966,1966,90,15,1590,340,0,0,0,0,0,0,0,0,5
1967,1967,91,15,1606,340,0,0,0,0,0,0,0,0,5
1968,1968,92,15,1622,340,0,0,0,0,0,0,0,0,12
1969,1969,93,15,1638,340,0,0,0,0,0,0,0,0,12
1970,1970,94,15,1654,340,0,0,0,0,0,0,0,0,5
1971,1971,95,15,1670,340,0,0,0,0,0,0,0,0,5
1972,1972,96,15,1686,340,0,0,0,0,0,0,0,0,5
1973,1973,97,15,1702,340,0,0,0,0,0,0,0,0,5
1974,1974,98,15,1718,340,0,0,0,0,0,0,0,0,5
1975,1975,99,15,1734,340,0,0,0,0,0,0,0,0,5
1976,1976,100,15,1750,340,0,0,0,0,0,0,0,0,5
1977,1977,101,15,1766,340,0,0,0,0,0,0,0,0,5
1978,1978,102,15,1782,340,0,0,0,0,0,0,0,0,5
1979,1979,103,15,1798,340,0,0,0,0,0,0,0,0,14
1980,1980,104,15,1814,340,0,0,0,0,0,0,0,0,14
1981,1981,105,15,1830,340,0,0,0,0,0,0,0,0,14
1982,1982,106,15,1846,340,0,0,0,0,0,0,0,0,10
1983,1983,107,15,1862,340,0,0,0,0,0,0,0,0,10
1984,1984,108,15,1878,340,0,0,0,0,0,0,0,0,10
1985,1985,109,15,1894,340,0,0,0,0,0,0,0,0,10
1986,1986,110,15,1910,340,0,0,0,0,0,0,0,0,10
1987,1987,111,15,1926,340,0,0,0,0,0,0,0,0,10
1988,1988,112,15,1942,340,0,0,0,0,0,0,0,0,10
1989,1989,113,15,1958,340,0,0,0,0,0,0,0,0,10
1990,1990,114,15,1974,340,0,0,0,0,0,0,0,0,10
1991,1991,115,15,1990,340,0,0,0,0,0,0,0,0,10
1992,1992,116,15,2006,340,0,0,0,0,0,0,0,0,10
1993,1993,117,15,2022,340,0,0,0,0,0,0,0,0,10
1994,1994,118,15,2038,340,0,0,0,0,0,0,0,0,10
1995,1995,119,15,2054,340,0,0,0,0,0,0,0,0,10
1996,1996,120,15,2070,340,0,0,0,0,0,0,0,0,10
1997,1997,121,15,2086,340,0,0,0,0,0,0,0,0,10
1998,1998,122,15,2102,340,0,0,0,0,0,0,0,0,10
1999,1999,123,15,2118,340,0,0,0,0,0,0,0,0,10
2000,2000,124,15,2134,340,0,0,0,0,0,0,0,0,13
2001,2001,0,16,150,356,0,0,0,0,0,0,0,0,9
2002,2002,1,16,166,356,0,0,0,0,0,0,0,0,13
2003,2003,2,16,182,356,0,0,0,0,0,0,0,0,9
2004,2004,3,16,198,356,0,0,0,0,0,0,0,0,9
2005,2005,4,16,214,356,0,0,0,0,0,0,0,0,9
2006,2006,5,16,230,356,0,0,0,0,0,0,0,0,9
2007,2007,6,16,246,356,0,0,0,0,0,0,0,0,9
2008,2008,7,16,262,356,0,0,0,0,0,0,0,0,9
2009,2009,8,16,278,356,0,0,0,0,0,0,0,0,9
2010,2010,9,16,294,356,0,0,0,0,0,0,0,0,9
2011,2011,10,16,310,356,0,0,0,0,0,0,0,0,9
2012,2012,11,16,326,356,0,0,0,0,0,0,0,0,9
2013,2013,12,16,342,356,0,0,0,0,0,0,0,0,9
2014,2014,13,16,358,356,0,0,0,0,0,0,0,0,9
2015,2015,14,16,374,356,0,0,0,0,0,0,0,0,9
2016,2016,15,16,390,356,0,0,0,0,0,0,0,0,9
2017,2017,16,16,406,356,0,0,0,0,0,0,0,0,9
2018,2018,17,16,422,356,0,0,0,0,0,0,0,0,9
2019,2019,18,16,438,356,0,0,0,0,0,0,0,0,9
2020,2020,19,16,454,356,0,0,0,0,0,0,0,0,9
2021,2021,20,16,470,356,0,0,0,0,0,0,0,0,9
2022,2022,21,16,486,356,0,0,0,0,0,0,0,0,9
2023,2023,22,16,502,356,0,0,0,0,0,0,0,0,9
2024,2024,23,16,518,356,0,0,0,0,0,0,0,0,9
2025,2025,24,16,534,356,0,0,0,0,0,0,0,0,9
2026,2026,25,16,550,356,0,0,0,0,0,0,0,0,9
2027,2027,26,16,566,356,0,0,0,0,0,0,0,0,9
2028,2028,27,16,582,356,0,0,0,0,0,0,0,0,9
2029,2029,28,16,598,356,0,0,0,0,0,0,0,0,9
2030,2030,29,16,614,356,0,0,0,0,0,0,0,0,9
2031,2031,30,16,630,356,0,0,0,0,0,0,0,0,9
2032,2032,31,16,646,356,0,0,0,0,0,0,0,0,9
2033,2033,32,16,662,356,0,0,0,0,0,0,0,0,9
2034,2034,33,16,678,356,0,0,0,0,0,0,0,0,2
2035,2035,34,16,694,356,0,0,0,0,0,0,0,0,2
2036,2036,35,16,710,356,0,0,0,0,0,0,0,0,2
2037,2037,36,16,726,356,0,0,0,0,0,0,0,0,2
2038,2038,37,16,742,356,0,0,0,0,0,0,0,0,2
2039,2039,38,16,758,356,0,0,0,0,0,0,0,0,2
2040,2040,39,16,774,356,0,0,0,0,0,0,0,0,2
2041,2041,40,16,790,356,0,0,0,0,0,0,0,0,2
2042,2042,41,16,806,356,0,0,0,0,0,0,0,0,2
2043,2043,42,16,822,356,0,0,0,0,0,0,0,0,2
2044,2044,43,16,838,356,0,0,0,0,0,0,0,0,2
2045,2045,44,16,854,356,0,0,0,0,0,0,0,0,2
2046,2046,45,16,870,356,0,0,0,0,0,0,0,0,2
2047,2047,46,16,886,356,0,0,0,0,0,0,0,0,2
2048,2048,47,16,902,356,0,0,0,0,0,0,0,0,2
2049,2049,48,16,918,356,0,0,0,0,0,0,0,0,2
2050,2050,49,16,934,356,0,0,0,0,0,0,0,0,2
2051,2051,50,16,950,356,0,0,0,0,0,0,0,0,2
2052,2052,51,16,966,356,0,0,0,0,0,0,0,0,2
2053,2053,52,16,982,356,0,0,0,0,0,0,0,0,2
2054,2054,53,16,998,356,0,0,0,0,0,0,0,0,2
2055,2055,54,16,1014,356,0,0,0,0,0,0,0,0,2
2056,2056,55,16,1030,356,0,0,0,0,0,0,0,0,2
2057,2057,56,16,1046,356,0,0,0,0,0,0,0,0,2
2058,2058,57,16,1062,356,0,0,0,0,0,0,0,0,2
2059,2059,58,16,1078,356,0,0,0,0,0,0,0,0,2
2060,2060,59,16,1094,356,0,0,0,0,0,0,0,0,2
2061,2061,60,16,1110,356,0,0,0,0,0,0,0,0,2
2062,2062,61,16,1126,356,0,0,0,0,0,0,0,0,2
2063,2063,62,16,1142,356,0,0,0,0,0,0,0,0,2
2064,2064,63,16,1158,356,0,0,0,0,0,0,0,0,2
2065,2065,64,16,1174,356,0,0,0,0,0,0,0,0,2
2066,2066,65,16,1190,356,0,0,0,0,0,0,0,0,2
2067,2067,66,16,1206,356,0,0,0,0,0,0,0,0,2
2068,2068,67,16,1222,356,0,0,0,0,0,0,0,0,2
2069,2069,68,16,1238,356,0,0,0,0,0,0,0,0,11
2070,2070,69,16,1254,356,0,0,0,0,0,0,0,0,11
2071,2071,70,16,1270,356,0,0,0,0,0,0,0,0,11
2072,2072,71,16,1286,356,0,0,0,0,0,0,0,0,11
2073,2073,72,16,1302,356,0,0,0,0,0,0,0,0,11
2074,2074,73,16,1318,356,0,0,0,0,0,0,0,0,11
2075,2075,74,16,1334,356,0,0,0,0,0,0,0,0,11
2076,2076,75,16,1350,356,0,0,0,0,0,0,0,0,11
2077,2077,76,16,1366,356,0,0,0,0,0,0,0,0,11
2078,2078,77,16,1382,356,0,0,0,0,0,0,0,0,5
2079,2079,78,16,1398,356,0,0,0,0,0,0,0,0,5
2080,2080,79,16,1414,356,0,0,0,0,0,0,0,0,5
2081,2081,80,16,1430,356,0,0,0,0,0,0,0,0,5
2082,2082,81,16,1446,356,0,0,0,0,0,0,0,0,5
2083,2083,82,16,1462,356,0,0,0,0,0,0,0,0,5
2084,2084,83,16,1478,356,0,0,0,0,0,0,0,0,5
2085,2085,84,16,1494,356,0,0,0,0,0,0,0,0,5
2086,2086,85,16,1510,356,0,0,0,0,0,0,0,0,5
2087,2087,86,16,1526,356,0,0,0,0,0,0,0,0,5
2088,2088,87,16,1542,356,0,0,0,0,0,0,0,0,5
2089,2089,88,16,1558,356,0,0,0,0,0,0,0,0,5
2090,2090,89,16,1574,356,0,0,0,0,0,0,0,0,5
2091,2091,90,16,1590,356,0,0,0,0,0,0,0,0,12
2092,2092,91,16,1606,356,0,0,0,0,0,0,0,0,12
2093,2093,92,16,1622,356,0,0,0,0,0,0,0,0,12
2094,2094,93,16,1638,356,0,0,0,0,0,0,0,0,5
2095,2095,94,16,1654,356,0,0,0,0,0,0,0,0,5
2096,2096,95,16,1670,356,0,0,0,0,0,0,0,0,5
2097,2097,96,16,1686,356,0,0,0,0,0,0,0,0,5
2098,2098,97,16,1702,356,0,0,0,0,0,0,0,0,5
2099,2099,98,16,1718,356,0,0,0,0,0,0,0,0,5
2100,2100,99,16,1734,356,0,0,0,0,0,0,0,0,5
2101,2101,100,16,1750,356,0,0,0,0,0,0,0,0,14
2102,2102,101,16,1766,356,0,0,0,0,0,0,0,0,14
2103,2103,102,16,1782,356,0,0,0,0,0,0,0,0,14
2104,2104,103,16,1798,356,0,0,0,0,0,0,0,0,14
2105,2105,104,16,1814,356,0,0,0,0,0,0,0,0,14
2106,2106,105,16,1830,356,0,0,0,0,0,0,0,0,14
2107,2107,106,16,1846,356,0,0,0,0,0,0,0,0,14
2108,2108,107,16,1862,356,0,0,0,0,0,0,0,0,14
2109,2109,108,16,1878,356,0,0,0,0,0,0,0,0,14
2110,2110,109,16,1894,356,0,0,0,0,0,0,0,0,10
2111,2111,110,16,1910,356,0,0,0,0,0,0,0,0,10
2112,2112,111,16,1926,356,0,0,0,0,0,0,0,0,10
2113,2113,112,16,1942,356,0,0,0,0,0,0,0,0,10
2114,2114,113,16,1958,356,0,0,0,0,0,0,0,0,10
2115,2115,114,16,1974,356,0,0,0,0,0,0,0,0,10
2116,2116,115,16,1990,356,0,0,0,0,0,0,0,0,10
2117,2117,116,16,2006,356,0,0,0,0,0,0,0,0,10
2118,2118,117,16,2022,356,0,0,0,0,0,0,0,0,10
2119,2119,118,16,2038,356,0,0,0,0,0,0,0,0,10
2120,2120,119,16,2054,356,0,0,0,0,0,0,0,0,10
2121,2121,120,16,2070,356,0,0,0,0,0,0,0,0,10
2122,2122,121,16,2086,356,0,0,0,0,0,0,0,0,10
2123,2123,122,16,2102,356,0,0,0,0,0,0,0,0,10
2124,2124,123,16,2118,356,0,0,0,0,0,0,0,0,10
2125,2125,124,16,2134,356,0,0,0,0,0,0,0,0,9
2126,2126,0,17,150,372,0,0,0,0,0,0,0,0,9
2127,2127,1,17,166,372,0,0,0,0,0,0,0,0,9
2128,2128,2,17,182,372,0,0,0,0,0,0,0,0,9
2129,2129,3,17,198,372,0,0,0,0,0,0,0,0,9
2130,2130,4,17,214,372,0,0,0,0,0,0,0,0,9
2131,2131,5,17,230,372,0,0,0,0,0,0,0,0,9
2132,2132,6,17,246,372,0,0,0,0,0,0,0,0,9
2133,2133,7,17,262,372,0,0,0,0,0,0,0,0,9
2134,2134,8,17,278,372,0,0,0,0,0,0,0,0,9
2135,2135,9,17,294,372,0,0,0,0,0,0,0,0,9
2136,2136,10,17,310,372,0,0,0,0,0,0,0,0,9
2137,2137,11,17,326,372,0,0,0,0,0,0,0,0,9
2138,2138,12,17,342,372,0,0,0,0,0,0,0,0,9
2139,2139,13,17,358,372,0,0,0,0,0,0,0,0,9
2140,2140,14,17,374,372,0,0,0,0,0,0,0,0,9
2141,2141,15,17,390,372,0,0,0,0,0,0,0,0,9
2142,2142,16,17,406,372,0,0,0,0,0,0,0,0,9
2143,2143,17,17,422,372,0,0,0,0,0,0,0,0,9
2144,2144,18,17,438,372,0,0,0,0,0,0,0,0,9
2145,2145,19,17,454,372,0,0,0,0,0,0,0,0,9
2146,2146,20,17,470,372,0,0,0,0,0,0,0,0,9
2147,2147,21,17,486,372,0,0,0,0,0,0,0,0,9
2148,2148,22,17,502,372,0,0,0,0,0,0,0,0,9
2149,2149,23,17,518,372,0,0,0,0,0,0,0,0,9
2150,2150,24,17,534,372,0,0,0,0,0,0,0,0,9
2151,2151,25,17,550,372,0,0,0,0,0,0,0,0,9
2152,2152,26,17,566,372,0,0,0,0,0,0,0,0,9
2153,2153,27,17,582,372,0,0,0,0,0,0,0,0,9
2154,2154,28,17,598,372,0,0,0,0,0,0,0,0,9
2155,2155,29,17,614,372,0,0,0,0,0,0,0,0,9
2156,2156,30,17,630,372,0,0,0,0,0,0,0,0,9
2157,2157,31,17,646,372,0,0,0,0,0,0,0,0,9
2158,2158,32,17,662,372,0,0,0,0,0,0,0,0,9
2159,2159,33,17,678,372,0,0,0,0,0,0,0,0,9
2160,2160,34,17,694,372,0,0,0,0,0,0,0,0,9
2161,2161,35,17,710,372,0,0,0,0,0,0,0,0,2
2162,2162,36,17,726,372,0,0,0,0,0,0,0,0,2
2163,2163,37,17,742,372,0,0,0,0,0,0,0,0,2
2164,2164,38,17,758,372,0,0,0,0,0,0,0,0,2
2165,2165,39,17,774,372,0,0,0,0,0,0,0,0,2
2166,2166,40,17,790,372,0,0,0,0,0,0,0,0,2
2167,2167,41,17,806,372,0,0,0,0,0,0,0,0,2
2168,2168,42,17,822,372,0,0,0,0,0,0,0,0,2
2169,2169,43,17,838,372,0,0,0,0,0,0,0,0,2
2170,2170,44,17,854,372,0,0,0,0,0,0,0,0,2
2171,2171,45,17,870,372,0,0,0,0,0,0,0,0,2
2172,2172,46,17,886,372,0,0,0,0,0,0,0,0,2
2173,2173,47,17,902,372,0,0,0,0,0,0,0,0,2
2174,2174,48,17,918,372,0,0,0,0,0,0,0,0,2
2175,2175,49,17,934,372,0,0,0,0,0,0,0,0,2
2176,2176,50,17,950,372,0,0,0,0,0,0,0,0,2
2177,2177,51,17,966,372,0,0,0,0,0,0,0,0,2
2178,2178,52,17,982,372,0,0,0,0,0,0,0,0,2
2179,2179,53,17,998,372,0,0,0,0,0,0,0,0,2
2180,2180,54,17,1014,372,0,0,0,0,0,0,0,0,2
2181,2181,55,17,1030,372,0,0,0,0,0,0,0,0,2
2182,2182,56,17,1046,372,0,0,0,0,0,0,0,0,2
2183,2183,57,17,1062,372,0,0,0,0,0,0,0,0,2
2184,2184,58,17,1078,372,0,0,0,0,0,0,0,0,2
2185,2185,59,17,1094,372,0,0,0,0,0,0,0,0,2
2186,2186,60,17,1110,372,0,0,0,0,0,0,0,0,2
2187,2187,61,17,1126,372,0,0,0,0,0,0,0,0,2
2188,2188,62,17,1142,372,0,0,0,0,0,0,0,0,2
2189,2189,63,17,1158,372,0,0,0,0,0,0,0,0,2
2190,2190,64,17,1174,372,0,0,0,0,0,0,0,0,2
2191,2191,65,17,1190,372,0,0,0,0,0,0,0,0,2
2192,2192,66,17,1206,372,0,0,0,0,0,0,0,0,2
2193,2193,67,17,1222,372,0,0,0,0,0,0,0,0,2
2194,2194,68,17,1238,372,0,0,0,0,0,0,0,0,11
2195,2195,69,17,1254,372,0,0,0,0,0,0,0,0,11
2196,2196,70,17,1270,372,0,0,0,0,0,0,0,0,11
2197,2197,71,17,1286,372,0,0,0,0,0,0,0,0,11
2198,2198,72,17,1302,372,0,0,0,0,0,0,0,0,11
2199,2199,73,17,1318,372,0,0,0,0,0,0,0,0,11
2200,2200,74,17,1334,372,0,0,0,0,0,0,0,0,11
2201,2201,75,17,1350,372,0,0,0,0,0,0,0,0,11
2202,2202,76,17,1366,372,0,0,0,0,0,0,0,0,11
2203,2203,77,17,1382,372,0,0,0,0,0,0,0,0,11
2204,2204,78,17,1398,372,0,0,0,0,0,0,0,0,5
2205,2205,79,17,1414,372,0,0,0,0,0,0,0,0,5
2206,2206,80,17,1430,372,0,0,0,0,0,0,0,0,5
2207,2207,81,17,1446,372,0,0,0,0,0,0,0,0,5
2208,2208,82,17,1462,372,0,0,0,0,0,0,0,0,5
2209,2209,83,17,1478,372,0,0,0,0,0,0,0,0,5
2210,2210,84,17,1494,372,0,0,0,0,0,0,0,0,5
2211,2211,85,17,1510,372,0,0,0,0,0,0,0,0,5
2212,2212,86,17,1526,372,0,0,0,0,0,0,0,0,5
2213,2213,87,17,1542,372,0,0,0,0,0,0,0,0,5
2214,2214,88,17,1558,372,0,0,0,0,0,0,0,0,5
2215,2215,89,17,1574,372,0,0,0,0,0,0,0,0,12
2216,2216,90,17,1590,372,0,0,0,0,0,0,0,0,12
2217,2217,91,17,1606,372,0,0,0,0,0,0,0,0,5
2218,2218,92,17,1622,372,0,0,0,0,0,0,0,0,5
2219,2219,93,17,1638,372,0,0,0,0,0,0,0,0,5
2220,2220,94,17,1654,372,0,0,0,0,0,0,0,0,5
2221,2221,95,17,1670,372,0,0,0,0,0,0,0,0,5
2222,2222,96,17,1686,372,0,0,0,0,0,0,0,0,5
2223,2223,97,17,1702,372,0,0,0,0,0,0,0,0,5
2224,2224,98,17,1718,372,0,0,0,0,0,0,0,0,5
2225,2225,99,17,1734,372,0,0,0,0,0,0,0,0,5
2226,2226,100,17,1750,372,0,0,0,0,0,0,0,0,5
2227,2227,101,17,1766,372,0,0,0,0,0,0,0,0,14
2228,2228,102,17,1782,372,0,0,0,0,0,0,0,0,14
2229,2229,103,17,1798,372,0,0,0,0,0,0,0,0,14
2230,2230,104,17,1814,372,0,0,0,0,0,0,0,0,14
2231,2231,105,17,1830,372,0,0,0,0,0,0,0,0,14
2232,2232,106,17,1846,372,0,0,0,0,0,0,0,0,14
2233,2233,107,17,1862,372,0,0,0,0,0,0,0,0,14
2234,2234,108,17,1878,372,0,0,0,0,0,0,0,0,14
2235,2235,109,17,1894,372,0,0,0,0,0,0,0,0,14
2236,2236,110,17,1910,372,0,0,0,0,0,0,0,0,14
2237,2237,111,17,1926,372,0,0,0,0,0,0,0,0,10
2238,2238,112,17,1942,372,0,0,0,0,0,0,0,0,10
2239,2239,113,17,1958,372,0,0,0,0,0,0,0,0,10
2240,2240,114,17,1974,372,0,0,0,0,0,0,0,0,10
2241,2241,115,17,1990,372,0,0,0,0,0,0,0,0,10
2242,2242,116,17,2006,372,0,0,0,0,0,0,0,0,10
2243,2243,117,17,2022,372,0,0,0,0,0,0,0,0,10
2244,2244,118,17,2038,372,0,0,0,0,0,0,0,0,10
2245,2245,119,17,2054,372,0,0,0,0,0,0,0,0,10
2246,2246,120,17,2070,372,0,0,0,0,0,0,0,0,10
2247,2247,121,17,2086,372,0,0,0,0,0,0,0,0,10
2248,2248,122,17,2102,372,0,0,0,0,0,0,0,0,10
2249,2249,123,17,2118,372,0,0,0,0,0,0,0,0,10
2250,2250,124,17,2134,372,0,0,0,0,0,0,0,0,9
2251,2251,0,18,150,388,0,0,0,0,0,0,0,0,9
2252,2252,1,18,166,388,0,0,0,0,0,0,0,0,9
2253,2253,2,18,182,388,0,0,0,0,0,0,0,0,9
2254,2254,3,18,198,388,0,0,0,0,0,0,0,0,9
2255,2255,4,18,214,388,0,0,0,0,0,0,0,0,9
2256,2256,5,18,230,388,0,0,0,0,0,0,0,0,9
2257,2257,6,18,246,388,0,0,0,0,0,0,0,0,9
2258,2258,7,18,262,388,0,0,0,0,0,0,0,0,9
2259,2259,8,18,278,388,0,0,0,0,0,0,0,0,9
2260,2260,9,18,294,388,0,0,0,0,0,0,0,0,9
2261,2261,10,18,310,388,0,0,0,0,0,0,0,0,9
2262,2262,11,18,326,388,0,0,0,0,0,0,0,0,9
2263,2263,12,18,342,388,0,0,0,0,0,0,0,0,9
2264,2264,13,18,358,388,0,0,0,0,0,0,0,0,9
2265,2265,14,18,374,388,0,0,0,0,0,0,0,0,9
2266,2266,15,18,390,388,0,0,0,0,0,0,0,0,9
2267,2267,16,18,406,388,0,0,0,0,0,0,0,0,9
2268,2268,17,18,422,388,0,0,0,0,0,0,0,0,9
2269,2269,18,18,438,388,0,0,0,0,0,0,0,0,9
2270,2270,19,18,454,388,0,0,0,0,0,0,0,0,9
2271,2271,20,18,470,388,0,0,0,0,0,0,0,0,9
2272,2272,21,18,486,388,0,0,0,0,0,0,0,0,9
2273,2273,22,18,502,388,0,0,0,0,0,0,0,0,9
2274,2274,23,18,518,388,0,0,0,0,0,0,0,0,9
2275,2275,24,18,534,388,0,0,0,0,0,0,0,0,9
2276,2276,25,18,550,388,0,0,0,0,0,0,0,0,9
2277,2277,26,18,566,388,0,0,0,0,0,0,0,0,9
2278,2278,27,18,582,388,0,0,0,0,0,0,0,0,9
2279,2279,28,18,598,388,0,0,0,0,0,0,0,0,9
2280,2280,29,18,614,388,0,0,0,0,0,0,0,0,9
2281,2281,30,18,630,388,0,0,0,0,0,0,0,0,9
2282,2282,31,18,646,388,0,0,0,0,0,0,0,0,9
2283,2283,32,18,662,388,0,0,0,0,0,0,0,0,9
2284,2284,33,18,678,388,0,0,0,0,0,0,0,0,9
2285,2285,34,18,694,388,0,0,0,0,0,0,0,0,9
2286,2286,35,18,710,388,0,0,0,0,0,0,0,0,9
2287,2287,36,18,726,388,0,0,0,0,0,0,0,0,2
2288,2288,37,18,742,388,0,0,0,0,0,0,0,0,2
2289,2289,38,18,758,388,0,0,0,0,0,0,0,0,2
2290,2290,39,18,774,388,0,0,0,0,0,0,0,0,2
2291,2291,40,18,790,388,0,0,0,0,0,0,0,0,2
2292,2292,41,18,806,388,0,0,0,0,0,0,0,0,2
2293,2293,42,18,822,388,0,0,0,0,0,0,0,0,2
2294,2294,43,18,838,388,0,0,0,0,0,0,0,0,2
2295,2295,44,18,854,388,0,0,0,0,0,0,0,0,2
2296,2296,45,18,870,388,0,0,0,0,0,0,0,0,2
2297,2297,46,18,886,388,0,0,0,0,0,0,0,0,2
2298,2298,47,18,902,388,0,0,0,0,0,0,0,0,2
2299,2299,48,18,918,388,0,0,0,0,0,0,0,0,2
2300,2300,49,18,934,388,0,0,0,0,0,0,0,0,2
2301,2301,50,18,950,388,0,0,0,0,0,0,0,0,2
2302,2302,51,18,966,388,0,0,0,0,0,0,0,0,2
2303,2303,52,18,982,388,0,0,0,0,0,0,0,0,2
2304,2304,53,18,998,388,0,0,0,0,0,0,0,0,2
2305,2305,54,18,1014,388,0,0,0,0,0,0,0,0,2
2306,2306,55,18,1030,388,0,0,0,0,0,0,0,0,2
2307,2307,56,18,1046,388,0,0,0,0,0,0,0,0,2
2308,2308,57,18,1062,388,0,0,0,0,0,0,0,0,2
2309,2309,58,18,1078,388,0,0,0,0,0,0,0,0,2
2310,2310,59,18,1094,388,0,0,0,0,0,0,0,0,2
2311,2311,60,18,1110,388,0,0,0,0,0,0,0,0,2
2312,2312,61,18,1126,388,0,0,0,0,0,0,0,0,2
2313,2313,62,18,1142,388,0,0,0,0,0,0,0,0,2
2314,2314,63,18,1158,388,0,0,0,0,0,0,0,0,2
2315,2315,64,18,1174,388,0,0,0,0,0,0,0,0,2
2316,2316,65,18,1190,388,0,0,0,0,0,0,0,0,2
2317,2317,66,18,1206,388,0,0,0,0,0,0,0,0,2
2318,2318,67,18,1222,388,0,0,0,0,0,0,0,0,2
2319,2319,68,18,1238,388,0,0,0,0,0,0,0,0,11
2320,2320,69,18,1254,388,0,0,0,0,0,0,0,0,11
2321,2321,70,18,1270,388,0,0,0,0,0,0,0,0,11
2322,2322,71,18,1286,388,0,0,0,0,0,0,0,0,11
2323,2323,72,18,1302,388,0,0,0,0,0,0,0,0,11
2324,2324,73,18,1318,388,0,0,0,0,0,0,0,0,11
2325,2325,74,18,1334,388,0,0,0,0,0,0,0,0,11
2326,2326,75,18,1350,388,0,0,0,0,0,0,0,0,11
2327,2327,76,18,1366,388,0,0,0,0,0,0,0,0,11
2328,2328,77,18,1382,388,0,0,0,0,0,0,0,0,11
2329,2329,78,18,1398,388,0,0,0,0,0,0,0,0,5
2330,2330,79,18,1414,388,0,0,0,0,0,0,0,0,5
2331,2331,80,18,1430,388,0,0,0,0,0,0,0,0,5
2332,2332,81,18,1446,388,0,0,0,0,0,0,0,0,5
2333,2333,82,18,1462,388,0,0,0,0,0,0,0,0,5
2334,2334,83,18,1478,388,0,0,0,0,0,0,0,0,5
2335,2335,84,18,1494,388,0,0,0,0,0,0,0,0,5
2336,2336,85,18,1510,388,0,0,0,0,0,0,0,0,5
2337,2337,86,18,1526,388,0,0,0,0,0,0,0,0,5
2338,2338,87,18,1542,388,0,0,0,0,0,0,0,0,12
2339,2339,88,18,1558,388,0,0,0,0,0,0,0,0,12
2340,2340,89,18,1574,388,0,0,0,0,0,0,0,0,12
2341,2341,90,18,1590,388,0,0,0,0,0,0,0,0,5
2342,2342,91,18,1606,388,0,0,0,0,0,0,0,0,5
2343,2343,92,18,1622,388,0,0,0,0,0,0,0,0,5
2344,2344,93,18,1638,388,0,0,0,0,0,0,0,0,5
2345,2345,94,18,1654,388,0,0,0,0,0,0,0,0,5
2346,2346,95,18,1670,388,0,0,0,0,0,0,0,0,5
2347,2347,96,18,1686,388,0,0,0,0,0,0,0,0,5
2348,2348,97,18,1702,388,0,0,0,0,0,0,0,0,5
2349,2349,98,18,1718,388,0,0,0,0,0,0,0,0,5
2350,2350,99,18,1734,388,0,0,0,0,0,0,0,0,14
2351,2351,100,18,1750,388,0,0,0,0,0,0,0,0,14
2352,2352,101,18,1766,388,0,0,0,0,0,0,0,0,14
2353,2353,102,18,1782,388,0,0,0,0,0,0,0,0,14
2354,2354,103,18,1798,388,0,0,0,0,0,0,0,0,14
2355,2355,104,18,1814,388,0,0,0,0,0,0,0,0,14
2356,2356,105,18,1830,388,0,0,0,0,0,0,0,0,14
2357,2357,106,18,1846,388,0,0,0,0,0,0,0,0,14
2358,2358,107,18,1862,388,0,0,0,0,0,0,0,0,14
2359,2359,108,18,1878,388,0,0,0,0,0,0,0,0,14
2360,2360,109,18,1894,388,0,0,0,0,0,0,0,0,14
2361,2361,110,18,1910,388,0,0,0,0,0,0,0,0,14
2362,2362,111,18,1926,388,0,0,0,0,0,0,0,0,14
2363,2363,112,18,1942,388,0,0,0,0,0,0,0,0,14
2364,2364,113,18,1958,388,0,0,0,0,0,0,0,0,10
2365,2365,114,18,1974,388,0,0,0,0,0,0,0,0,10
2366,2366,115,18,1990,388,0,0,0,0,0,0,0,0,10
2367,2367,116,18,2006,388,0,0,0,0,0,0,0,0,10
2368,2368,117,18,2022,388,0,0,0,0,0,0,0,0,10
2369,2369,118,18,2038,388,0,0,0,0,0,0,0,0,10
2370,2370,119,18,2054,388,0,0,0,0,0,0,0,0,10
2371,2371,120,18,2070,388,0,0,0,0,0,0,0,0,10
2372,2372,121,18,2086,388,0,0,0,0,0,0,0,0,10
2373,2373,122,18,2102,388,0,0,0,0,0,0,0,0,10
2374,2374,123,18,2118,388,0,0,0,0,0,0,0,0,10
2375,2375,124,18,2134,388,0,0,0,0,0,0,0,0,9
2376,2376,0,19,150,404,0,0,0,0,0,0,0,0,9
2377,2377,1,19,166,404,0,0,0,0,0,0,0,0,9
2378,2378,2,19,182,404,0,0,0,0,0,0,0,0,9
2379,2379,3,19,198,404,0,0,0,0,0,0,0,0,9
2380,2380,4,19,214,404,0,0,0,0,0,0,0,0,9
2381,2381,5,19,230,404,0,0,0,0,0,0,0,0,9
2382,2382,6,19,246,404,0,0,0,0,0,0,0,0,9
2383,2383,7,19,262,404,0,0,0,0,0,0,0,0,9
2384,2384,8,19,278,404,0,0,0,0,0,0,0,0,9
2385,2385,9,19,294,404,0,0,0,0,0,0,0,0,9
2386,2386,10,19,310,404,0,0,0,0,0,0,0,0,9
2387,2387,11,19,326,404,0,0,0,0,0,0,0,0,9
2388,2388,12,19,342,404,0,0,0,0,0,0,0,0,9
2389,2389,13,19,358,404,0,0,0,0,0,0,0,0,9
2390,2390,14,19,374,404,0,0,0,0,0,0,0,0,9
2391,2391,15,19,390,404,0,0,0,0,0,0,0,0,9
2392,2392,16,19,406,404,0,0,0,0,0,0,0,0,9
2393,2393,17,19,422,404,0,0,0,0,0,0,0,0,9
2394,2394,18,19,438,404,0,0,0,0,0,0,0,0,9
2395,2395,19,19,454,404,0,0,0,0,0,0,0,0,9
2396,2396,20,19,470,404,0,0,0,0,0,0,0,0,9
2397,2397,21,19,486,404,0,0,0,0,0,0,0,0,9
2398,2398,22,19,502,404,0,0,0,0,0,0,0,0,9
2399,2399,23,19,518,404,0,0,0,0,0,0,0,0,9
2400,2400,24,19,534,404,0,0,0,0,0,0,0,0,9
2401,2401,25,19,550,404,0,0,0,0,0,0,0,0,9
2402,2402,26,19,566,404,0,0,0,0,0,0,0,0,9
2403,2403,27,19,582,404,0,0,0,0,0,0,0,0,9
2404,2404,28,19,598,404,0,0,0,0,0,0,0,0,9
2405,2405,29,19,614,404,0,0,0,0,0,0,0,0,9
2406,2406,30,19,630,404,0,0,0,0,0,0,0,0,9
2407,2407,31,19,646,404,0,0,0,0,0,0,0,0,9
2408,2408,32,19,662,404,0,0,0,0,0,0,0,0,9
2409,2409,33,19,678,404,0,0,0,0,0,0,0,0,9
2410,2410,34,19,694,404,0,0,0,0,0,0,0,0,9
2411,2411,35,19,710,404,0,0,0,0,0,0,0,0,9
2412,2412,36,19,726,404,0,0,0,0,0,0,0,0,2
2413,2413,37,19,742,404,0,0,0,0,0,0,0,0,2
2414,2414,38,19,758,404,0,0,0,0,0,0,0,0,2
2415,2415,39,19,774,404,0,0,0,0,0,0,0,0,2
2416,2416,40,19,790,404,0,0,0,0,0,0,0,0,2
2417,2417,41,19,806,404,0,0,0,0,0,0,0,0,2
2418,2418,42,19,822,404,0,0,0,0,0,0,0,0,2
2419,2419,43,19,838,404,0,0,0,0,0,0,0,0,2
2420,2420,44,19,854,404,0,0,0,0,0,0,0,0,2
2421,2421,45,19,870,404,0,0,0,0,0,0,0,0,2
2422,2422,46,19,886,404,0,0,0,0,0,0,0,0,2
2423,2423,47,19,902,404,0,0,0,0,0,0,0,0,2
2424,2424,48,19,918,404,0,0,0,0,0,0,0,0,2
2425,2425,49,19,934,404,0,0,0,0,0,0,0,0,2
2426,2426,50,19,950,404,0,0,0,0,0,0,0,0,2
2427,2427,51,19,966,404,0,0,0,0,0,0,0,0,2
2428,2428,52,19,982,404,0,0,0,0,0,0,0,0,2
2429,2429,53,19,998,404,0,0,0,0,0,0,0,0,2
2430,2430,54,19,1014,404,0,0,0,0,0,0,0,0,2
2431,2431,55,19,1030,404,0,0,0,0,0,0,0,0,2
2432,2432,56,19,1046,404,0,0,0,0,0,0,0,0,2
2433,2433,57,19,1062,404,0,0,0,0,0,0,0,0,2
2434,2434,58,19,1078,404,0,0,0,0,0,0,0,0,2
2435,2435,59,19,1094,404,0,0,0,0,0,0,0,0,2
2436,2436,60,19,1110,404,0,0,0,0,0,0,0,0,2
2437,2437,61,19,1126,404,0,0,0,0,0,0,0,0,2
2438,2438,62,19,1142,404,0,0,0,0,0,0,0,0,2
2439,2439,63,19,1158,404,0,0,0,0,0,0,0,0,2
2440,2440,64,19,1174,404,0,0,0,0,0,0,0,0,2
2441,2441,65,19,1190,404,0,0,0,0,0,0,0,0,2
2442,2442,66,19,1206,404,0,0,0,0,0,0,0,0,2
2443,2443,67,19,1222,404,0,0,0,0,0,0,0,0,2
2444,2444,68,19,1238,404,0,0,0,0,0,0,0,0,11
2445,2445,69,19,1254,404,0,0,0,0,0,0,0,0,11
2446,2446,70,19,1270,404,0,0,0,0,0,0,0,0,11
2447,2447,71,19,1286,404,0,0,0,0,0,0,0,0,11
2448,2448,72,19,1302,404,0,0,0,0,0,0,0,0,11
2449,2449,73,19,1318,404,0,0,0,0,0,0,0,0,11
2450,2450,74,19,1334,404,0,0,0,0,0,0,0,0,11
2451,2451,75,19,1350,404,0,0,0,0,0,0,0,0,11
2452,2452,76,19,1366,404,0,0,0,0,0,0,0,0,11
2453,2453,77,19,1382,404,0,0,0,0,0,0,0,0,11
2454,2454,78,19,1398,404,0,0,0,0,0,0,0,0,11
2455,2455,79,19,1414,404,0,0,0,0,0,0,0,0,5
2456,2456,80,19,1430,404,0,0,0,0,0,0,0,0,5
2457,2457,81,19,1446,404,0,0,0,0,0,0,0,0,5
2458,2458,82,19,1462,404,0,0,0,0,0,0,0,0,5
2459,2459,83,19,1478,404,0,0,0,0,0,0,0,0,5
2460,2460,84,19,1494,404,0,0,0,0,0,0,0,0,5
2461,2461,85,19,1510,404,0,0,0,0,0,0,0,0,5
2462,2462,86,19,1526,404,0,0,0,0,0,0,0,0,12
2463,2463,87,19,1542,404,0,0,0,0,0,0,0,0,12
2464,2464,88,19,1558,404,0,0,0,0,0,0,0,0,5
2465,2465,89,19,1574,404,0,0,0,0,0,0,0,0,5
2466,2466,90,19,1590,404,0,0,0,0,0,0,0,0,5
2467,2467,91,19,1606,404,0,0,0,0,0,0,0,0,5
2468,2468,92,19,1622,404,0,0,0,0,0,0,0,0,5
2469,2469,93,19,1638,404,0,0,0,0,0,0,0,0,5
2470,2470,94,19,1654,404,0,0,0,0,0,0,0,0,5
2471,2471,95,19,1670,404,0,0,0,0,0,0,0,0,5
2472,2472,96,19,1686,404,0,0,0,0,0,0,0,0,5
2473,2473,97,19,1702,404,0,0,0,0,0,0,0,0,5
2474,2474,98,19,1718,404,0,0,0,0,0,0,0,0,5
2475,2475,99,19,1734,404,0,0,0,0,0,0,0,0,5
2476,2476,100,19,1750,404,0,0,0,0,0,0,0,0,14
2477,2477,101,19,1766,404,0,0,0,0,0,0,0,0,14
2478,2478,102,19,1782,404,0,0,0,0,0,0,0,0,14
2479,2479,103,19,1798,404,0,0,0,0,0,0,0,0,14
2480,2480,104,19,1814,404,0,0,0,0,0,0,0,0,14
2481,2481,105,19,1830,404,0,0,0,0,0,0,0,0,14
2482,2482,106,19,1846,404,0,0,0,0,0,0,0,0,14
2483,2483,107,19,1862,404,0,0,0,0,0,0,0,0,14
2484,2484,108,19,1878,404,0,0,0,0,0,0,0,0,14
2485,2485,109,19,1894,404,0,0,0,0,0,0,0,0,14
2486,2486,110,19,1910,404,0,0,0,0,0,0,0,0,14
2487,2487,111,19,1926,404,0,0,0,0,0,0,0,0,14
2488,2488,112,19,1942,404,0,0,0,0,0,0,0,0,14
2489,2489,113,19,1958,404,0,0,0,0,0,0,0,0,14
2490,2490,114,19,1974,404,0,0,0,0,0,0,0,0,14
2491,2491,115,19,1990,404,0,0,0,0,0,0,0,0,14
2492,2492,116,19,2006,404,0,0,0,0,0,0,0,0,10
2493,2493,117,19,2022,404,0,0,0,0,0,0,0,0,10
2494,2494,118,19,2038,404,0,0,0,0,0,0,0,0,10
2495,2495,119,19,2054,404,0,0,0,0,0,0,0,0,10
2496,2496,120,19,2070,404,0,0,0,0,0,0,0,0,10
2497,2497,121,19,2086,404,0,0,0,0,0,0,0,0,10
2498,2498,122,19,2102,404,0,0,0,0,0,0,0,0,10
2499,2499,123,19,2118,404,0,0,0,0,0,0,0,0,10
2500,2500,124,19,2134,404,0,0,0,0,0,0,0,0,9
2501,2501,0,20,150,420,0,0,0,0,0,0,0,0,9
2502,2502,1,20,166,420,0,0,0,0,0,0,0,0,9
2503,2503,2,20,182,420,0,0,0,0,0,0,0,0,9
2504,2504,3,20,198,420,0,0,0,0,0,0,0,0,9
2505,2505,4,20,214,420,0,0,0,0,0,0,0,0,9
2506,2506,5,20,230,420,0,0,0,0,0,0,0,0,9
2507,2507,6,20,246,420,0,0,0,0,0,0,0,0,9
2508,2508,7,20,262,420,0,0,0,0,0,0,0,0,9
2509,2509,8,20,278,420,0,0,0,0,0,0,0,0,9
2510,2510,9,20,294,420,0,0,0,0,0,0,0,0,9
2511,2511,10,20,310,420,0,0,0,0,0,0,0,0,9
2512,2512,11,20,326,420,0,0,0,0,0,0,0,0,9
2513,2513,12,20,342,420,0,0,0,0,0,0,0,0,9
2514,2514,13,20,358,420,0,0,0,0,0,0,0,0,9
2515,2515,14,20,374,420,0,0,0,0,0,0,0,0,9
2516,2516,15,20,390,420,0,0,0,0,0,0,0,0,9
2517,2517,16,20,406,420,0,0,0,0,0,0,0,0,9
2518,2518,17,20,422,420,0,0,0,0,0,0,0,0,9
2519,2519,18,20,438,420,0,0,0,0,0,0,0,0,9
2520,2520,19,20,454,420,0,0,0,0,0,0,0,0,9
2521,2521,20,20,470,420,0,0,0,0,0,0,0,0,9
2522,2522,21,20,486,420,0,0,0,0,0,0,0,0,9
2523,2523,22,20,502,420,0,0,0,0,0,0,0,0,9
2524,2524,23,20,518,420,0,0,0,0,0,0,0,0,9
2525,2525,24,20,534,420,0,0,0,0,0,0,0,0,9
2526,2526,25,20,550,420,0,0,0,0,0,0,0,0,9
2527,2527,26,20,566,420,0,0,0,0,0,0,0,0,9
2528,2528,27,20,582,420,0,0,0,0,0,0,0,0,9
2529,2529,28,20,598,420,0,0,0,0,0,0,0,0,9
2530,2530,29,20,614,420,0,0,0,0,0,0,0,0,9
2531,2531,30,20,630,420,0,0,0,0,0,0,0,0,9
2532,2532,31,20,646,420,0,0,0,0,0,0,0,0,9
2533,2533,32,20,662,420,0,0,0,0,0,0,0,0,9
2534,2534,33,20,678,420,0,0,0,0,0,0,0,0,9
2535,2535,34,20,694,420,0,0,0,0,0,0,0,0,9
2536,2536,35,20,710,420,0,0,0,0,0,0,0,0,9
2537,2537,36,20,726,420,0,0,0,0,0,0,0,0,2
2538,2538,37,20,742,420,0,0,0,0,0,0,0,0,2
2539,2539,38,20,758,420,0,0,0,0,0,0,0,0,2
2540,2540,39,20,774,420,0,0,0,0,0,0,0,0,2
2541,2541,40,20,790,420,0,0,0,0,0,0,0,0,2
2542,2542,41,20,806,420,0,0,0,0,0,0,0,0,2
2543,2543,42,20,822,420,0,0,0,0,0,0,0,0,2
2544,2544,43,20,838,420,0,0,0,0,0,0,0,0,2
2545,2545,44,20,854,420,0,0,0,0,0,0,0,0,2
2546,2546,45,20,870,420,0,0,0,0,0,0,0,0,2
2547,2547,46,20,886,420,0,0,0,0,0,0,0,0,2
2548,2548,47,20,902,420,0,0,0,0,0,0,0,0,2
2549,2549,48,20,918,420,0,0,0,0,0,0,0,0,2
2550,2550,49,20,934,420,0,0,0,0,0,0,0,0,2
2551,2551,50,20,950,420,0,0,0,0,0,0,0,0,2
2552,2552,51,20,966,420,0,0,0,0,0,0,0,0,2
2553,2553,52,20,982,420,0,0,0,0,0,0,0,0,2
2554,2554,53,20,998,420,0,0,0,0,0,0,0,0,2
2555,2555,54,20,1014,420,0,0,0,0,0,0,0,0,2
2556,2556,55,20,1030,420,0,0,0,0,0,0,0,0,2
2557,2557,56,20,1046,420,0,0,0,0,0,0,0,0,2
2558,2558,57,20,1062,420,0,0,0,0,0,0,0,0,2
2559,2559,58,20,1078,420,0,0,0,0,0,0,0,0,2
2560,2560,59,20,1094,420,0,0,0,0,0,0,0,0,2
2561,2561,60,20,1110,420,0,0,0,0,0,0,0,0,2
2562,2562,61,20,1126,420,0,0,0,0,0,0,0,0,2
2563,2563,62,20,1142,420,0,0,0,0,0,0,0,0,2
2564,2564,63,20,1158,420,0,0,0,0,0,0,0,0,2
2565,2565,64,20,1174,420,0,0,0,0,0,0,0,0,2
2566,2566,65,20,1190,420,0,0,0,0,0,0,0,0,2
2567,2567,66,20,1206,420,0,0,0,0,0,0,0,0,2
2568,2568,67,20,1222,420,0,0,0,0,0,0,0,0,2
2569,2569,68,20,1238,420,0,0,0,0,0,0,0,0,2
2570,2570,69,20,1254,420,0,0,0,0,0,0,0,0,11
2571,2571,70,20,1270,420,0,0,0,0,0,0,0,0,11
2572,2572,71,20,1286,420,0,0,0,0,0,0,0,0,11
2573,2573,72,20,1302,420,0,0,0,0,0,0,0,0,11
2574,2574,73,20,1318,420,0,0,0,0,0,0,0,0,11
2575,2575,74,20,1334,420,0,0,0,0,0,0,0,0,11
2576,2576,75,20,1350,420,0,0,0,0,0,0,0,0,11
2577,2577,76,20,1366,420,0,0,0,0,0,0,0,0,11
2578,2578,77,20,1382,420,0,0,0,0,0,0,0,0,3
2579,2579,78,20,1398,420,0,0,0,0,0,0,0,0,11
2580,2580,79,20,1414,420,0,0,0,0,0,0,0,0,5
2581,2581,80,20,1430,420,0,0,0,0,0,0,0,0,5
2582,2582,81,20,1446,420,0,0,0,0,0,0,0,0,3
2583,2583,82,20,1462,420,0,0,0,0,0,0,0,0,3
2584,2584,83,20,1478,420,0,0,0,0,0,0,0,0,5
2585,2585,84,20,1494,420,0,0,0,0,0,0,0,0,3
2586,2586,85,20,1510,420,0,0,0,0,0,0,0,0,12
2587,2587,86,20,1526,420,0,0,0,0,0,0,0,0,12
2588,2588,87,20,1542,420,0,0,0,0,0,0,0,0,5
2589,2589,88,20,1558,420,0,0,0,0,0,0,0,0,5
2590,2590,89,20,1574,420,0,0,0,0,0,0,0,0,5
2591,2591,90,20,1590,420,0,0,0,0,0,0,0,0,5
2592,2592,91,20,1606,420,0,0,0,0,0,0,0,0,5
2593,2593,92,20,1622,420,0,0,0,0,0,0,0,0,5
2594,2594,93,20,1638,420,0,0,0,0,0,0,0,0,5
2595,2595,94,20,1654,420,0,0,0,0,0,0,0,0,5
2596,2596,95,20,1670,420,0,0,0,0,0,0,0,0,5
2597,2597,96,20,1686,420,0,0,0,0,0,0,0,0,5
2598,2598,97,20,1702,420,0,0,0,0,0,0,0,0,5
2599,2599,98,20,1718,420,0,0,0,0,0,0,0,0,5
2600,2600,99,20,1734,420,0,0,0,0,0,0,0,0,5
2601,2601,100,20,1750,420,0,0,0,0,0,0,0,0,14
2602,2602,101,20,1766,420,0,0,0,0,0,0,0,0,14
2603,2603,102,20,1782,420,0,0,0,0,0,0,0,0,14
2604,2604,103,20,1798,420,0,0,0,0,0,0,0,0,14
2605,2605,104,20,1814,420,0,0,0,0,0,0,0,0,14
2606,2606,105,20,1830,420,0,0,0,0,0,0,0,0,14
2607,2607,106,20,1846,420,0,0,0,0,0,0,0,0,14
2608,2608,107,20,1862,420,0,0,0,0,0,0,0,0,14
2609,2609,108,20,1878,420,0,0,0,0,0,0,0,0,14
2610,2610,109,20,1894,420,0,0,0,0,0,0,0,0,14
2611,2611,110,20,1910,420,0,0,0,0,0,0,0,0,14
2612,2612,111,20,1926,420,0,0,0,0,0,0,0,0,14
2613,2613,112,20,1942,420,0,0,0,0,0,0,0,0,14
2614,2614,113,20,1958,420,0,0,0,0,0,0,0,0,14
2615,2615,114,20,1974,420,0,0,0,0,0,0,0,0,14
2616,2616,115,20,1990,420,0,0,0,0,0,0,0,0,14
2617,2617,116,20,2006,420,0,0,0,0,0,0,0,0,14
2618,2618,117,20,2022,420,0,0,0,0,0,0,0,0,14
2619,2619,118,20,2038,420,0,0,0,0,0,0,0,0,14
2620,2620,119,20,2054,420,0,0,0,0,0,0,0,0,10
2621,2621,120,20,2070,420,0,0,0,0,0,0,0,0,10
2622,2622,121,20,2086,420,0,0,0,0,0,0,0,0,10
2623,2623,122,20,2102,420,0,0,0,0,0,0,0,0,10
2624,2624,123,20,2118,420,0,0,0,0,0,0,0,0,10
2625,2625,124,20,2134,420,0,0,0,0,0,0,0,0,9
2626,2626,0,21,150,436,0,0,0,0,0,0,0,0,9
2627,2627,1,21,166,436,0,0,0,0,0,0,0,0,9
2628,2628,2,21,182,436,0,0,0,0,0,0,0,0,9
2629,2629,3,21,198,436,0,0,0,0,0,0,0,0,9
2630,2630,4,21,214,436,0,0,0,0,0,0,0,0,9
2631,2631,5,21,230,436,0,0,0,0,0,0,0,0,9
2632,2632,6,21,246,436,0,0,0,0,0,0,0,0,9
2633,2633,7,21,262,436,0,0,0,0,0,0,0,0,9
2634,2634,8,21,278,436,0,0,0,0,0,0,0,0,9
2635,2635,9,21,294,436,0,0,0,0,0,0,0,0,9
2636,2636,10,21,310,436,0,0,0,0,0,0,0,0,9
2637,2637,11,21,326,436,0,0,0,0,0,0,0,0,9
2638,2638,12,21,342,436,0,0,0,0,0,0,0,0,9
2639,2639,13,21,358,436,0,0,0,0,0,0,0,0,9
2640,2640,14,21,374,436,0,0,0,0,0,0,0,0,9
2641,2641,15,21,390,436,0,0,0,0,0,0,0,0,9
2642,2642,16,21,406,436,0,0,0,0,0,0,0,0,9
2643,2643,17,21,422,436,0,0,0,0,0,0,0,0,9
2644,2644,18,21,438,436,0,0,0,0,0,0,0,0,9
2645,2645,19,21,454,436,0,0,0,0,0,0,0,0,9
2646,2646,20,21,470,436,0,0,0,0,0,0,0,0,9
2647,2647,21,21,486,436,0,0,0,0,0,0,0,0,9
2648,2648,22,21,502,436,0,0,0,0,0,0,0,0,9
2649,2649,23,21,518,436,0,0,0,0,0,0,0,0,9
2650,2650,24,21,534,436,0,0,0,0,0,0,0,0,9
2651,2651,25,21,550,436,0,0,0,0,0,0,0,0,9
2652,2652,26,21,566,436,0,0,0,0,0,0,0,0,9
2653,2653,27,21,582,436,0,0,0,0,0,0,0,0,9
2654,2654,28,21,598,436,0,0,0,0,0,0,0,0,9
2655,2655,29,21,614,436,0,0,0,0,0,0,0,0,9
2656,2656,30,21,630,436,0,0,0,0,0,0,0,0,9
2657,2657,31,21,646,436,0,0,0,0,0,0,0,0,9
2658,2658,32,21,662,436,0,0,0,0,0,0,0,0,9
2659,2659,33,21,678,436,0,0,0,0,0,0,0,0,9
2660,2660,34,21,694,436,0,0,0,0,0,0,0,0,9
2661,2661,35,21,710,436,0,0,0,0,0,0,0,0,9
2662,2662,36,21,726,436,0,0,0,0,0,0,0,0,9
2663,2663,37,21,742,436,0,0,0,0,0,0,0,0,2
2664,2664,38,21,758,436,0,0,0,0,0,0,0,0,2
2665,2665,39,21,774,436,0,0,0,0,0,0,0,0,2
2666,2666,40,21,790,436,0,0,0,0,0,0,0,0,2
2667,2667,41,21,806,436,0,0,0,0,0,0,0,0,2
2668,2668,42,21,822,436,0,0,0,0,0,0,0,0,2
2669,2669,43,21,838,436,0,0,0,0,0,0,0,0,2
2670,2670,44,21,854,436,0,0,0,0,0,0,0,0,2
2671,2671,45,21,870,436,0,0,0,0,0,0,0,0,2
2672,2672,46,21,886,436,0,0,0,0,0,0,0,0,2
2673,2673,47,21,902,436,0,0,0,0,0,0,0,0,2
2674,2674,48,21,918,436,0,0,0,0,0,0,0,0,2
2675,2675,49,21,934,436,0,0,0,0,0,0,0,0,2
2676,2676,50,21,950,436,0,0,0,0,0,0,0,0,2
2677,2677,51,21,966,436,0,0,0,0,0,0,0,0,2
2678,2678,52,21,982,436,0,0,0,0,0,0,0,0,2
2679,2679,53,21,998,436,0,0,0,0,0,0,0,0,2
2680,2680,54,21,1014,436,0,0,0,0,0,0,0,0,2
2681,2681,55,21,1030,436,0,0,0,0,0,0,0,0,2
2682,2682,56,21,1046,436,0,0,0,0,0,0,0,0,2
2683,2683,57,21,1062,436,0,0,0,0,0,0,0,0,2
2684,2684,58,21,1078,436,0,0,0,0,0,0,0,0,2
2685,2685,59,21,1094,436,0,0,0,0,0,0,0,0,2
2686,2686,60,21,1110,436,0,0,0,0,0,0,0,0,2
2687,2687,61,21,1126,436,0,0,0,0,0,0,0,0,2
2688,2688,62,21,1142,436,0,0,0,0,0,0,0,0,2
2689,2689,63,21,1158,436,0,0,0,0,0,0,0,0,2
2690,2690,64,21,1174,436,0,0,0,0,0,0,0,0,2
2691,2691,65,21,1190,436,0,0,0,0,0,0,0,0,2
2692,2692,66,21,1206,436,0,0,0,0,0,0,0,0,2
2693,2693,67,21,1222,436,0,0,0,0,0,0,0,0,2
2694,2694,68,21,1238,436,0,0,0,0,0,0,0,0,2
2695,2695,69,21,1254,436,0,0,0,0,0,0,0,0,11
2696,2696,70,21,1270,436,0,0,0,0,0,0,0,0,11
2697,2697,71,21,1286,436,0,0,0,0,0,0,0,0,11
2698,2698,72,21,1302,436,0,0,0,0,0,0,0,0,11
2699,2699,73,21,1318,436,0,0,0,0,0,0,0,0,11
2700,2700,74,21,1334,436,0,0,0,0,0,0,0,0,11
2701,2701,75,21,1350,436,0,0,0,0,0,0,0,0,11
2702,2702,76,21,1366,436,0,0,0,0,0,0,0,0,11
2703,2703,77,21,1382,436,0,0,0,0,0,0,0,0,3
2704,2704,78,21,1398,436,0,0,0,0,0,0,0,0,11
2705,2705,79,21,1414,436,0,0,0,0,0,0,0,0,5
2706,2706,80,21,1430,436,0,0,0,0,0,0,0,0,5
2707,2707,81,21,1446,436,0,0,0,0,0,0,0,0,3
2708,2708,82,21,1462,436,0,0,0,0,0,0,0,0,5
2709,2709,83,21,1478,436,0,0,0,0,0,0,0,0,3
2710,2710,84,21,1494,436,0,0,0,0,0,0,0,0,3
2711,2711,85,21,1510,436,0,0,0,0,0,0,0,0,3
2712,2712,86,21,1526,436,0,0,0,0,0,0,0,0,5
2713,2713,87,21,1542,436,0,0,0,0,0,0,0,0,5
2714,2714,88,21,1558,436,0,0,0,0,0,0,0,0,5
2715,2715,89,21,1574,436,0,0,0,0,0,0,0,0,5
2716,2716,90,21,1590,436,0,0,0,0,0,0,0,0,5
2717,2717,91,21,1606,436,0,0,0,0,0,0,0,0,5
2718,2718,92,21,1622,436,0,0,0,0,0,0,0,0,5
2719,2719,93,21,1638,436,0,0,0,0,0,0,0,0,5
2720,2720,94,21,1654,436,0,0,0,0,0,0,0,0,5
2721,2721,95,21,1670,436,0,0,0,0,0,0,0,0,15
2722,2722,96,21,1686,436,0,0,0,0,0,0,0,0,15
2723,2723,97,21,1702,436,0,0,0,0,0,0,0,0,15
2724,2724,98,21,1718,436,0,0,0,0,0,0,0,0,15
2725,2725,99,21,1734,436,0,0,0,0,0,0,0,0,15
2726,2726,100,21,1750,436,0,0,0,0,0,0,0,0,14
2727,2727,101,21,1766,436,0,0,0,0,0,0,0,0,14
2728,2728,102,21,1782,436,0,0,0,0,0,0,0,0,14
2729,2729,103,21,1798,436,0,0,0,0,0,0,0,0,14
2730,2730,104,21,1814,436,0,0,0,0,0,0,0,0,14
2731,2731,105,21,1830,436,0,0,0,0,0,0,0,0,14
2732,2732,106,21,1846,436,0,0,0,0,0,0,0,0,14
2733,2733,107,21,1862,436,0,0,0,0,0,0,0,0,14
2734,2734,108,21,1878,436,0,0,0,0,0,0,0,0,14
2735,2735,109,21,1894,436,0,0,0,0,0,0,0,0,14
2736,2736,110,21,1910,436,0,0,0,0,0,0,0,0,14
2737,2737,111,21,1926,436,0,0,0,0,0,0,0,0,14
2738,2738,112,21,1942,436,0,0,0,0,0,0,0,0,14
2739,2739,113,21,1958,436,0,0,0,0,0,0,0,0,14
2740,2740,114,21,1974,436,0,0,0,0,0,0,0,0,14
2741,2741,115,21,1990,436,0,0,0,0,0,0,0,0,14
2742,2742,116,21,2006,436,0,0,0,0,0,0,0,0,14
2743,2743,117,21,2022,436,0,0,0,0,0,0,0,0,14
2744,2744,118,21,2038,436,0,0,0,0,0,0,0,0,14
2745,2745,119,21,2054,436,0,0,0,0,0,0,0,0,14
2746,2746,120,21,2070,436,0,0,0,0,0,0,0,0,14
2747,2747,121,21,2086,436,0,0,0,0,0,0,0,0,14
2748,2748,122,21,2102,436,0,0,0,0,0,0,0,0,14
2749,2749,123,21,2118,436,0,0,0,0,0,0,0,0,10
2750,2750,124,21,2134,436,0,0,0,0,0,0,0,0,9
2751,2751,0,22,150,452,0,0,0,0,0,0,0,0,9
2752,2752,1,22,166,452,0,0,0,0,0,0,0,0,9
2753,2753,2,22,182,452,0,0,0,0,0,0,0,0,9
2754,2754,3,22,198,452,0,0,0,0,0,0,0,0,9
2755,2755,4,22,214,452,0,0,0,0,0,0,0,0,9
2756,2756,5,22,230,452,0,0,0,0,0,0,0,0,9
2757,2757,6,22,246,452,0,0,0,0,0,0,0,0,9
2758,2758,7,22,262,452,0,0,0,0,0,0,0,0,9
2759,2759,8,22,278,452,0,0,0,0,0,0,0,0,9
2760,2760,9,22,294,452,0,0,0,0,0,0,0,0,9
2761,2761,10,22,310,452,0,0,0,0,0,0,0,0,9
2762,2762,11,22,326,452,0,0,0,0,0,0,0,0,9
2763,2763,12,22,342,452,0,0,0,0,0,0,0,0,9
2764,2764,13,22,358,452,0,0,0,0,0,0,0,0,9
2765,2765,14,22,374,452,0,0,0,0,0,0,0,0,9
2766,2766,15,22,390,452,0,0,0,0,0,0,0,0,9
2767,2767,16,22,406,452,0,0,0,0,0,0,0,0,9
2768,2768,17,22,422,452,0,0,0,0,0,0,0,0,9
2769,2769,18,22,438,452,0,0,0,0,0,0,0,0,9
2770,2770,19,22,454,452,0,0,0,0,0,0,0,0,9
2771,2771,20,22,470,452,0,0,0,0,0,0,0,0,9
2772,2772,21,22,486,452,0,0,0,0,0,0,0,0,9
2773,2773,22,22,502,452,0,0,0,0,0,0,0,0,9
2774,2774,23,22,518,452,0,0,0,0,0,0,0,0,9
2775,2775,24,22,534,452,0,0,0,0,0,0,0,0,9
2776,2776,25,22,550,452,0,0,0,0,0,0,0,0,9
2777,2777,26,22,566,452,0,0,0,0,0,0,0,0,9
2778,2778,27,22,582,452,0,0,0,0,0,0,0,0,9
2779,2779,28,22,598,452,0,0,0,0,0,0,0,0,9
2780,2780,29,22,614,452,0,0,0,0,0,0,0,0,9
2781,2781,30,22,630,452,0,0,0,0,0,0,0,0,9
2782,2782,31,22,646,452,0,0,0,0,0,0,0,0,9
2783,2783,32,22,662,452,0,0,0,0,0,0,0,0,9
2784,2784,33,22,678,452,0,0,0,0,0,0,0,0,9
2785,2785,34,22,694,452,0,0,0,0,0,0,0,0,9
2786,2786,35,22,710,452,0,0,0,0,0,0,0,0,9
2787,2787,36,22,726,452,0,0,0,0,0,0,0,0,9
2788,2788,37,22,742,452,0,0,0,0,0,0,0,0,2
2789,2789,38,22,758,452,0,0,0,0,0,0,0,0,2
2790,2790,39,22,774,452,0,0,0,0,0,0,0,0,2
2791,2791,40,22,790,452,0,0,0,0,0,0,0,0,2
2792,2792,41,22,806,452,0,0,0,0,0,0,0,0,2
2793,2793,42,22,822,452,0,0,0,0,0,0,0,0,2
2794,2794,43,22,838,452,0,0,0,0,0,0,0,0,2
2795,2795,44,22,854,452,0,0,0,0,0,0,0,0,2
2796,2796,45,22,870,452,0,0,0,0,0,0,0,0,2
2797,2797,46,22,886,452,0,0,0,0,0,0,0,0,2
2798,2798,47,22,902,452,0,0,0,0,0,0,0,0,2
2799,2799,48,22,918,452,0,0,0,0,0,0,0,0,2
2800,2800,49,22,934,452,0,0,0,0,0,0,0,0,2
2801,2801,50,22,950,452,0,0,0,0,0,0,0,0,2
2802,2802,51,22,966,452,0,0,0,0,0,0,0,0,2
2803,2803,52,22,982,452,0,0,0,0,0,0,0,0,2
2804,2804,53,22,998,452,0,0,0,0,0,0,0,0,2
2805,2805,54,22,1014,452,0,0,0,0,0,0,0,0,2
2806,2806,55,22,1030,452,0,0,0,0,0,0,0,0,2
2807,2807,56,22,1046,452,0,0,0,0,0,0,0,0,2
2808,2808,57,22,1062,452,0,0,0,0,0,0,0,0,2
2809,2809,58,22,1078,452,0,0,0,0,0,0,0,0,2
2810,2810,59,22,1094,452,0,0,0,0,0,0,0,0,2
2811,2811,60,22,1110,452,0,0,0,0,0,0,0,0,2
2812,2812,61,22,1126,452,0,0,0,0,0,0,0,0,2
2813,2813,62,22,1142,452,0,0,0,0,0,0,0,0,2
2814,2814,63,22,1158,452,0,0,0,0,0,0,0,0,2
2815,2815,64,22,1174,452,0,0,0,0,0,0,0,0,2
2816,2816,65,22,1190,452,0,0,0,0,0,0,0,0,2
2817,2817,66,22,1206,452,0,0,0,0,0,0,0,0,2
2818,2818,67,22,1222,452,0,0,0,0,0,0,0,0,2
2819,2819,68,22,1238,452,0,0,0,0,0,0,0,0,2
2820,2820,69,22,1254,452,0,0,0,0,0,0,0,0,11
2821,2821,70,22,1270,452,0,0,0,0,0,0,0,0,11
2822,2822,71,22,1286,452,0,0,0,0,0,0,0,0,11
2823,2823,72,22,1302,452,0,0,0,0,0,0,0,0,11
2824,2824,73,22,1318,452,0,0,0,0,0,0,0,0,11
2825,2825,74,22,1334,452,0,0,0,0,0,0,0,0,11
2826,2826,75,22,1350,452,0,0,0,0,0,0,0,0,11
2827,2827,76,22,1366,452,0,0,0,0,0,0,0,0,11
2828,2828,77,22,1382,452,0,0,0,0,0,0,0,0,3
2829,2829,78,22,1398,452,0,0,0,0,0,0,0,0,11
2830,2830,79,22,1414,452,0,0,0,0,0,0,0,0,11
2831,2831,80,22,1430,452,0,0,0,0,0,0,0,0,5
2832,2832,81,22,1446,452,0,0,0,0,0,0,0,0,3
2833,2833,82,22,1462,452,0,0,0,0,0,0,0,0,5
2834,2834,83,22,1478,452,0,0,0,0,0,0,0,0,5
2835,2835,84,22,1494,452,0,0,0,0,0,0,0,0,3
2836,2836,85,22,1510,452,0,0,0,0,0,0,0,0,3
2837,2837,86,22,1526,452,0,0,0,0,0,0,0,0,5
2838,2838,87,22,1542,452,0,0,0,0,0,0,0,0,5
2839,2839,88,22,1558,452,0,0,0,0,0,0,0,0,5
2840,2840,89,22,1574,452,0,0,0,0,0,0,0,0,5
2841,2841,90,22,1590,452,0,0,0,0,0,0,0,0,5
2842,2842,91,22,1606,452,0,0,0,0,0,0,0,0,5
2843,2843,92,22,1622,452,0,0,0,0,0,0,0,0,5
2844,2844,93,22,1638,452,0,0,0,0,0,0,0,0,15
2845,2845,94,22,1654,452,0,0,0,0,0,0,0,0,15
2846,2846,95,22,1670,452,0,0,0,0,0,0,0,0,15
2847,2847,96,22,1686,452,0,0,0,0,0,0,0,0,15
2848,2848,97,22,1702,452,0,0,0,0,0,0,0,0,15
2849,2849,98,22,1718,452,0,0,0,0,0,0,0,0,15
2850,2850,99,22,1734,452,0,0,0,0,0,0,0,0,15
2851,2851,100,22,1750,452,0,0,0,0,0,0,0,0,14
2852,2852,101,22,1766,452,0,0,0,0,0,0,0,0,14
2853,2853,102,22,1782,452,0,0,0,0,0,0,0,0,14
2854,2854,103,22,1798,452,0,0,0,0,0,0,0,0,14
2855,2855,104,22,1814,452,0,0,0,0,0,0,0,0,14
2856,2856,105,22,1830,452,0,0,0,0,0,0,0,0,14
2857,2857,106,22,1846,452,0,0,0,0,0,0,0,0,14
2858,2858,107,22,1862,452,0,0,0,0,0,0,0,0,14
2859,2859,108,22,1878,452,0,0,0,0,0,0,0,0,14
2860,2860,109,22,1894,452,0,0,0,0,0,0,0,0,14
2861,2861,110,22,1910,452,0,0,0,0,0,0,0,0,14
2862,2862,111,22,1926,452,0,0,0,0,0,0,0,0,14
2863,2863,112,22,1942,452,0,0,0,0,0,0,0,0,14
2864,2864,113,22,1958,452,0,0,0,0,0,0,0,0,14
2865,2865,114,22,1974,452,0,0,0,0,0,0,0,0,14
2866,2866,115,22,1990,452,0,0,0,0,0,0,0,0,14
2867,2867,116,22,2006,452,0,0,0,0,0,0,0,0,14
2868,2868,117,22,2022,452,0,0,0,0,0,0,0,0,14
2869,2869,118,22,2038,452,0,0,0,0,0,0,0,0,14
2870,2870,119,22,2054,452,0,0,0,0,0,0,0,0,14
2871,2871,120,22,2070,452,0,0,0,0,0,0,0,0,14
2872,2872,121,22,2086,452,0,0,0,0,0,0,0,0,14
2873,2873,122,22,2102,452,0,0,0,0,0,0,0,0,14
2874,2874,123,22,2118,452,0,0,0,0,0,0,0,0,14
2875,2875,124,22,2134,452,0,0,0,0,0,0,0,0,9
2876,2876,0,23,150,468,0,0,0,0,0,0,0,0,9
2877,2877,1,23,166,468,0,0,0,0,0,0,0,0,9
2878,2878,2,23,182,468,0,0,0,0,0,0,0,0,9
2879,2879,3,23,198,468,0,0,0,0,0,0,0,0,9
2880,2880,4,23,214,468,0,0,0,0,0,0,0,0,9
2881,2881,5,23,230,468,0,0,0,0,0,0,0,0,9
2882,2882,6,23,246,468,0,0,0,0,0,0,0,0,9
2883,2883,7,23,262,468,0,0,0,0,0,0,0,0,9
2884,2884,8,23,278,468,0,0,0,0,0,0,0,0,9
2885,2885,9,23,294,468,0,0,0,0,0,0,0,0,9
2886,2886,10,23,310,468,0,0,0,0,0,0,0,0,9
2887,2887,11,23,326,468,0,0,0,0,0,0,0,0,9
2888,2888,12,23,342,468,0,0,0,0,0,0,0,0,9
2889,2889,13,23,358,468,0,0,0,0,0,0,0,0,9
2890,2890,14,23,374,468,0,0,0,0,0,0,0,0,9
2891,2891,15,23,390,468,0,0,0,0,0,0,0,0,9
2892,2892,16,23,406,468,0,0,0,0,0,0,0,0,9
2893,2893,17,23,422,468,0,0,0,0,0,0,0,0,9
2894,2894,18,23,438,468,0,0,0,0,0,0,0,0,9
2895,2895,19,23,454,468,0,0,0,0,0,0,0,0,9
2896,2896,20,23,470,468,0,0,0,0,0,0,0,0,9
2897,2897,21,23,486,468,0,0,0,0,0,0,0,0,9
2898,2898,22,23,502,468,0,0,0,0,0,0,0,0,9
2899,2899,23,23,518,468,0,0,0,0,0,0,0,0,9
2900,2900,24,23,534,468,0,0,0,0,0,0,0,0,9
2901,2901,25,23,550,468,0,0,0,0,0,0,0,0,9
2902,2902,26,23,566,468,0,0,0,0,0,0,0,0,9
2903,2903,27,23,582,468,0,0,0,0,0,0,0,0,9
2904,2904,28,23,598,468,0,0,0,0,0,0,0,0,9
2905,2905,29,23,614,468,0,0,0,0,0,0,0,0,9
2906,2906,30,23,630,468,0,0,0,0,0,0,0,0,9
2907,2907,31,23,646,468,0,0,0,0,0,0,0,0,9
2908,2908,32,23,662,468,0,0,0,0,0,0,0,0,9
2909,2909,33,23,678,468,0,0,0,0,0,0,0,0,9
2910,2910,34,23,694,468,0,0,0,0,0,0,0,0,9
2911,2911,35,23,710,468,0,0,0,0,0,0,0,0,9
2912,2912,36,23,726,468,0,0,0,0,0,0,0,0,9
2913,2913,37,23,742,468,0,0,0,0,0,0,0,0,2
2914,2914,38,23,758,468,0,0,0,0,0,0,0,0,2
2915,2915,39,23,774,468,0,0,0,0,0,0,0,0,2
2916,2916,40,23,790,468,0,0,0,0,0,0,0,0,2
2917,2917,41,23,806,468,0,0,0,0,0,0,0,0,2
2918,2918,42,23,822,468,0,0,0,0,0,0,0,0,2
2919,2919,43,23,838,468,0,0,0,0,0,0,0,0,2
2920,2920,44,23,854,468,0,0,0,0,0,0,0,0,2
2921,2921,45,23,870,468,0,0,0,0,0,0,0,0,2
2922,2922,46,23,886,468,0,0,0,0,0,0,0,0,2
2923,2923,47,23,902,468,0,0,0,0,0,0,0,0,2
2924,2924,48,23,918,468,0,0,0,0,0,0,0,0,2
2925,2925,49,23,934,468,0,0,0,0,0,0,0,0,2
2926,2926,50,23,950,468,0,0,0,0,0,0,0,0,2
2927,2927,51,23,966,468,0,0,0,0,0,0,0,0,2
2928,2928,52,23,982,468,0,0,0,0,0,0,0,0,2
2929,2929,53,23,998,468,0,0,0,0,0,0,0,0,2
2930,2930,54,23,1014,468,0,0,0,0,0,0,0,0,2
2931,2931,55,23,1030,468,0,0,0,0,0,0,0,0,2
2932,2932,56,23,1046,468,0,0,0,0,0,0,0,0,2
2933,2933,57,23,1062,468,0,0,0,0,0,0,0,0,2
2934,2934,58,23,1078,468,0,0,0,0,0,0,0,0,2
2935,2935,59,23,1094,468,0,0,0,0,0,0,0,0,2
2936,2936,60,23,1110,468,0,0,0,0,0,0,0,0,2
2937,2937,61,23,1126,468,0,0,0,0,0,0,0,0,2
2938,2938,62,23,1142,468,0,0,0,0,0,0,0,0,2
2939,2939,63,23,1158,468,0,0,0,0,0,0,0,0,2
2940,2940,64,23,1174,468,0,0,0,0,0,0,0,0,2
2941,2941,65,23,1190,468,0,0,0,0,0,0,0,0,2
2942,2942,66,23,1206,468,0,0,0,0,0,0,0,0,2
2943,2943,67,23,1222,468,0,0,0,0,0,0,0,0,2
2944,2944,68,23,1238,468,0,0,0,0,0,0,0,0,2
2945,2945,69,23,1254,468,0,0,0,0,0,0,0,0,2
2946,2946,70,23,1270,468,0,0,0,0,0,0,0,0,11
2947,2947,71,23,1286,468,0,0,0,0,0,0,0,0,11
2948,2948,72,23,1302,468,0,0,0,0,0,0,0,0,11
2949,2949,73,23,1318,468,0,0,0,0,0,0,0,0,11
2950,2950,74,23,1334,468,0,0,0,0,0,0,0,0,11
2951,2951,75,23,1350,468,0,0,0,0,0,0,0,0,11
2952,2952,76,23,1366,468,0,0,0,0,0,0,0,0,11
2953,2953,77,23,1382,468,0,0,0,0,0,0,0,0,11
2954,2954,78,23,1398,468,0,0,0,0,0,0,0,0,11
2955,2955,79,23,1414,468,0,0,0,0,0,0,0,0,11
2956,2956,80,23,1430,468,0,0,0,0,0,0,0,0,5
2957,2957,81,23,1446,468,0,0,0,0,0,0,0,0,5
2958,2958,82,23,1462,468,0,0,0,0,0,0,0,0,5
2959,2959,83,23,1478,468,0,0,0,0,0,0,0,0,5
2960,2960,84,23,1494,468,0,0,0,0,0,0,0,0,3
2961,2961,85,23,1510,468,0,0,0,0,0,0,0,0,3
2962,2962,86,23,1526,468,0,0,0,0,0,0,0,0,5
2963,2963,87,23,1542,468,0,0,0,0,0,0,0,0,5
2964,2964,88,23,1558,468,0,0,0,0,0,0,0,0,5
2965,2965,89,23,1574,468,0,0,0,0,0,0,0,0,5
2966,2966,90,23,1590,468,0,0,0,0,0,0,0,0,5
2967,2967,91,23,1606,468,0,0,0,0,0,0,0,0,5
2968,2968,92,23,1622,468,0,0,0,0,0,0,0,0,15
2969,2969,93,23,1638,468,0,0,0,0,0,0,0,0,15
2970,2970,94,23,1654,468,0,0,0,0,0,0,0,0,15
2971,2971,95,23,1670,468,0,0,0,0,0,0,0,0,15
2972,2972,96,23,1686,468,0,0,0,0,0,0,0,0,15
2973,2973,97,23,1702,468,0,0,0,0,0,0,0,0,15
2974,2974,98,23,1718,468,0,0,0,0,0,0,0,0,15
2975,2975,99,23,1734,468,0,0,0,0,0,0,0,0,15
2976,2976,100,23,1750,468,0,0,0,0,0,0,0,0,14
2977,2977,101,23,1766,468,0,0,0,0,0,0,0,0,14
2978,2978,102,23,1782,468,0,0,0,0,0,0,0,0,14
2979,2979,103,23,1798,468,0,0,0,0,0,0,0,0,14
2980,2980,104,23,1814,468,0,0,0,0,0,0,0,0,14
2981,2981,105,23,1830,468,0,0,0,0,0,0,0,0,14
2982,2982,106,23,1846,468,0,0,0,0,0,0,0,0,14
2983,2983,107,23,1862,468,0,0,0,0,0,0,0,0,14
2984,2984,108,23,1878,468,0,0,0,0,0,0,0,0,14
2985,2985,109,23,1894,468,0,0,0,0,0,0,0,0,14
2986,2986,110,23,1910,468,0,0,0,0,0,0,0,0,14
2987,2987,111,23,1926,468,0,0,0,0,0,0,0,0,14
2988,2988,112,23,1942,468,0,0,0,0,0,0,0,0,14
2989,2989,113,23,1958,468,0,0,0,0,0,0,0,0,14
2990,2990,114,23,1974,468,0,0,0,0,0,0,0,0,14
2991,2991,115,23,1990,468,0,0,0,0,0,0,0,0,14
2992,2992,116,23,2006,468,0,0,0,0,0,0,0,0,14
2993,2993,117,23,2022,468,0,0,0,0,0,0,0,0,14
2994,2994,118,23,2038,468,0,0,0,0,0,0,0,0,14
2995,2995,119,23,2054,468,0,0,0,0,0,0,0,0,14
2996,2996,120,23,2070,468,0,0,0,0,0,0,0,0,14
2997,2997,121,23,2086,468,0,0,0,0,0,0,0,0,14
2998,2998,122,23,2102,468,0,0,0,0,0,0,0,0,14
2999,2999,123,23,2118,468,0,0,0,0,0,0,0,0,14
3000,3000,124,23,2134,468,0,0,0,0,0,0,0,0,9
3001,3001,0,24,150,484,0,0,0,0,0,0,0,0,9
3002,3002,1,24,166,484,0,0,0,0,0,0,0,0,9
3003,3003,2,24,182,484,0,0,0,0,0,0,0,0,9
3004,3004,3,24,198,484,0,0,0,0,0,0,0,0,9
3005,3005,4,24,214,484,0,0,0,0,0,0,0,0,9
3006,3006,5,24,230,484,0,0,0,0,0,0,0,0,9
3007,3007,6,24,246,484,0,0,0,0,0,0,0,0,9
3008,3008,7,24,262,484,0,0,0,0,0,0,0,0,9
3009,3009,8,24,278,484,0,0,0,0,0,0,0,0,9
3010,3010,9,24,294,484,0,0,0,0,0,0,0,0,9
3011,3011,10,24,310,484,0,0,0,0,0,0,0,0,9
3012,3012,11,24,326,484,0,0,0,0,0,0,0,0,9
3013,3013,12,24,342,484,0,0,0,0,0,0,0,0,9
3014,3014,13,24,358,484,0,0,0,0,0,0,0,0,9
3015,3015,14,24,374,484,0,0,0,0,0,0,0,0,9
3016,3016,15,24,390,484,0,0,0,0,0,0,0,0,9
3017,3017,16,24,406,484,0,0,0,0,0,0,0,0,9
3018,3018,17,24,422,484,0,0,0,0,0,0,0,0,9
3019,3019,18,24,438,484,0,0,0,0,0,0,0,0,9
3020,3020,19,24,454,484,0,0,0,0,0,0,0,0,9
3021,3021,20,24,470,484,0,0,0,0,0,0,0,0,9
3022,3022,21,24,486,484,0,0,0,0,0,0,0,0,9
3023,3023,22,24,502,484,0,0,0,0,0,0,0,0,9
3024,3024,23,24,518,484,0,0,0,0,0,0,0,0,9
3025,3025,24,24,534,484,0,0,0,0,0,0,0,0,9
3026,3026,25,24,550,484,0,0,0,0,0,0,0,0,9
3027,3027,26,24,566,484,0,0,0,0,0,0,0,0,9
3028,3028,27,24,582,484,0,0,0,0,0,0,0,0,9
3029,3029,28,24,598,484,0,0,0,0,0,0,0,0,9
3030,3030,29,24,614,484,0,0,0,0,0,0,0,0,9
3031,3031,30,24,630,484,0,0,0,0,0,0,0,0,9
3032,3032,31,24,646,484,0,0,0,0,0,0,0,0,9
3033,3033,32,24,662,484,0,0,0,0,0,0,0,0,9
3034,3034,33,24,678,484,0,0,0,0,0,0,0,0,9
3035,3035,34,24,694,484,0,0,0,0,0,0,0,0,9
3036,3036,35,24,710,484,0,0,0,0,0,0,0,0,9
3037,3037,36,24,726,484,0,0,0,0,0,0,0,0,9
3038,3038,37,24,742,484,0,0,0,0,0,0,0,0,2
3039,3039,38,24,758,484,0,0,0,0,0,0,0,0,2
3040,3040,39,24,774,484,0,0,0,0,0,0,0,0,2
3041,3041,40,24,790,484,0,0,0,0,0,0,0,0,2
3042,3042,41,24,806,484,0,0,0,0,0,0,0,0,2
3043,3043,42,24,822,484,0,0,0,0,0,0,0,0,2
3044,3044,43,24,838,484,0,0,0,0,0,0,0,0,2
3045,3045,44,24,854,484,0,0,0,0,0,0,0,0,2
3046,3046,45,24,870,484,0,0,0,0,0,0,0,0,2
3047,3047,46,24,886,484,0,0,0,0,0,0,0,0,2
3048,3048,47,24,902,484,0,0,0,0,0,0,0,0,2
3049,3049,48,24,918,484,0,0,0,0,0,0,0,0,2
3050,3050,49,24,934,484,0,0,0,0,0,0,0,0,2
3051,3051,50,24,950,484,0,0,0,0,0,0,0,0,2
3052,3052,51,24,966,484,0,0,0,0,0,0,0,0,2
3053,3053,52,24,982,484,0,0,0,0,0,0,0,0,2
3054,3054,53,24,998,484,0,0,0,0,0,0,0,0,2
3055,3055,54,24,1014,484,0,0,0,0,0,0,0,0,2
3056,3056,55,24,1030,484,0,0,0,0,0,0,0,0,2
3057,3057,56,24,1046,484,0,0,0,0,0,0,0,0,2
3058,3058,57,24,1062,484,0,0,0,0,0,0,0,0,2
3059,3059,58,24,1078,484,0,0,0,0,0,0,0,0,2
3060,3060,59,24,1094,484,0,0,0,0,0,0,0,0,2
3061,3061,60,24,1110,484,0,0,0,0,0,0,0,0,2
3062,3062,61,24,1126,484,0,0,0,0,0,0,0,0,2
3063,3063,62,24,1142,484,0,0,0,0,0,0,0,0,2
3064,3064,63,24,1158,484,0,0,0,0,0,0,0,0,2
3065,3065,64,24,1174,484,0,0,0,0,0,0,0,0,2
3066,3066,65,24,1190,484,0,0,0,0,0,0,0,0,2
3067,3067,66,24,1206,484,0,0,0,0,0,0,0,0,2
3068,3068,67,24,1222,484,0,0,0,0,0,0,0,0,2
3069,3069,68,24,1238,484,0,0,0,0,0,0,0,0,2
3070,3070,69,24,1254,484,0,0,0,0,0,0,0,0,2
3071,3071,70,24,1270,484,0,0,0,0,0,0,0,0,11
3072,3072,71,24,1286,484,0,0,0,0,0,0,0,0,11
3073,3073,72,24,1302,484,0,0,0,0,0,0,0,0,11
3074,3074,73,24,1318,484,0,0,0,0,0,0,0,0,11
3075,3075,74,24,1334,484,0,0,0,0,0,0,0,0,11
3076,3076,75,24,1350,484,0,0,0,0,0,0,0,0,11
3077,3077,76,24,1366,484,0,0,0,0,0,0,0,0,11
3078,3078,77,24,1382,484,0,0,0,0,0,0,0,0,11
3079,3079,78,24,1398,484,0,0,0,0,0,0,0,0,11
3080,3080,79,24,1414,484,0,0,0,0,0,0,0,0,11
3081,3081,80,24,1430,484,0,0,0,0,0,0,0,0,11
3082,3082,81,24,1446,484,0,0,0,0,0,0,0,0,5
3083,3083,82,24,1462,484,0,0,0,0,0,0,0,0,5
3084,3084,83,24,1478,484,0,0,0,0,0,0,0,0,5
3085,3085,84,24,1494,484,0,0,0,0,0,0,0,0,5
3086,3086,85,24,1510,484,0,0,0,0,0,0,0,0,5
3087,3087,86,24,1526,484,0,0,0,0,0,0,0,0,5
3088,3088,87,24,1542,484,0,0,0,0,0,0,0,0,5
3089,3089,88,24,1558,484,0,0,0,0,0,0,0,0,5
3090,3090,89,24,1574,484,0,0,0,0,0,0,0,0,5
3091,3091,90,24,1590,484,0,0,0,0,0,0,0,0,15
3092,3092,91,24,1606,484,0,0,0,0,0,0,0,0,15
3093,3093,92,24,1622,484,0,0,0,0,0,0,0,0,15
3094,3094,93,24,1638,484,0,0,0,0,0,0,0,0,15
3095,3095,94,24,1654,484,0,0,0,0,0,0,0,0,15
3096,3096,95,24,1670,484,0,0,0,0,0,0,0,0,15
3097,3097,96,24,1686,484,0,0,0,0,0,0,0,0,15
3098,3098,97,24,1702,484,0,0,0,0,0,0,0,0,15
3099,3099,98,24,1718,484,0,0,0,0,0,0,0,0,15
3100,3100,99,24,1734,484,0,0,0,0,0,0,0,0,16
3101,3101,100,24,1750,484,0,0,0,0,0,0,0,0,14
3102,3102,101,24,1766,484,0,0,0,0,0,0,0,0,14
3103,3103,102,24,1782,484,0,0,0,0,0,0,0,0,14
3104,3104,103,24,1798,484,0,0,0,0,0,0,0,0,14
3105,3105,104,24,1814,484,0,0,0,0,0,0,0,0,14
3106,3106,105,24,1830,484,0,0,0,0,0,0,0,0,14
3107,3107,106,24,1846,484,0,0,0,0,0,0,0,0,14
3108,3108,107,24,1862,484,0,0,0,0,0,0,0,0,14
3109,3109,108,24,1878,484,0,0,0,0,0,0,0,0,14
3110,3110,109,24,1894,484,0,0,0,0,0,0,0,0,14
3111,3111,110,24,1910,484,0,0,0,0,0,0,0,0,14
3112,3112,111,24,1926,484,0,0,0,0,0,0,0,0,14
3113,3113,112,24,1942,484,0,0,0,0,0,0,0,0,14
3114,3114,113,24,1958,484,0,0,0,0,0,0,0,0,14
3115,3115,114,24,1974,484,0,0,0,0,0,0,0,0,14
3116,3116,115,24,1990,484,0,0,0,0,0,0,0,0,14
3117,3117,116,24,2006,484,0,0,0,0,0,0,0,0,14
3118,3118,117,24,2022,484,0,0,0,0,0,0,0,0,14
3119,3119,118,24,2038,484,0,0,0,0,0,0,0,0,14
3120,3120,119,24,2054,484,0,0,0,0,0,0,0,0,14
3121,3121,120,24,2070,484,0,0,0,0,0,0,0,0,14
3122,3122,121,24,2086,484,0,0,0,0,0,0,0,0,14
3123,3123,122,24,2102,484,0,0,0,0,0,0,0,0,14
3124,3124,123,24,2118,484,0,0,0,0,0,0,0,0,14
3125,3125,124,24,2134,484,0,0,0,0,0,0,0,0,9
3126,3126,0,25,150,500,0,0,0,0,0,0,0,0,9
3127,3127,1,25,166,500,0,0,0,0,0,0,0,0,9
3128,3128,2,25,182,500,0,0,0,0,0,0,0,0,9
3129,3129,3,25,198,500,0,0,0,0,0,0,0,0,9
3130,3130,4,25,214,500,0,0,0,0,0,0,0,0,9
3131,3131,5,25,230,500,0,0,0,0,0,0,0,0,9
3132,3132,6,25,246,500,0,0,0,0,0,0,0,0,9
3133,3133,7,25,262,500,0,0,0,0,0,0,0,0,9
3134,3134,8,25,278,500,0,0,0,0,0,0,0,0,9
3135,3135,9,25,294,500,0,0,0,0,0,0,0,0,9
3136,3136,10,25,310,500,0,0,0,0,0,0,0,0,9
3137,3137,11,25,326,500,0,0,0,0,0,0,0,0,9
3138,3138,12,25,342,500,0,0,0,0,0,0,0,0,9
3139,3139,13,25,358,500,0,0,0,0,0,0,0,0,9
3140,3140,14,25,374,500,0,0,0,0,0,0,0,0,9
3141,3141,15,25,390,500,0,0,0,0,0,0,0,0,9
3142,3142,16,25,406,500,0,0,0,0,0,0,0,0,9
3143,3143,17,25,422,500,0,0,0,0,0,0,0,0,9
3144,3144,18,25,438,500,0,0,0,0,0,0,0,0,9
3145,3145,19,25,454,500,0,0,0,0,0,0,0,0,9
3146,3146,20,25,470,500,0,0,0,0,0,0,0,0,9
3147,3147,21,25,486,500,0,0,0,0,0,0,0,0,9
3148,3148,22,25,502,500,0,0,0,0,0,0,0,0,9
3149,3149,23,25,518,500,0,0,0,0,0,0,0,0,9
3150,3150,24,25,534,500,0,0,0,0,0,0,0,0,9
3151,3151,25,25,550,500,0,0,0,0,0,0,0,0,9
3152,3152,26,25,566,500,0,0,0,0,0,0,0,0,9
3153,3153,27,25,582,500,0,0,0,0,0,0,0,0,9
3154,3154,28,25,598,500,0,0,0,0,0,0,0,0,9
3155,3155,29,25,614,500,0,0,0,0,0,0,0,0,9
3156,3156,30,25,630,500,0,0,0,0,0,0,0,0,9
3157,3157,31,25,646,500,0,0,0,0,0,0,0,0,9
3158,3158,32,25,662,500,0,0,0,0,0,0,0,0,9
3159,3159,33,25,678,500,0,0,0,0,0,0,0,0,9
3160,3160,34,25,694,500,0,0,0,0,0,0,0,0,9
3161,3161,35,25,710,500,0,0,0,0,0,0,0,0,9
3162,3162,36,25,726,500,0,0,0,0,0,0,0,0,9
3163,3163,37,25,742,500,0,0,0,0,0,0,0,0,2
3164,3164,38,25,758,500,0,0,0,0,0,0,0,0,2
3165,3165,39,25,774,500,0,0,0,0,0,0,0,0,2
3166,3166,40,25,790,500,0,0,0,0,0,0,0,0,2
3167,3167,41,25,806,500,0,0,0,0,0,0,0,0,2
3168,3168,42,25,822,500,0,0,0,0,0,0,0,0,2
3169,3169,43,25,838,500,0,0,0,0,0,0,0,0,2
3170,3170,44,25,854,500,0,0,0,0,0,0,0,0,2
3171,3171,45,25,870,500,0,0,0,0,0,0,0,0,2
3172,3172,46,25,886,500,0,0,0,0,0,0,0,0,2
3173,3173,47,25,902,500,0,0,0,0,0,0,0,0,2
3174,3174,48,25,918,500,0,0,0,0,0,0,0,0,2
3175,3175,49,25,934,500,0,0,0,0,0,0,0,0,2
3176,3176,50,25,950,500,0,0,0,0,0,0,0,0,2
3177,3177,51,25,966,500,0,0,0,0,0,0,0,0,2
3178,3178,52,25,982,500,0,0,0,0,0,0,0,0,2
3179,3179,53,25,998,500,0,0,0,0,0,0,0,0,2
3180,3180,54,25,1014,500,0,0,0,0,0,0,0,0,2
3181,3181,55,25,1030,500,0,0,0,0,0,0,0,0,2
3182,3182,56,25,1046,500,0,0,0,0,0,0,0,0,2
3183,3183,57,25,1062,500,0,0,0,0,0,0,0,0,2
3184,3184,58,25,1078,500,0,0,0,0,0,0,0,0,2
3185,3185,59,25,1094,500,0,0,0,0,0,0,0,0,2
3186,3186,60,25,1110,500,0,0,0,0,0,0,0,0,2
3187,3187,61,25,1126,500,0,0,0,0,0,0,0,0,2
3188,3188,62,25,1142,500,0,0,0,0,0,0,0,0,2
3189,3189,63,25,1158,500,0,0,0,0,0,0,0,0,2
3190,3190,64,25,1174,500,0,0,0,0,0,0,0,0,2
3191,3191,65,25,1190,500,0,0,0,0,0,0,0,0,2
3192,3192,66,25,1206,500,0,0,0,0,0,0,0,0,2
3193,3193,67,25,1222,500,0,0,0,0,0,0,0,0,2
3194,3194,68,25,1238,500,0,0,0,0,0,0,0,0,2
3195,3195,69,25,1254,500,0,0,0,0,0,0,0,0,2
3196,3196,70,25,1270,500,0,0,0,0,0,0,0,0,2
3197,3197,71,25,1286,500,0,0,0,0,0,0,0,0,2
3198,3198,72,25,1302,500,0,0,0,0,0,0,0,0,11
3199,3199,73,25,1318,500,0,0,0,0,0,0,0,0,11
3200,3200,74,25,1334,500,0,0,0,0,0,0,0,0,11
3201,3201,75,25,1350,500,0,0,0,0,0,0,0,0,11
3202,3202,76,25,1366,500,0,0,0,0,0,0,0,0,11
3203,3203,77,25,1382,500,0,0,0,0,0,0,0,0,11
3204,3204,78,25,1398,500,0,0,0,0,0,0,0,0,11
3205,3205,79,25,1414,500,0,0,0,0,0,0,0,0,11
3206,3206,80,25,1430,500,0,0,0,0,0,0,0,0,11
3207,3207,81,25,1446,500,0,0,0,0,0,0,0,0,5
3208,3208,82,25,1462,500,0,0,0,0,0,0,0,0,5
3209,3209,83,25,1478,500,0,0,0,0,0,0,0,0,5
3210,3210,84,25,1494,500,0,0,0,0,0,0,0,0,5
3211,3211,85,25,1510,500,0,0,0,0,0,0,0,0,5
3212,3212,86,25,1526,500,0,0,0,0,0,0,0,0,5
3213,3213,87,25,1542,500,0,0,0,0,0,0,0,0,5
3214,3214,88,25,1558,500,0,0,0,0,0,0,0,0,5
3215,3215,89,25,1574,500,0,0,0,0,0,0,0,0,5
3216,3216,90,25,1590,500,0,0,0,0,0,0,0,0,15
3217,3217,91,25,1606,500,0,0,0,0,0,0,0,0,15
3218,3218,92,25,1622,500,0,0,0,0,0,0,0,0,15
3219,3219,93,25,1638,500,0,0,0,0,0,0,0,0,15
3220,3220,94,25,1654,500,0,0,0,0,0,0,0,0,15
3221,3221,95,25,1670,500,0,0,0,0,0,0,0,0,15
3222,3222,96,25,1686,500,0,0,0,0,0,0,0,0,15
3223,3223,97,25,1702,500,0,0,0,0,0,0,0,0,15
3224,3224,98,25,1718,500,0,0,0,0,0,0,0,0,16
3225,3225,99,25,1734,500,0,0,0,0,0,0,0,0,16
3226,3226,100,25,1750,500,0,0,0,0,0,0,0,0,16
3227,3227,101,25,1766,500,0,0,0,0,0,0,0,0,14
3228,3228,102,25,1782,500,0,0,0,0,0,0,0,0,14
3229,3229,103,25,1798,500,0,0,0,0,0,0,0,0,14
3230,3230,104,25,1814,500,0,0,0,0,0,0,0,0,14
3231,3231,105,25,1830,500,0,0,0,0,0,0,0,0,14
3232,3232,106,25,1846,500,0,0,0,0,0,0,0,0,14
3233,3233,107,25,1862,500,0,0,0,0,0,0,0,0,14
3234,3234,108,25,1878,500,0,0,0,0,0,0,0,0,14
3235,3235,109,25,1894,500,0,0,0,0,0,0,0,0,14
3236,3236,110,25,1910,500,0,0,0,0,0,0,0,0,14
3237,3237,111,25,1926,500,0,0,0,0,0,0,0,0,14
3238,3238,112,25,1942,500,0,0,0,0,0,0,0,0,14
3239,3239,113,25,1958,500,0,0,0,0,0,0,0,0,14
3240,3240,114,25,1974,500,0,0,0,0,0,0,0,0,14
3241,3241,115,25,1990,500,0,0,0,0,0,0,0,0,14
3242,3242,116,25,2006,500,0,0,0,0,0,0,0,0,14
3243,3243,117,25,2022,500,0,0,0,0,0,0,0,0,14
3244,3244,118,25,2038,500,0,0,0,0,0,0,0,0,14
3245,3245,119,25,2054,500,0,0,0,0,0,0,0,0,14
3246,3246,120,25,2070,500,0,0,0,0,0,0,0,0,14
3247,3247,121,25,2086,500,0,0,0,0,0,0,0,0,14
3248,3248,122,25,2102,500,0,0,0,0,0,0,0,0,14
3249,3249,123,25,2118,500,0,0,0,0,0,0,0,0,14
3250,3250,124,25,2134,500,0,0,0,0,0,0,0,0,9
3251,3251,0,26,150,516,0,0,0,0,0,0,0,0,9
3252,3252,1,26,166,516,0,0,0,0,0,0,0,0,9
3253,3253,2,26,182,516,0,0,0,0,0,0,0,0,9
3254,3254,3,26,198,516,0,0,0,0,0,0,0,0,9
3255,3255,4,26,214,516,0,0,0,0,0,0,0,0,9
3256,3256,5,26,230,516,0,0,0,0,0,0,0,0,9
3257,3257,6,26,246,516,0,0,0,0,0,0,0,0,9
3258,3258,7,26,262,516,0,0,0,0,0,0,0,0,9
3259,3259,8,26,278,516,0,0,0,0,0,0,0,0,9
3260,3260,9,26,294,516,0,0,0,0,0,0,0,0,9
3261,3261,10,26,310,516,0,0,0,0,0,0,0,0,9
3262,3262,11,26,326,516,0,0,0,0,0,0,0,0,9
3263,3263,12,26,342,516,0,0,0,0,0,0,0,0,9
3264,3264,13,26,358,516,0,0,0,0,0,0,0,0,9
3265,3265,14,26,374,516,0,0,0,0,0,0,0,0,9
3266,3266,15,26,390,516,0,0,0,0,0,0,0,0,9
3267,3267,16,26,406,516,0,0,0,0,0,0,0,0,9
3268,3268,17,26,422,516,0,0,0,0,0,0,0,0,9
3269,3269,18,26,438,516,0,0,0,0,0,0,0,0,9
3270,3270,19,26,454,516,0,0,0,0,0,0,0,0,9
3271,3271,20,26,470,516,0,0,0,0,0,0,0,0,9
3272,3272,21,26,486,516,0,0,0,0,0,0,0,0,9
3273,3273,22,26,502,516,0,0,0,0,0,0,0,0,9
3274,3274,23,26,518,516,0,0,0,0,0,0,0,0,9
3275,3275,24,26,534,516,0,0,0,0,0,0,0,0,9
3276,3276,25,26,550,516,0,0,0,0,0,0,0,0,9
3277,3277,26,26,566,516,0,0,0,0,0,0,0,0,9
3278,3278,27,26,582,516,0,0,0,0,0,0,0,0,9
3279,3279,28,26,598,516,0,0,0,0,0,0,0,0,9
3280,3280,29,26,614,516,0,0,0,0,0,0,0,0,9
3281,3281,30,26,630,516,0,0,0,0,0,0,0,0,9
3282,3282,31,26,646,516,0,0,0,0,0,0,0,0,9
3283,3283,32,26,662,516,0,0,0,0,0,0,0,0,9
3284,3284,33,26,678,516,0,0,0,0,0,0,0,0,9
3285,3285,34,26,694,516,0,0,0,0,0,0,0,0,9
3286,3286,35,26,710,516,0,0,0,0,0,0,0,0,9
3287,3287,36,26,726,516,0,0,0,0,0,0,0,0,9
3288,3288,37,26,742,516,0,0,0,0,0,0,0,0,9
3289,3289,38,26,758,516,0,0,0,0,0,0,0,0,2
3290,3290,39,26,774,516,0,0,0,0,0,0,0,0,2
3291,3291,40,26,790,516,0,0,0,0,0,0,0,0,2
3292,3292,41,26,806,516,0,0,0,0,0,0,0,0,2
3293,3293,42,26,822,516,0,0,0,0,0,0,0,0,2
3294,3294,43,26,838,516,0,0,0,0,0,0,0,0,2
3295,3295,44,26,854,516,0,0,0,0,0,0,0,0,2
3296,3296,45,26,870,516,0,0,0,0,0,0,0,0,2
3297,3297,46,26,886,516,0,0,0,0,0,0,0,0,2
3298,3298,47,26,902,516,0,0,0,0,0,0,0,0,2
3299,3299,48,26,918,516,0,0,0,0,0,0,0,0,2
3300,3300,49,26,934,516,0,0,0,0,0,0,0,0,2
3301,3301,50,26,950,516,0,0,0,0,0,0,0,0,2
3302,3302,51,26,966,516,0,0,0,0,0,0,0,0,2
3303,3303,52,26,982,516,0,0,0,0,0,0,0,0,2
3304,3304,53,26,998,516,0,0,0,0,0,0,0,0,2
3305,3305,54,26,1014,516,0,0,0,0,0,0,0,0,2
3306,3306,55,26,1030,516,0,0,0,0,0,0,0,0,2
3307,3307,56,26,1046,516,0,0,0,0,0,0,0,0,2
3308,3308,57,26,1062,516,0,0,0,0,0,0,0,0,2
3309,3309,58,26,1078,516,0,0,0,0,0,0,0,0,2
3310,3310,59,26,1094,516,0,0,0,0,0,0,0,0,2
3311,3311,60,26,1110,516,0,0,0,0,0,0,0,0,2
3312,3312,61,26,1126,516,0,0,0,0,0,0,0,0,2
3313,3313,62,26,1142,516,0,0,0,0,0,0,0,0,2
3314,3314,63,26,1158,516,0,0,0,0,0,0,0,0,2
3315,3315,64,26,1174,516,0,0,0,0,0,0,0,0,2
3316,3316,65,26,1190,516,0,0,0,0,0,0,0,0,2
3317,3317,66,26,1206,516,0,0,0,0,0,0,0,0,2
3318,3318,67,26,1222,516,0,0,0,0,0,0,0,0,2
3319,3319,68,26,1238,516,0,0,0,0,0,0,0,0,2
3320,3320,69,26,1254,516,0,0,0,0,0,0,0,0,2
3321,3321,70,26,1270,516,0,0,0,0,0,0,0,0,2
3322,3322,71,26,1286,516,0,0,0,0,0,0,0,0,2
3323,3323,72,26,1302,516,0,0,0,0,0,0,0,0,11
3324,3324,73,26,1318,516,0,0,0,0,0,0,0,0,11
3325,3325,74,26,1334,516,0,0,0,0,0,0,0,0,11
3326,3326,75,26,1350,516,0,0,0,0,0,0,0,0,11
3327,3327,76,26,1366,516,0,0,0,0,0,0,0,0,11
3328,3328,77,26,1382,516,0,0,0,0,0,0,0,0,11
3329,3329,78,26,1398,516,0,0,0,0,0,0,0,0,11
3330,3330,79,26,1414,516,0,0,0,0,0,0,0,0,11
3331,3331,80,26,1430,516,0,0,0,0,0,0,0,0,11
3332,3332,81,26,1446,516,0,0,0,0,0,0,0,0,11
3333,3333,82,26,1462,516,0,0,0,0,0,0,0,0,5
3334,3334,83,26,1478,516,0,0,0,0,0,0,0,0,5
3335,3335,84,26,1494,516,0,0,0,0,0,0,0,0,5
3336,3336,85,26,1510,516,0,0,0,0,0,0,0,0,5
3337,3337,86,26,1526,516,0,0,0,0,0,0,0,0,5
3338,3338,87,26,1542,516,0,0,0,0,0,0,0,0,5
3339,3339,88,26,1558,516,0,0,0,0,0,0,0,0,5
3340,3340,89,26,1574,516,0,0,0,0,0,0,0,0,15
3341,3341,90,26,1590,516,0,0,0,0,0,0,0,0,15
3342,3342,91,26,1606,516,0,0,0,0,0,0,0,0,15
3343,3343,92,26,1622,516,0,0,0,0,0,0,0,0,15
3344,3344,93,26,1638,516,0,0,0,0,0,0,0,0,15
3345,3345,94,26,1654,516,0,0,0,0,0,0,0,0,15
3346,3346,95,26,1670,516,0,0,0,0,0,0,0,0,16
3347,3347,96,26,1686,516,0,0,0,0,0,0,0,0,16
3348,3348,97,26,1702,516,0,0,0,0,0,0,0,0,16
3349,3349,98,26,1718,516,0,0,0,0,0,0,0,0,16
3350,3350,99,26,1734,516,0,0,0,0,0,0,0,0,16
3351,3351,100,26,1750,516,0,0,0,0,0,0,0,0,16
3352,3352,101,26,1766,516,0,0,0,0,0,0,0,0,14
3353,3353,102,26,1782,516,0,0,0,0,0,0,0,0,14
3354,3354,103,26,1798,516,0,0,0,0,0,0,0,0,14
3355,3355,104,26,1814,516,0,0,0,0,0,0,0,0,14
3356,3356,105,26,1830,516,0,0,0,0,0,0,0,0,14
3357,3357,106,26,1846,516,0,0,0,0,0,0,0,0,14
3358,3358,107,26,1862,516,0,0,0,0,0,0,0,0,14
3359,3359,108,26,1878,516,0,0,0,0,0,0,0,0,14
3360,3360,109,26,1894,516,0,0,0,0,0,0,0,0,14
3361,3361,110,26,1910,516,0,0,0,0,0,0,0,0,14
3362,3362,111,26,1926,516,0,0,0,0,0,0,0,0,14
3363,3363,112,26,1942,516,0,0,0,0,0,0,0,0,14
3364,3364,113,26,1958,516,0,0,0,0,0,0,0,0,14
3365,3365,114,26,1974,516,0,0,0,0,0,0,0,0,14
3366,3366,115,26,1990,516,0,0,0,0,0,0,0,0,14
3367,3367,116,26,2006,516,0,0,0,0,0,0,0,0,14
3368,3368,117,26,2022,516,0,0,0,0,0,0,0,0,14
3369,3369,118,26,2038,516,0,0,0,0,0,0,0,0,14
3370,3370,119,26,2054,516,0,0,0,0,0,0,0,0,14
3371,3371,120,26,2070,516,0,0,0,0,0,0,0,0,14
3372,3372,121,26,2086,516,0,0,0,0,0,0,0,0,14
3373,3373,122,26,2102,516,0,0,0,0,0,0,0,0,14
3374,3374,123,26,2118,516,0,0,0,0,0,0,0,0,14
3375,3375,124,26,2134,516,0,0,0,0,0,0,0,0,9
3376,3376,0,27,150,532,0,0,0,0,0,0,0,0,9
3377,3377,1,27,166,532,0,0,0,0,0,0,0,0,9
3378,3378,2,27,182,532,0,0,0,0,0,0,0,0,9
3379,3379,3,27,198,532,0,0,0,0,0,0,0,0,9
3380,3380,4,27,214,532,0,0,0,0,0,0,0,0,9
3381,3381,5,27,230,532,0,0,0,0,0,0,0,0,9
3382,3382,6,27,246,532,0,0,0,0,0,0,0,0,9
3383,3383,7,27,262,532,0,0,0,0,0,0,0,0,9
3384,3384,8,27,278,532,0,0,0,0,0,0,0,0,9
3385,3385,9,27,294,532,0,0,0,0,0,0,0,0,9
3386,3386,10,27,310,532,0,0,0,0,0,0,0,0,9
3387,3387,11,27,326,532,0,0,0,0,0,0,0,0,9
3388,3388,12,27,342,532,0,0,0,0,0,0,0,0,9
3389,3389,13,27,358,532,0,0,0,0,0,0,0,0,9
3390,3390,14,27,374,532,0,0,0,0,0,0,0,0,9
3391,3391,15,27,390,532,0,0,0,0,0,0,0,0,9
3392,3392,16,27,406,532,0,0,0,0,0,0,0,0,9
3393,3393,17,27,422,532,0,0,0,0,0,0,0,0,9
3394,3394,18,27,438,532,0,0,0,0,0,0,0,0,9
3395,3395,19,27,454,532,0,0,0,0,0,0,0,0,9
3396,3396,20,27,470,532,0,0,0,0,0,0,0,0,9
3397,3397,21,27,486,532,0,0,0,0,0,0,0,0,9
3398,3398,22,27,502,532,0,0,0,0,0,0,0,0,9
3399,3399,23,27,518,532,0,0,0,0,0,0,0,0,9
3400,3400,24,27,534,532,0,0,0,0,0,0,0,0,9
3401,3401,25,27,550,532,0,0,0,0,0,0,0,0,9
3402,3402,26,27,566,532,0,0,0,0,0,0,0,0,9
3403,3403,27,27,582,532,0,0,0,0,0,0,0,0,9
3404,3404,28,27,598,532,0,0,0,0,0,0,0,0,9
3405,3405,29,27,614,532,0,0,0,0,0,0,0,0,9
3406,3406,30,27,630,532,0,0,0,0,0,0,0,0,9
3407,3407,31,27,646,532,0,0,0,0,0,0,0,0,9
3408,3408,32,27,662,532,0,0,0,0,0,0,0,0,9
3409,3409,33,27,678,532,0,0,0,0,0,0,0,0,9
3410,3410,34,27,694,532,0,0,0,0,0,0,0,0,9
3411,3411,35,27,710,532,0,0,0,0,0,0,0,0,9
3412,3412,36,27,726,532,0,0,0,0,0,0,0,0,9
3413,3413,37,27,742,532,0,0,0,0,0,0,0,0,9
3414,3414,38,27,758,532,0,0,0,0,0,0,0,0,2
3415,3415,39,27,774,532,0,0,0,0,0,0,0,0,2
3416,3416,40,27,790,532,0,0,0,0,0,0,0,0,2
3417,3417,41,27,806,532,0,0,0,0,0,0,0,0,2
3418,3418,42,27,822,532,0,0,0,0,0,0,0,0,2
3419,3419,43,27,838,532,0,0,0,0,0,0,0,0,2
3420,3420,44,27,854,532,0,0,0,0,0,0,0,0,2
3421,3421,45,27,870,532,0,0,0,0,0,0,0,0,2
3422,3422,46,27,886,532,0,0,0,0,0,0,0,0,2
3423,3423,47,27,902,532,0,0,0,0,0,0,0,0,2
3424,3424,48,27,918,532,0,0,0,0,0,0,0,0,2
3425,3425,49,27,934,532,0,0,0,0,0,0,0,0,2
3426,3426,50,27,950,532,0,0,0,0,0,0,0,0,2
3427,3427,51,27,966,532,0,0,0,0,0,0,0,0,2
3428,3428,52,27,982,532,0,0,0,0,0,0,0,0,2
3429,3429,53,27,998,532,0,0,0,0,0,0,0,0,2
3430,3430,54,27,1014,532,0,0,0,0,0,0,0,0,2
3431,3431,55,27,1030,532,0,0,0,0,0,0,0,0,2
3432,3432,56,27,1046,532,0,0,0,0,0,0,0,0,2
3433,3433,57,27,1062,532,0,0,0,0,0,0,0,0,2
3434,3434,58,27,1078,532,0,0,0,0,0,0,0,0,2
3435,3435,59,27,1094,532,0,0,0,0,0,0,0,0,2
3436,3436,60,27,1110,532,0,0,0,0,0,0,0,0,2
3437,3437,61,27,1126,532,0,0,0,0,0,0,0,0,2
3438,3438,62,27,1142,532,0,0,0,0,0,0,0,0,2
3439,3439,63,27,1158,532,0,0,0,0,0,0,0,0,2
3440,3440,64,27,1174,532,0,0,0,0,0,0,0,0,2
3441,3441,65,27,1190,532,0,0,0,0,0,0,0,0,2
3442,3442,66,27,1206,532,0,0,0,0,0,0,0,0,2
3443,3443,67,27,1222,532,0,0,0,0,0,0,0,0,2
3444,3444,68,27,1238,532,0,0,0,0,0,0,0,0,2
3445,3445,69,27,1254,532,0,0,0,0,0,0,0,0,2
3446,3446,70,27,1270,532,0,0,0,0,0,0,0,0,2
3447,3447,71,27,1286,532,0,0,0,0,0,0,0,0,2
3448,3448,72,27,1302,532,0,0,0,0,0,0,0,0,11
3449,3449,73,27,1318,532,0,0,0,0,0,0,0,0,11
3450,3450,74,27,1334,532,0,0,0,0,0,0,0,0,11
3451,3451,75,27,1350,532,0,0,0,0,0,0,0,0,11
3452,3452,76,27,1366,532,0,0,0,0,0,0,0,0,11
3453,3453,77,27,1382,532,0,0,0,0,0,0,0,0,11
3454,3454,78,27,1398,532,0,0,0,0,0,0,0,0,11
3455,3455,79,27,1414,532,0,0,0,0,0,0,0,0,11
3456,3456,80,27,1430,532,0,0,0,0,0,0,0,0,11
3457,3457,81,27,1446,532,0,0,0,0,0,0,0,0,11
3458,3458,82,27,1462,532,0,0,0,0,0,0,0,0,5
3459,3459,83,27,1478,532,0,0,0,0,0,0,0,0,5
3460,3460,84,27,1494,532,0,0,0,0,0,0,0,0,5
3461,3461,85,27,1510,532,0,0,0,0,0,0,0,0,5
3462,3462,86,27,1526,532,0,0,0,0,0,0,0,0,5
3463,3463,87,27,1542,532,0,0,0,0,0,0,0,0,5
3464,3464,88,27,1558,532,0,0,0,0,0,0,0,0,15
3465,3465,89,27,1574,532,0,0,0,0,0,0,0,0,15
3466,3466,90,27,1590,532,0,0,0,0,0,0,0,0,15
3467,3467,91,27,1606,532,0,0,0,0,0,0,0,0,15
3468,3468,92,27,1622,532,0,0,0,0,0,0,0,0,15
3469,3469,93,27,1638,532,0,0,0,0,0,0,0,0,15
3470,3470,94,27,1654,532,0,0,0,0,0,0,0,0,15
3471,3471,95,27,1670,532,0,0,0,0,0,0,0,0,15
3472,3472,96,27,1686,532,0,0,0,0,0,0,0,0,16
3473,3473,97,27,1702,532,0,0,0,0,0,0,0,0,16
3474,3474,98,27,1718,532,0,0,0,0,0,0,0,0,16
3475,3475,99,27,1734,532,0,0,0,0,0,0,0,0,16
3476,3476,100,27,1750,532,0,0,0,0,0,0,0,0,16
3477,3477,101,27,1766,532,0,0,0,0,0,0,0,0,14
3478,3478,102,27,1782,532,0,0,0,0,0,0,0,0,14
3479,3479,103,27,1798,532,0,0,0,0,0,0,0,0,14
3480,3480,104,27,1814,532,0,0,0,0,0,0,0,0,14
3481,3481,105,27,1830,532,0,0,0,0,0,0,0,0,14
3482,3482,106,27,1846,532,0,0,0,0,0,0,0,0,14
3483,3483,107,27,1862,532,0,0,0,0,0,0,0,0,14
3484,3484,108,27,1878,532,0,0,0,0,0,0,0,0,14
3485,3485,109,27,1894,532,0,0,0,0,0,0,0,0,14
3486,3486,110,27,1910,532,0,0,0,0,0,0,0,0,14
3487,3487,111,27,1926,532,0,0,0,0,0,0,0,0,14
3488,3488,112,27,1942,532,0,0,0,0,0,0,0,0,14
3489,3489,113,27,1958,532,0,0,0,0,0,0,0,0,14
3490,3490,114,27,1974,532,0,0,0,0,0,0,0,0,14
3491,3491,115,27,1990,532,0,0,0,0,0,0,0,0,14
3492,3492,116,27,2006,532,0,0,0,0,0,0,0,0,14
3493,3493,117,27,2022,532,0,0,0,0,0,0,0,0,14
3494,3494,118,27,2038,532,0,0,0,0,0,0,0,0,14
3495,3495,119,27,2054,532,0,0,0,0,0,0,0,0,14
3496,3496,120,27,2070,532,0,0,0,0,0,0,0,0,14
3497,3497,121,27,2086,532,0,0,0,0,0,0,0,0,14
3498,3498,122,27,2102,532,0,0,0,0,0,0,0,0,14
3499,3499,123,27,2118,532,0,0,0,0,0,0,0,0,14
3500,3500,124,27,2134,532,0,0,0,0,0,0,0,0,9
3501,3501,0,28,150,548,0,0,0,0,0,0,0,0,9
3502,3502,1,28,166,548,0,0,0,0,0,0,0,0,9
3503,3503,2,28,182,548,0,0,0,0,0,0,0,0,9
3504,3504,3,28,198,548,0,0,0,0,0,0,0,0,9
3505,3505,4,28,214,548,0,0,0,0,0,0,0,0,9
3506,3506,5,28,230,548,0,0,0,0,0,0,0,0,9
3507,3507,6,28,246,548,0,0,0,0,0,0,0,0,9
3508,3508,7,28,262,548,0,0,0,0,0,0,0,0,9
3509,3509,8,28,278,548,0,0,0,0,0,0,0,0,9
3510,3510,9,28,294,548,0,0,0,0,0,0,0,0,9
3511,3511,10,28,310,548,0,0,0,0,0,0,0,0,9
3512,3512,11,28,326,548,0,0,0,0,0,0,0,0,9
3513,3513,12,28,342,548,0,0,0,0,0,0,0,0,9
3514,3514,13,28,358,548,0,0,0,0,0,0,0,0,9
3515,3515,14,28,374,548,0,0,0,0,0,0,0,0,9
3516,3516,15,28,390,548,0,0,0,0,0,0,0,0,9
3517,3517,16,28,406,548,0,0,0,0,0,0,0,0,9
3518,3518,17,28,422,548,0,0,0,0,0,0,0,0,9
3519,3519,18,28,438,548,0,0,0,0,0,0,0,0,9
3520,3520,19,28,454,548,0,0,0,0,0,0,0,0,9
3521,3521,20,28,470,548,0,0,0,0,0,0,0,0,9
3522,3522,21,28,486,548,0,0,0,0,0,0,0,0,9
3523,3523,22,28,502,548,0,0,0,0,0,0,0,0,9
3524,3524,23,28,518,548,0,0,0,0,0,0,0,0,9
3525,3525,24,28,534,548,0,0,0,0,0,0,0,0,9
3526,3526,25,28,550,548,0,0,0,0,0,0,0,0,9
3527,3527,26,28,566,548,0,0,0,0,0,0,0,0,9
3528,3528,27,28,582,548,0,0,0,0,0,0,0,0,9
3529,3529,28,28,598,548,0,0,0,0,0,0,0,0,9
3530,3530,29,28,614,548,0,0,0,0,0,0,0,0,9
3531,3531,30,28,630,548,0,0,0,0,0,0,0,0,9
3532,3532,31,28,646,548,0,0,0,0,0,0,0,0,9
3533,3533,32,28,662,548,0,0,0,0,0,0,0,0,9
3534,3534,33,28,678,548,0,0,0,0,0,0,0,0,9
3535,3535,34,28,694,548,0,0,0,0,0,0,0,0,9
3536,3536,35,28,710,548,0,0,0,0,0,0,0,0,9
3537,3537,36,28,726,548,0,0,0,0,0,0,0,0,9
3538,3538,37,28,742,548,0,0,0,0,0,0,0,0,9
3539,3539,38,28,758,548,0,0,0,0,0,0,0,0,2
3540,3540,39,28,774,548,0,0,0,0,0,0,0,0,2
3541,3541,40,28,790,548,0,0,0,0,0,0,0,0,2
3542,3542,41,28,806,548,0,0,0,0,0,0,0,0,2
3543,3543,42,28,822,548,0,0,0,0,0,0,0,0,2
3544,3544,43,28,838,548,0,0,0,0,0,0,0,0,2
3545,3545,44,28,854,548,0,0,0,0,0,0,0,0,2
3546,3546,45,28,870,548,0,0,0,0,0,0,0,0,2
3547,3547,46,28,886,548,0,0,0,0,0,0,0,0,2
3548,3548,47,28,902,548,0,0,0,0,0,0,0,0,2
3549,3549,48,28,918,548,0,0,0,0,0,0,0,0,2
3550,3550,49,28,934,548,0,0,0,0,0,0,0,0,2
3551,3551,50,28,950,548,0,0,0,0,0,0,0,0,2
3552,3552,51,28,966,548,0,0,0,0,0,0,0,0,2
3553,3553,52,28,982,548,0,0,0,0,0,0,0,0,2
3554,3554,53,28,998,548,0,0,0,0,0,0,0,0,2
3555,3555,54,28,1014,548,0,0,0,0,0,0,0,0,2
3556,3556,55,28,1030,548,0,0,0,0,0,0,0,0,2
3557,3557,56,28,1046,548,0,0,0,0,0,0,0,0,2
3558,3558,57,28,1062,548,0,0,0,0,0,0,0,0,2
3559,3559,58,28,1078,548,0,0,0,0,0,0,0,0,2
3560,3560,59,28,1094,548,0,0,0,0,0,0,0,0,2
3561,3561,60,28,1110,548,0,0,0,0,0,0,0,0,2
3562,3562,61,28,1126,548,0,0,0,0,0,0,0,0,2
3563,3563,62,28,1142,548,0,0,0,0,0,0,0,0,2
3564,3564,63,28,1158,548,0,0,0,0,0,0,0,0,2
3565,3565,64,28,1174,548,0,0,0,0,0,0,0,0,2
3566,3566,65,28,1190,548,0,0,0,0,0,0,0,0,2
3567,3567,66,28,1206,548,0,0,0,0,0,0,0,0,2
3568,3568,67,28,1222,548,0,0,0,0,0,0,0,0,2
3569,3569,68,28,1238,548,0,0,0,0,0,0,0,0,2
3570,3570,69,28,1254,548,0,0,0,0,0,0,0,0,2
3571,3571,70,28,1270,548,0,0,0,0,0,0,0,0,2
3572,3572,71,28,1286,548,0,0,0,0,0,0,0,0,2
3573,3573,72,28,1302,548,0,0,0,0,0,0,0,0,2
3574,3574,73,28,1318,548,0,0,0,0,0,0,0,0,11
3575,3575,74,28,1334,548,0,0,0,0,0,0,0,0,11
3576,3576,75,28,1350,548,0,0,0,0,0,0,0,0,11
3577,3577,76,28,1366,548,0,0,0,0,0,0,0,0,11
3578,3578,77,28,1382,548,0,0,0,0,0,0,0,0,11
3579,3579,78,28,1398,548,0,0,0,0,0,0,0,0,11
3580,3580,79,28,1414,548,0,0,0,0,0,0,0,0,11
3581,3581,80,28,1430,548,0,0,0,0,0,0,0,0,11
3582,3582,81,28,1446,548,0,0,0,0,0,0,0,0,11
3583,3583,82,28,1462,548,0,0,0,0,0,0,0,0,11
3584,3584,83,28,1478,548,0,0,0,0,0,0,0,0,5
3585,3585,84,28,1494,548,0,0,0,0,0,0,0,0,5
3586,3586,85,28,1510,548,0,0,0,0,0,0,0,0,5
3587,3587,86,28,1526,548,0,0,0,0,0,0,0,0,15
3588,3588,87,28,1542,548,0,0,0,0,0,0,0,0,15
3589,3589,88,28,1558,548,0,0,0,0,0,0,0,0,15
3590,3590,89,28,1574,548,0,0,0,0,0,0,0,0,15
3591,3591,90,28,1590,548,0,0,0,0,0,0,0,0,15
3592,3592,91,28,1606,548,0,0,0,0,0,0,0,0,15
3593,3593,92,28,1622,548,0,0,0,0,0,0,0,0,15
3594,3594,93,28,1638,548,0,0,0,0,0,0,0,0,15
3595,3595,94,28,1654,548,0,0,0,0,0,0,0,0,16
3596,3596,95,28,1670,548,0,0,0,0,0,0,0,0,16
3597,3597,96,28,1686,548,0,0,0,0,0,0,0,0,16
3598,3598,97,28,1702,548,0,0,0,0,0,0,0,0,16
3599,3599,98,28,1718,548,0,0,0,0,0,0,0,0,16
3600,3600,99,28,1734,548,0,0,0,0,0,0,0,0,16
3601,3601,100,28,1750,548,0,0,0,0,0,0,0,0,16
3602,3602,101,28,1766,548,0,0,0,0,0,0,0,0,14
3603,3603,102,28,1782,548,0,0,0,0,0,0,0,0,14
3604,3604,103,28,1798,548,0,0,0,0,0,0,0,0,14
3605,3605,104,28,1814,548,0,0,0,0,0,0,0,0,14
3606,3606,105,28,1830,548,0,0,0,0,0,0,0,0,14
3607,3607,106,28,1846,548,0,0,0,0,0,0,0,0,14
3608,3608,107,28,1862,548,0,0,0,0,0,0,0,0,14
3609,3609,108,28,1878,548,0,0,0,0,0,0,0,0,14
3610,3610,109,28,1894,548,0,0,0,0,0,0,0,0,14
3611,3611,110,28,1910,548,0,0,0,0,0,0,0,0,14
3612,3612,111,28,1926,548,0,0,0,0,0,0,0,0,14
3613,3613,112,28,1942,548,0,0,0,0,0,0,0,0,14
3614,3614,113,28,1958,548,0,0,0,0,0,0,0,0,14
3615,3615,114,28,1974,548,0,0,0,0,0,0,0,0,14
3616,3616,115,28,1990,548,0,0,0,0,0,0,0,0,14
3617,3617,116,28,2006,548,0,0,0,0,0,0,0,0,14
3618,3618,117,28,2022,548,0,0,0,0,0,0,0,0,14
3619,3619,118,28,2038,548,0,0,0,0,0,0,0,0,14
3620,3620,119,28,2054,548,0,0,0,0,0,0,0,0,14
3621,3621,120,28,2070,548,0,0,0,0,0,0,0,0,14
3622,3622,121,28,2086,548,0,0,0,0,0,0,0,0,14
3623,3623,122,28,2102,548,0,0,0,0,0,0,0,0,14
3624,3624,123,28,2118,548,0,0,0,0,0,0,0,0,14
3625,3625,124,28,2134,548,0,0,0,0,0,0,0,0,9
3626,3626,0,29,150,564,0,0,0,0,0,0,0,0,9
3627,3627,1,29,166,564,0,0,0,0,0,0,0,0,9
3628,3628,2,29,182,564,0,0,0,0,0,0,0,0,9
3629,3629,3,29,198,564,0,0,0,0,0,0,0,0,9
3630,3630,4,29,214,564,0,0,0,0,0,0,0,0,9
3631,3631,5,29,230,564,0,0,0,0,0,0,0,0,9
3632,3632,6,29,246,564,0,0,0,0,0,0,0,0,9
3633,3633,7,29,262,564,0,0,0,0,0,0,0,0,9
3634,3634,8,29,278,564,0,0,0,0,0,0,0,0,9
3635,3635,9,29,294,564,0,0,0,0,0,0,0,0,9
3636,3636,10,29,310,564,0,0,0,0,0,0,0,0,9
3637,3637,11,29,326,564,0,0,0,0,0,0,0,0,9
3638,3638,12,29,342,564,0,0,0,0,0,0,0,0,9
3639,3639,13,29,358,564,0,0,0,0,0,0,0,0,9
3640,3640,14,29,374,564,0,0,0,0,0,0,0,0,9
3641,3641,15,29,390,564,0,0,0,0,0,0,0,0,9
3642,3642,16,29,406,564,0,0,0,0,0,0,0,0,9
3643,3643,17,29,422,564,0,0,0,0,0,0,0,0,9
3644,3644,18,29,438,564,0,0,0,0,0,0,0,0,9
3645,3645,19,29,454,564,0,0,0,0,0,0,0,0,9
3646,3646,20,29,470,564,0,0,0,0,0,0,0,0,9
3647,3647,21,29,486,564,0,0,0,0,0,0,0,0,9
3648,3648,22,29,502,564,0,0,0,0,0,0,0,0,9
3649,3649,23,29,518,564,0,0,0,0,0,0,0,0,9
3650,3650,24,29,534,564,0,0,0,0,0,0,0,0,9
3651,3651,25,29,550,564,0,0,0,0,0,0,0,0,9
3652,3652,26,29,566,564,0,0,0,0,0,0,0,0,9
3653,3653,27,29,582,564,0,0,0,0,0,0,0,0,9
3654,3654,28,29,598,564,0,0,0,0,0,0,0,0,9
3655,3655,29,29,614,564,0,0,0,0,0,0,0,0,9
3656,3656,30,29,630,564,0,0,0,0,0,0,0,0,9
3657,3657,31,29,646,564,0,0,0,0,0,0,0,0,9
3658,3658,32,29,662,564,0,0,0,0,0,0,0,0,9
3659,3659,33,29,678,564,0,0,0,0,0,0,0,0,9
3660,3660,34,29,694,564,0,0,0,0,0,0,0,0,9
3661,3661,35,29,710,564,0,0,0,0,0,0,0,0,9
3662,3662,36,29,726,564,0,0,0,0,0,0,0,0,9
3663,3663,37,29,742,564,0,0,0,0,0,0,0,0,9
3664,3664,38,29,758,564,0,0,0,0,0,0,0,0,9
3665,3665,39,29,774,564,0,0,0,0,0,0,0,0,2
3666,3666,40,29,790,564,0,0,0,0,0,0,0,0,2
3667,3667,41,29,806,564,0,0,0,0,0,0,0,0,2
3668,3668,42,29,822,564,0,0,0,0,0,0,0,0,2
3669,3669,43,29,838,564,0,0,0,0,0,0,0,0,2
3670,3670,44,29,854,564,0,0,0,0,0,0,0,0,2
3671,3671,45,29,870,564,0,0,0,0,0,0,0,0,2
3672,3672,46,29,886,564,0,0,0,0,0,0,0,0,2
3673,3673,47,29,902,564,0,0,0,0,0,0,0,0,2
3674,3674,48,29,918,564,0,0,0,0,0,0,0,0,2
3675,3675,49,29,934,564,0,0,0,0,0,0,0,0,2
3676,3676,50,29,950,564,0,0,0,0,0,0,0,0,2
3677,3677,51,29,966,564,0,0,0,0,0,0,0,0,2
3678,3678,52,29,982,564,0,0,0,0,0,0,0,0,2
3679,3679,53,29,998,564,0,0,0,0,0,0,0,0,2
3680,3680,54,29,1014,564,0,0,0,0,0,0,0,0,2
3681,3681,55,29,1030,564,0,0,0,0,0,0,0,0,2
3682,3682,56,29,1046,564,0,0,0,0,0,0,0,0,2
3683,3683,57,29,1062,564,0,0,0,0,0,0,0,0,2
3684,3684,58,29,1078,564,0,0,0,0,0,0,0,0,2
3685,3685,59,29,1094,564,0,0,0,0,0,0,0,0,2
3686,3686,60,29,1110,564,0,0,0,0,0,0,0,0,2
3687,3687,61,29,1126,564,0,0,0,0,0,0,0,0,2
3688,3688,62,29,1142,564,0,0,0,0,0,0,0,0,2
3689,3689,63,29,1158,564,0,0,0,0,0,0,0,0,2
3690,3690,64,29,1174,564,0,0,0,0,0,0,0,0,2
3691,3691,65,29,1190,564,0,0,0,0,0,0,0,0,2
3692,3692,66,29,1206,564,0,0,0,0,0,0,0,0,2
3693,3693,67,29,1222,564,0,0,0,0,0,0,0,0,2
3694,3694,68,29,1238,564,0,0,0,0,0,0,0,0,2
3695,3695,69,29,1254,564,0,0,0,0,0,0,0,0,2
3696,3696,70,29,1270,564,0,0,0,0,0,0,0,0,2
3697,3697,71,29,1286,564,0,0,0,0,0,0,0,0,2
3698,3698,72,29,1302,564,0,0,0,0,0,0,0,0,2
3699,3699,73,29,1318,564,0,0,0,0,0,0,0,0,11
3700,3700,74,29,1334,564,0,0,0,0,0,0,0,0,11
3701,3701,75,29,1350,564,0,0,0,0,0,0,0,0,11
3702,3702,76,29,1366,564,0,0,0,0,0,0,0,0,11
3703,3703,77,29,1382,564,0,0,0,0,0,0,0,0,11
3704,3704,78,29,1398,564,0,0,0,0,0,0,0,0,11
3705,3705,79,29,1414,564,0,0,0,0,0,0,0,0,11
3706,3706,80,29,1430,564,0,0,0,0,0,0,0,0,11
3707,3707,81,29,1446,564,0,0,0,0,0,0,0,0,11
3708,3708,82,29,1462,564,0,0,0,0,0,0,0,0,11
3709,3709,83,29,1478,564,0,0,0,0,0,0,0,0,15
3710,3710,84,29,1494,564,0,0,0,0,0,0,0,0,15
3711,3711,85,29,1510,564,0,0,0,0,0,0,0,0,15
3712,3712,86,29,1526,564,0,0,0,0,0,0,0,0,15
3713,3713,87,29,1542,564,0,0,0,0,0,0,0,0,15
3714,3714,88,29,1558,564,0,0,0,0,0,0,0,0,15
3715,3715,89,29,1574,564,0,0,0,0,0,0,0,0,15
3716,3716,90,29,1590,564,0,0,0,0,0,0,0,0,15
3717,3717,91,29,1606,564,0,0,0,0,0,0,0,0,15
3718,3718,92,29,1622,564,0,0,0,0,0,0,0,0,16
3719,3719,93,29,1638,564,0,0,0,0,0,0,0,0,16
3720,3720,94,29,1654,564,0,0,0,0,0,0,0,0,16
3721,3721,95,29,1670,564,0,0,0,0,0,0,0,0,16
3722,3722,96,29,1686,564,0,0,0,0,0,0,0,0,16
3723,3723,97,29,1702,564,0,0,0,0,0,0,0,0,16
3724,3724,98,29,1718,564,0,0,0,0,0,0,0,0,16
3725,3725,99,29,1734,564,0,0,0,0,0,0,0,0,16
3726,3726,100,29,1750,564,0,0,0,0,0,0,0,0,16
3727,3727,101,29,1766,564,0,0,0,0,0,0,0,0,14
3728,3728,102,29,1782,564,0,0,0,0,0,0,0,0,14
3729,3729,103,29,1798,564,0,0,0,0,0,0,0,0,14
3730,3730,104,29,1814,564,0,0,0,0,0,0,0,0,14
3731,3731,105,29,1830,564,0,0,0,0,0,0,0,0,14
3732,3732,106,29,1846,564,0,0,0,0,0,0,0,0,14
3733,3733,107,29,1862,564,0,0,0,0,0,0,0,0,14
3734,3734,108,29,1878,564,0,0,0,0,0,0,0,0,14
3735,3735,109,29,1894,564,0,0,0,0,0,0,0,0,14
3736,3736,110,29,1910,564,0,0,0,0,0,0,0,0,14
3737,3737,111,29,1926,564,0,0,0,0,0,0,0,0,14
3738,3738,112,29,1942,564,0,0,0,0,0,0,0,0,14
3739,3739,113,29,1958,564,0,0,0,0,0,0,0,0,14
3740,3740,114,29,1974,564,0,0,0,0,0,0,0,0,14
3741,3741,115,29,1990,564,0,0,0,0,0,0,0,0,14
3742,3742,116,29,2006,564,0,0,0,0,0,0,0,0,14
3743,3743,117,29,2022,564,0,0,0,0,0,0,0,0,14
3744,3744,118,29,2038,564,0,0,0,0,0,0,0,0,14
3745,3745,119,29,2054,564,0,0,0,0,0,0,0,0,14
3746,3746,120,29,2070,564,0,0,0,0,0,0,0,0,14
3747,3747,121,29,2086,564,0,0,0,0,0,0,0,0,14
3748,3748,122,29,2102,564,0,0,0,0,0,0,0,0,14
3749,3749,123,29,2118,564,0,0,0,0,0,0,0,0,14
3750,3750,124,29,2134,564,0,0,0,0,0,0,0,0,9
3751,3751,0,30,150,580,0,0,0,0,0,0,0,0,9
3752,3752,1,30,166,580,0,0,0,0,0,0,0,0,9
3753,3753,2,30,182,580,0,0,0,0,0,0,0,0,9
3754,3754,3,30,198,580,0,0,0,0,0,0,0,0,9
3755,3755,4,30,214,580,0,0,0,0,0,0,0,0,9
3756,3756,5,30,230,580,0,0,0,0,0,0,0,0,9
3757,3757,6,30,246,580,0,0,0,0,0,0,0,0,9
3758,3758,7,30,262,580,0,0,0,0,0,0,0,0,9
3759,3759,8,30,278,580,0,0,0,0,0,0,0,0,9
3760,3760,9,30,294,580,0,0,0,0,0,0,0,0,9
3761,3761,10,30,310,580,0,0,0,0,0,0,0,0,9
3762,3762,11,30,326,580,0,0,0,0,0,0,0,0,9
3763,3763,12,30,342,580,0,0,0,0,0,0,0,0,9
3764,3764,13,30,358,580,0,0,0,0,0,0,0,0,9
3765,3765,14,30,374,580,0,0,0,0,0,0,0,0,9
3766,3766,15,30,390,580,0,0,0,0,0,0,0,0,9
3767,3767,16,30,406,580,0,0,0,0,0,0,0,0,9
3768,3768,17,30,422,580,0,0,0,0,0,0,0,0,9
3769,3769,18,30,438,580,0,0,0,0,0,0,0,0,9
3770,3770,19,30,454,580,0,0,0,0,0,0,0,0,9
3771,3771,20,30,470,580,0,0,0,0,0,0,0,0,9
3772,3772,21,30,486,580,0,0,0,0,0,0,0,0,9
3773,3773,22,30,502,580,0,0,0,0,0,0,0,0,9
3774,3774,23,30,518,580,0,0,0,0,0,0,0,0,9
3775,3775,24,30,534,580,0,0,0,0,0,0,0,0,9
3776,3776,25,30,550,580,0,0,0,0,0,0,0,0,9
3777,3777,26,30,566,580,0,0,0,0,0,0,0,0,9
3778,3778,27,30,582,580,0,0,0,0,0,0,0,0,9
3779,3779,28,30,598,580,0,0,0,0,0,0,0,0,9
3780,3780,29,30,614,580,0,0,0,0,0,0,0,0,9
3781,3781,30,30,630,580,0,0,0,0,0,0,0,0,9
3782,3782,31,30,646,580,0,0,0,0,0,0,0,0,9
3783,3783,32,30,662,580,0,0,0,0,0,0,0,0,9
3784,3784,33,30,678,580,0,0,0,0,0,0,0,0,9
3785,3785,34,30,694,580,0,0,0,0,0,0,0,0,9
3786,3786,35,30,710,580,0,0,0,0,0,0,0,0,9
3787,3787,36,30,726,580,0,0,0,0,0,0,0,0,9
3788,3788,37,30,742,580,0,0,0,0,0,0,0,0,9
3789,3789,38,30,758,580,0,0,0,0,0,0,0,0,9
3790,3790,39,30,774,580,0,0,0,0,0,0,0,0,2
3791,3791,40,30,790,580,0,0,0,0,0,0,0,0,2
3792,3792,41,30,806,580,0,0,0,0,0,0,0,0,2
3793,3793,42,30,822,580,0,0,0,0,0,0,0,0,2
3794,3794,43,30,838,580,0,0,0,0,0,0,0,0,2
3795,3795,44,30,854,580,0,0,0,0,0,0,0,0,2
3796,3796,45,30,870,580,0,0,0,0,0,0,0,0,2
3797,3797,46,30,886,580,0,0,0,0,0,0,0,0,2
3798,3798,47,30,902,580,0,0,0,0,0,0,0,0,2
3799,3799,48,30,918,580,0,0,0,0,0,0,0,0,2
3800,3800,49,30,934,580,0,0,0,0,0,0,0,0,2
3801,3801,50,30,950,580,0,0,0,0,0,0,0,0,2
3802,3802,51,30,966,580,0,0,0,0,0,0,0,0,2
3803,3803,52,30,982,580,0,0,0,0,0,0,0,0,2
3804,3804,53,30,998,580,0,0,0,0,0,0,0,0,2
3805,3805,54,30,1014,580,0,0,0,0,0,0,0,0,2
3806,3806,55,30,1030,580,0,0,0,0,0,0,0,0,2
3807,3807,56,30,1046,580,0,0,0,0,0,0,0,0,2
3808,3808,57,30,1062,580,0,0,0,0,0,0,0,0,2
3809,3809,58,30,1078,580,0,0,0,0,0,0,0,0,2
3810,3810,59,30,1094,580,0,0,0,0,0,0,0,0,2
3811,3811,60,30,1110,580,0,0,0,0,0,0,0,0,2
3812,3812,61,30,1126,580,0,0,0,0,0,0,0,0,2
3813,3813,62,30,1142,580,0,0,0,0,0,0,0,0,2
3814,3814,63,30,1158,580,0,0,0,0,0,0,0,0,2
3815,3815,64,30,1174,580,0,0,0,0,0,0,0,0,2
3816,3816,65,30,1190,580,0,0,0,0,0,0,0,0,2
3817,3817,66,30,1206,580,0,0,0,0,0,0,0,0,2
3818,3818,67,30,1222,580,0,0,0,0,0,0,0,0,2
3819,3819,68,30,1238,580,0,0,0,0,0,0,0,0,2
3820,3820,69,30,1254,580,0,0,0,0,0,0,0,0,2
3821,3821,70,30,1270,580,0,0,0,0,0,0,0,0,2
3822,3822,71,30,1286,580,0,0,0,0,0,0,0,0,2
3823,3823,72,30,1302,580,0,0,0,0,0,0,0,0,2
3824,3824,73,30,1318,580,0,0,0,0,0,0,0,0,2
3825,3825,74,30,1334,580,0,0,0,0,0,0,0,0,11
3826,3826,75,30,1350,580,0,0,0,0,0,0,0,0,11
3827,3827,76,30,1366,580,0,0,0,0,0,0,0,0,11
3828,3828,77,30,1382,580,0,0,0,0,0,0,0,0,11
3829,3829,78,30,1398,580,0,0,0,0,0,0,0,0,11
3830,3830,79,30,1414,580,0,0,0,0,0,0,0,0,11
3831,3831,80,30,1430,580,0,0,0,0,0,0,0,0,11
3832,3832,81,30,1446,580,0,0,0,0,0,0,0,0,15
3833,3833,82,30,1462,580,0,0,0,0,0,0,0,0,15
3834,3834,83,30,1478,580,0,0,0,0,0,0,0,0,15
3835,3835,84,30,1494,580,0,0,0,0,0,0,0,0,15
3836,3836,85,30,1510,580,0,0,0,0,0,0,0,0,15
3837,3837,86,30,1526,580,0,0,0,0,0,0,0,0,15
3838,3838,87,30,1542,580,0,0,0,0,0,0,0,0,15
3839,3839,88,30,1558,580,0,0,0,0,0,0,0,0,15
3840,3840,89,30,1574,580,0,0,0,0,0,0,0,0,15
3841,3841,90,30,1590,580,0,0,0,0,0,0,0,0,15
3842,3842,91,30,1606,580,0,0,0,0,0,0,0,0,16
3843,3843,92,30,1622,580,0,0,0,0,0,0,0,0,16
3844,3844,93,30,1638,580,0,0,0,0,0,0,0,0,16
3845,3845,94,30,1654,580,0,0,0,0,0,0,0,0,16
3846,3846,95,30,1670,580,0,0,0,0,0,0,0,0,16
3847,3847,96,30,1686,580,0,0,0,0,0,0,0,0,16
3848,3848,97,30,1702,580,0,0,0,0,0,0,0,0,16
3849,3849,98,30,1718,580,0,0,0,0,0,0,0,0,16
3850,3850,99,30,1734,580,0,0,0,0,0,0,0,0,16
3851,3851,100,30,1750,580,0,0,0,0,0,0,0,0,16
3852,3852,101,30,1766,580,0,0,0,0,0,0,0,0,14
3853,3853,102,30,1782,580,0,0,0,0,0,0,0,0,14
3854,3854,103,30,1798,580,0,0,0,0,0,0,0,0,14
3855,3855,104,30,1814,580,0,0,0,0,0,0,0,0,14
3856,3856,105,30,1830,580,0,0,0,0,0,0,0,0,14
3857,3857,106,30,1846,580,0,0,0,0,0,0,0,0,14
3858,3858,107,30,1862,580,0,0,0,0,0,0,0,0,14
3859,3859,108,30,1878,580,0,0,0,0,0,0,0,0,14
3860,3860,109,30,1894,580,0,0,0,0,0,0,0,0,14
3861,3861,110,30,1910,580,0,0,0,0,0,0,0,0,14
3862,3862,111,30,1926,580,0,0,0,0,0,0,0,0,14
3863,3863,112,30,1942,580,0,0,0,0,0,0,0,0,14
3864,3864,113,30,1958,580,0,0,0,0,0,0,0,0,14
3865,3865,114,30,1974,580,0,0,0,0,0,0,0,0,14
3866,3866,115,30,1990,580,0,0,0,0,0,0,0,0,14
3867,3867,116,30,2006,580,0,0,0,0,0,0,0,0,14
3868,3868,117,30,2022,580,0,0,0,0,0,0,0,0,14
3869,3869,118,30,2038,580,0,0,0,0,0,0,0,0,14
3870,3870,119,30,2054,580,0,0,0,0,0,0,0,0,14
3871,3871,120,30,2070,580,0,0,0,0,0,0,0,0,14
3872,3872,121,30,2086,580,0,0,0,0,0,0,0,0,14
3873,3873,122,30,2102,580,0,0,0,0,0,0,0,0,14
3874,3874,123,30,2118,580,0,0,0,0,0,0,0,0,14
3875,3875,124,30,2134,580,0,0,0,0,0,0,0,0,9
3876,3876,0,31,150,596,0,0,0,0,0,0,0,0,9
3877,3877,1,31,166,596,0,0,0,0,0,0,0,0,9
3878,3878,2,31,182,596,0,0,0,0,0,0,0,0,9
3879,3879,3,31,198,596,0,0,0,0,0,0,0,0,9
3880,3880,4,31,214,596,0,0,0,0,0,0,0,0,9
3881,3881,5,31,230,596,0,0,0,0,0,0,0,0,9
3882,3882,6,31,246,596,0,0,0,0,0,0,0,0,9
3883,3883,7,31,262,596,0,0,0,0,0,0,0,0,9
3884,3884,8,31,278,596,0,0,0,0,0,0,0,0,9
3885,3885,9,31,294,596,0,0,0,0,0,0,0,0,9
3886,3886,10,31,310,596,0,0,0,0,0,0,0,0,9
3887,3887,11,31,326,596,0,0,0,0,0,0,0,0,9
3888,3888,12,31,342,596,0,0,0,0,0,0,0,0,9
3889,3889,13,31,358,596,0,0,0,0,0,0,0,0,9
3890,3890,14,31,374,596,0,0,0,0,0,0,0,0,9
3891,3891,15,31,390,596,0,0,0,0,0,0,0,0,9
3892,3892,16,31,406,596,0,0,0,0,0,0,0,0,9
3893,3893,17,31,422,596,0,0,0,0,0,0,0,0,9
3894,3894,18,31,438,596,0,0,0,0,0,0,0,0,9
3895,3895,19,31,454,596,0,0,0,0,0,0,0,0,9
3896,3896,20,31,470,596,0,0,0,0,0,0,0,0,9
3897,3897,21,31,486,596,0,0,0,0,0,0,0,0,9
3898,3898,22,31,502,596,0,0,0,0,0,0,0,0,9
3899,3899,23,31,518,596,0,0,0,0,0,0,0,0,9
3900,3900,24,31,534,596,0,0,0,0,0,0,0,0,9
3901,3901,25,31,550,596,0,0,0,0,0,0,0,0,9
3902,3902,26,31,566,596,0,0,0,0,0,0,0,0,9
3903,3903,27,31,582,596,0,0,0,0,0,0,0,0,9
3904,3904,28,31,598,596,0,0,0,0,0,0,0,0,9
3905,3905,29,31,614,596,0,0,0,0,0,0,0,0,9
3906,3906,30,31,630,596,0,0,0,0,0,0,0,0,9
3907,3907,31,31,646,596,0,0,0,0,0,0,0,0,9
3908,3908,32,31,662,596,0,0,0,0,0,0,0,0,9
3909,3909,33,31,678,596,0,0,0,0,0,0,0,0,9
3910,3910,34,31,694,596,0,0,0,0,0,0,0,0,9
3911,3911,35,31,710,596,0,0,0,0,0,0,0,0,9
3912,3912,36,31,726,596,0,0,0,0,0,0,0,0,9
3913,3913,37,31,742,596,0,0,0,0,0,0,0,0,9
3914,3914,38,31,758,596,0,0,0,0,0,0,0,0,9
3915,3915,39,31,774,596,0,0,0,0,0,0,0,0,2
3916,3916,40,31,790,596,0,0,0,0,0,0,0,0,2
3917,3917,41,31,806,596,0,0,0,0,0,0,0,0,2
3918,3918,42,31,822,596,0,0,0,0,0,0,0,0,2
3919,3919,43,31,838,596,0,0,0,0,0,0,0,0,2
3920,3920,44,31,854,596,0,0,0,0,0,0,0,0,2
3921,3921,45,31,870,596,0,0,0,0,0,0,0,0,2
3922,3922,46,31,886,596,0,0,0,0,0,0,0,0,2
3923,3923,47,31,902,596,0,0,0,0,0,0,0,0,2
3924,3924,48,31,918,596,0,0,0,0,0,0,0,0,2
3925,3925,49,31,934,596,0,0,0,0,0,0,0,0,2
3926,3926,50,31,950,596,0,0,0,0,0,0,0,0,2
3927,3927,51,31,966,596,0,0,0,0,0,0,0,0,2
3928,3928,52,31,982,596,0,0,0,0,0,0,0,0,2
3929,3929,53,31,998,596,0,0,0,0,0,0,0,0,2
3930,3930,54,31,1014,596,0,0,0,0,0,0,0,0,2
3931,3931,55,31,1030,596,0,0,0,0,0,0,0,0,2
3932,3932,56,31,1046,596,0,0,0,0,0,0,0,0,2
3933,3933,57,31,1062,596,0,0,0,0,0,0,0,0,2
3934,3934,58,31,1078,596,0,0,0,0,0,0,0,0,2
3935,3935,59,31,1094,596,0,0,0,0,0,0,0,0,2
3936,3936,60,31,1110,596,0,0,0,0,0,0,0,0,2
3937,3937,61,31,1126,596,0,0,0,0,0,0,0,0,2
3938,3938,62,31,1142,596,0,0,0,0,0,0,0,0,2
3939,3939,63,31,1158,596,0,0,0,0,0,0,0,0,2
3940,3940,64,31,1174,596,0,0,0,0,0,0,0,0,2
3941,3941,65,31,1190,596,0,0,0,0,0,0,0,0,2
3942,3942,66,31,1206,596,0,0,0,0,0,0,0,0,2
3943,3943,67,31,1222,596,0,0,0,0,0,0,0,0,2
3944,3944,68,31,1238,596,0,0,0,0,0,0,0,0,2
3945,3945,69,31,1254,596,0,0,0,0,0,0,0,0,2
3946,3946,70,31,1270,596,0,0,0,0,0,0,0,0,2
3947,3947,71,31,1286,596,0,0,0,0,0,0,0,0,2
3948,3948,72,31,1302,596,0,0,0,0,0,0,0,0,2
3949,3949,73,31,1318,596,0,0,0,0,0,0,0,0,2
3950,3950,74,31,1334,596,0,0,0,0,0,0,0,0,11
3951,3951,75,31,1350,596,0,0,0,0,0,0,0,0,11
3952,3952,76,31,1366,596,0,0,0,0,0,0,0,0,11
3953,3953,77,31,1382,596,0,0,0,0,0,0,0,0,11
3954,3954,78,31,1398,596,0,0,0,0,0,0,0,0,15
3955,3955,79,31,1414,596,0,0,0,0,0,0,0,0,15
3956,3956,80,31,1430,596,0,0,0,0,0,0,0,0,15
3957,3957,81,31,1446,596,0,0,0,0,0,0,0,0,15
3958,3958,82,31,1462,596,0,0,0,0,0,0,0,0,15
3959,3959,83,31,1478,596,0,0,0,0,0,0,0,0,15
3960,3960,84,31,1494,596,0,0,0,0,0,0,0,0,15
3961,3961,85,31,1510,596,0,0,0,0,0,0,0,0,15
3962,3962,86,31,1526,596,0,0,0,0,0,0,0,0,15
3963,3963,87,31,1542,596,0,0,0,0,0,0,0,0,15
3964,3964,88,31,1558,596,0,0,0,0,0,0,0,0,15
3965,3965,89,31,1574,596,0,0,0,0,0,0,0,0,15
3966,3966,90,31,1590,596,0,0,0,0,0,0,0,0,16
3967,3967,91,31,1606,596,0,0,0,0,0,0,0,0,16
3968,3968,92,31,1622,596,0,0,0,0,0,0,0,0,16
3969,3969,93,31,1638,596,0,0,0,0,0,0,0,0,16
3970,3970,94,31,1654,596,0,0,0,0,0,0,0,0,16
3971,3971,95,31,1670,596,0,0,0,0,0,0,0,0,16
3972,3972,96,31,1686,596,0,0,0,0,0,0,0,0,16
3973,3973,97,31,1702,596,0,0,0,0,0,0,0,0,16
3974,3974,98,31,1718,596,0,0,0,0,0,0,0,0,16
3975,3975,99,31,1734,596,0,0,0,0,0,0,0,0,16
3976,3976,100,31,1750,596,0,0,0,0,0,0,0,0,17
3977,3977,101,31,1766,596,0,0,0,0,0,0,0,0,14
3978,3978,102,31,1782,596,0,0,0,0,0,0,0,0,14
3979,3979,103,31,1798,596,0,0,0,0,0,0,0,0,14
3980,3980,104,31,1814,596,0,0,0,0,0,0,0,0,14
3981,3981,105,31,1830,596,0,0,0,0,0,0,0,0,14
3982,3982,106,31,1846,596,0,0,0,0,0,0,0,0,14
3983,3983,107,31,1862,596,0,0,0,0,0,0,0,0,14
3984,3984,108,31,1878,596,0,0,0,0,0,0,0,0,14
3985,3985,109,31,1894,596,0,0,0,0,0,0,0,0,14
3986,3986,110,31,1910,596,0,0,0,0,0,0,0,0,14
3987,3987,111,31,1926,596,0,0,0,0,0,0,0,0,14
3988,3988,112,31,1942,596,0,0,0,0,0,0,0,0,14
3989,3989,113,31,1958,596,0,0,0,0,0,0,0,0,14
3990,3990,114,31,1974,596,0,0,0,0,0,0,0,0,14
3991,3991,115,31,1990,596,0,0,0,0,0,0,0,0,14
3992,3992,116,31,2006,596,0,0,0,0,0,0,0,0,14
3993,3993,117,31,2022,596,0,0,0,0,0,0,0,0,14
3994,3994,118,31,2038,596,0,0,0,0,0,0,0,0,14
3995,3995,119,31,2054,596,0,0,0,0,0,0,0,0,14
3996,3996,120,31,2070,596,0,0,0,0,0,0,0,0,14
3997,3997,121,31,2086,596,0,0,0,0,0,0,0,0,14
3998,3998,122,31,2102,596,0,0,0,0,0,0,0,0,14
3999,3999,123,31,2118,596,0,0,0,0,0,0,0,0,14
4000,4000,124,31,2134,596,0,0,0,0,0,0,0,0,9
4001,4001,0,32,150,612,0,0,0,0,0,0,0,0,9
4002,4002,1,32,166,612,0,0,0,0,0,0,0,0,9
4003,4003,2,32,182,612,0,0,0,0,0,0,0,0,9
4004,4004,3,32,198,612,0,0,0,0,0,0,0,0,9
4005,4005,4,32,214,612,0,0,0,0,0,0,0,0,9
4006,4006,5,32,230,612,0,0,0,0,0,0,0,0,9
4007,4007,6,32,246,612,0,0,0,0,0,0,0,0,9
4008,4008,7,32,262,612,0,0,0,0,0,0,0,0,9
4009,4009,8,32,278,612,0,0,0,0,0,0,0,0,9
4010,4010,9,32,294,612,0,0,0,0,0,0,0,0,9
4011,4011,10,32,310,612,0,0,0,0,0,0,0,0,9
4012,4012,11,32,326,612,0,0,0,0,0,0,0,0,9
4013,4013,12,32,342,612,0,0,0,0,0,0,0,0,9
4014,4014,13,32,358,612,0,0,0,0,0,0,0,0,9
4015,4015,14,32,374,612,0,0,0,0,0,0,0,0,9
4016,4016,15,32,390,612,0,0,0,0,0,0,0,0,9
4017,4017,16,32,406,612,0,0,0,0,0,0,0,0,9
4018,4018,17,32,422,612,0,0,0,0,0,0,0,0,9
4019,4019,18,32,438,612,0,0,0,0,0,0,0,0,9
4020,4020,19,32,454,612,0,0,0,0,0,0,0,0,9
4021,4021,20,32,470,612,0,0,0,0,0,0,0,0,9
4022,4022,21,32,486,612,0,0,0,0,0,0,0,0,9
4023,4023,22,32,502,612,0,0,0,0,0,0,0,0,9
4024,4024,23,32,518,612,0,0,0,0,0,0,0,0,9
4025,4025,24,32,534,612,0,0,0,0,0,0,0,0,9
4026,4026,25,32,550,612,0,0,0,0,0,0,0,0,9
4027,4027,26,32,566,612,0,0,0,0,0,0,0,0,9
4028,4028,27,32,582,612,0,0,0,0,0,0,0,0,9
4029,4029,28,32,598,612,0,0,0,0,0,0,0,0,9
4030,4030,29,32,614,612,0,0,0,0,0,0,0,0,9
4031,4031,30,32,630,612,0,0,0,0,0,0,0,0,9
4032,4032,31,32,646,612,0,0,0,0,0,0,0,0,9
4033,4033,32,32,662,612,0,0,0,0,0,0,0,0,9
4034,4034,33,32,678,612,0,0,0,0,0,0,0,0,9
4035,4035,34,32,694,612,0,0,0,0,0,0,0,0,9
4036,4036,35,32,710,612,0,0,0,0,0,0,0,0,9
4037,4037,36,32,726,612,0,0,0,0,0,0,0,0,9
4038,4038,37,32,742,612,0,0,0,0,0,0,0,0,9
4039,4039,38,32,758,612,0,0,0,0,0,0,0,0,9
4040,4040,39,32,774,612,0,0,0,0,0,0,0,0,2
4041,4041,40,32,790,612,0,0,0,0,0,0,0,0,2
4042,4042,41,32,806,612,0,0,0,0,0,0,0,0,2
4043,4043,42,32,822,612,0,0,0,0,0,0,0,0,2
4044,4044,43,32,838,612,0,0,0,0,0,0,0,0,2
4045,4045,44,32,854,612,0,0,0,0,0,0,0,0,2
4046,4046,45,32,870,612,0,0,0,0,0,0,0,0,2
4047,4047,46,32,886,612,0,0,0,0,0,0,0,0,2
4048,4048,47,32,902,612,0,0,0,0,0,0,0,0,2
4049,4049,48,32,918,612,0,0,0,0,0,0,0,0,2
4050,4050,49,32,934,612,0,0,0,0,0,0,0,0,2
4051,4051,50,32,950,612,0,0,0,0,0,0,0,0,2
4052,4052,51,32,966,612,0,0,0,0,0,0,0,0,2
4053,4053,52,32,982,612,0,0,0,0,0,0,0,0,2
4054,4054,53,32,998,612,0,0,0,0,0,0,0,0,2
4055,4055,54,32,1014,612,0,0,0,0,0,0,0,0,2
4056,4056,55,32,1030,612,0,0,0,0,0,0,0,0,2
4057,4057,56,32,1046,612,0,0,0,0,0,0,0,0,2
4058,4058,57,32,1062,612,0,0,0,0,0,0,0,0,2
4059,4059,58,32,1078,612,0,0,0,0,0,0,0,0,2
4060,4060,59,32,1094,612,0,0,0,0,0,0,0,0,2
4061,4061,60,32,1110,612,0,0,0,0,0,0,0,0,2
4062,4062,61,32,1126,612,0,0,0,0,0,0,0,0,2
4063,4063,62,32,1142,612,0,0,0,0,0,0,0,0,2
4064,4064,63,32,1158,612,0,0,0,0,0,0,0,0,2
4065,4065,64,32,1174,612,0,0,0,0,0,0,0,0,2
4066,4066,65,32,1190,612,0,0,0,0,0,0,0,0,2
4067,4067,66,32,1206,612,0,0,0,0,0,0,0,0,2
4068,4068,67,32,1222,612,0,0,0,0,0,0,0,0,2
4069,4069,68,32,1238,612,0,0,0,0,0,0,0,0,2
4070,4070,69,32,1254,612,0,0,0,0,0,0,0,0,2
4071,4071,70,32,1270,612,0,0,0,0,0,0,0,0,2
4072,4072,71,32,1286,612,0,0,0,0,0,0,0,0,2
4073,4073,72,32,1302,612,0,0,0,0,0,0,0,0,2
4074,4074,73,32,1318,612,0,0,0,0,0,0,0,0,2
4075,4075,74,32,1334,612,0,0,0,0,0,0,0,0,15
4076,4076,75,32,1350,612,0,0,0,0,0,0,0,0,15
4077,4077,76,32,1366,612,0,0,0,0,0,0,0,0,15
4078,4078,77,32,1382,612,0,0,0,0,0,0,0,0,15
4079,4079,78,32,1398,612,0,0,0,0,0,0,0,0,15
4080,4080,79,32,1414,612,0,0,0,0,0,0,0,0,15
4081,4081,80,32,1430,612,0,0,0,0,0,0,0,0,15
4082,4082,81,32,1446,612,0,0,0,0,0,0,0,0,15
4083,4083,82,32,1462,612,0,0,0,0,0,0,0,0,15
4084,4084,83,32,1478,612,0,0,0,0,0,0,0,0,15
4085,4085,84,32,1494,612,0,0,0,0,0,0,0,0,15
4086,4086,85,32,1510,612,0,0,0,0,0,0,0,0,15
4087,4087,86,32,1526,612,0,0,0,0,0,0,0,0,15
4088,4088,87,32,1542,612,0,0,0,0,0,0,0,0,15
4089,4089,88,32,1558,612,0,0,0,0,0,0,0,0,16
4090,4090,89,32,1574,612,0,0,0,0,0,0,0,0,16
4091,4091,90,32,1590,612,0,0,0,0,0,0,0,0,16
4092,4092,91,32,1606,612,0,0,0,0,0,0,0,0,16
4093,4093,92,32,1622,612,0,0,0,0,0,0,0,0,16
4094,4094,93,32,1638,612,0,0,0,0,0,0,0,0,16
4095,4095,94,32,1654,612,0,0,0,0,0,0,0,0,16
4096,4096,95,32,1670,612,0,0,0,0,0,0,0,0,16
4097,4097,96,32,1686,612,0,0,0,0,0,0,0,0,16
4098,4098,97,32,1702,612,0,0,0,0,0,0,0,0,16
4099,4099,98,32,1718,612,0,0,0,0,0,0,0,0,16
4100,4100,99,32,1734,612,0,0,0,0,0,0,0,0,16
4101,4101,100,32,1750,612,0,0,0,0,0,0,0,0,17
4102,4102,101,32,1766,612,0,0,0,0,0,0,0,0,14
4103,4103,102,32,1782,612,0,0,0,0,0,0,0,0,14
4104,4104,103,32,1798,612,0,0,0,0,0,0,0,0,14
4105,4105,104,32,1814,612,0,0,0,0,0,0,0,0,14
4106,4106,105,32,1830,612,0,0,0,0,0,0,0,0,14
4107,4107,106,32,1846,612,0,0,0,0,0,0,0,0,14
4108,4108,107,32,1862,612,0,0,0,0,0,0,0,0,14
4109,4109,108,32,1878,612,0,0,0,0,0,0,0,0,14
4110,4110,109,32,1894,612,0,0,0,0,0,0,0,0,14
4111,4111,110,32,1910,612,0,0,0,0,0,0,0,0,14
4112,4112,111,32,1926,612,0,0,0,0,0,0,0,0,14
4113,4113,112,32,1942,612,0,0,0,0,0,0,0,0,14
4114,4114,113,32,1958,612,0,0,0,0,0,0,0,0,14
4115,4115,114,32,1974,612,0,0,0,0,0,0,0,0,14
4116,4116,115,32,1990,612,0,0,0,0,0,0,0,0,14
4117,4117,116,32,2006,612,0,0,0,0,0,0,0,0,14
4118,4118,117,32,2022,612,0,0,0,0,0,0,0,0,14
4119,4119,118,32,2038,612,0,0,0,0,0,0,0,0,14
4120,4120,119,32,2054,612,0,0,0,0,0,0,0,0,14
4121,4121,120,32,2070,612,0,0,0,0,0,0,0,0,14
4122,4122,121,32,2086,612,0,0,0,0,0,0,0,0,14
4123,4123,122,32,2102,612,0,0,0,0,0,0,0,0,14
4124,4124,123,32,2118,612,0,0,0,0,0,0,0,0,14
4125,4125,124,32,2134,612,0,0,0,0,0,0,0,0,9
4126,4126,0,33,150,628,0,0,0,0,0,0,0,0,9
4127,4127,1,33,166,628,0,0,0,0,0,0,0,0,9
4128,4128,2,33,182,628,0,0,0,0,0,0,0,0,9
4129,4129,3,33,198,628,0,0,0,0,0,0,0,0,9
4130,4130,4,33,214,628,0,0,0,0,0,0,0,0,9
4131,4131,5,33,230,628,0,0,0,0,0,0,0,0,9
4132,4132,6,33,246,628,0,0,0,0,0,0,0,0,9
4133,4133,7,33,262,628,0,0,0,0,0,0,0,0,9
4134,4134,8,33,278,628,0,0,0,0,0,0,0,0,9
4135,4135,9,33,294,628,0,0,0,0,0,0,0,0,9
4136,4136,10,33,310,628,0,0,0,0,0,0,0,0,9
4137,4137,11,33,326,628,0,0,0,0,0,0,0,0,9
4138,4138,12,33,342,628,0,0,0,0,0,0,0,0,9
4139,4139,13,33,358,628,0,0,0,0,0,0,0,0,9
4140,4140,14,33,374,628,0,0,0,0,0,0,0,0,9
4141,4141,15,33,390,628,0,0,0,0,0,0,0,0,9
4142,4142,16,33,406,628,0,0,0,0,0,0,0,0,9
4143,4143,17,33,422,628,0,0,0,0,0,0,0,0,9
4144,4144,18,33,438,628,0,0,0,0,0,0,0,0,9
4145,4145,19,33,454,628,0,0,0,0,0,0,0,0,9
4146,4146,20,33,470,628,0,0,0,0,0,0,0,0,9
4147,4147,21,33,486,628,0,0,0,0,0,0,0,0,9
4148,4148,22,33,502,628,0,0,0,0,0,0,0,0,9
4149,4149,23,33,518,628,0,0,0,0,0,0,0,0,9
4150,4150,24,33,534,628,0,0,0,0,0,0,0,0,9
4151,4151,25,33,550,628,0,0,0,0,0,0,0,0,9
4152,4152,26,33,566,628,0,0,0,0,0,0,0,0,9
4153,4153,27,33,582,628,0,0,0,0,0,0,0,0,9
4154,4154,28,33,598,628,0,0,0,0,0,0,0,0,9
4155,4155,29,33,614,628,0,0,0,0,0,0,0,0,9
4156,4156,30,33,630,628,0,0,0,0,0,0,0,0,9
4157,4157,31,33,646,628,0,0,0,0,0,0,0,0,9
4158,4158,32,33,662,628,0,0,0,0,0,0,0,0,9
4159,4159,33,33,678,628,0,0,0,0,0,0,0,0,9
4160,4160,34,33,694,628,0,0,0,0,0,0,0,0,9
4161,4161,35,33,710,628,0,0,0,0,0,0,0,0,9
4162,4162,36,33,726,628,0,0,0,0,0,0,0,0,9
4163,4163,37,33,742,628,0,0,0,0,0,0,0,0,9
4164,4164,38,33,758,628,0,0,0,0,0,0,0,0,9
4165,4165,39,33,774,628,0,0,0,0,0,0,0,0,9
4166,4166,40,33,790,628,0,0,0,0,0,0,0,0,2
4167,4167,41,33,806,628,0,0,0,0,0,0,0,0,2
4168,4168,42,33,822,628,0,0,0,0,0,0,0,0,2
4169,4169,43,33,838,628,0,0,0,0,0,0,0,0,2
4170,4170,44,33,854,628,0,0,0,0,0,0,0,0,2
4171,4171,45,33,870,628,0,0,0,0,0,0,0,0,2
4172,4172,46,33,886,628,0,0,0,0,0,0,0,0,2
4173,4173,47,33,902,628,0,0,0,0,0,0,0,0,2
4174,4174,48,33,918,628,0,0,0,0,0,0,0,0,2
4175,4175,49,33,934,628,0,0,0,0,0,0,0,0,2
4176,4176,50,33,950,628,0,0,0,0,0,0,0,0,2
4177,4177,51,33,966,628,0,0,0,0,0,0,0,0,2
4178,4178,52,33,982,628,0,0,0,0,0,0,0,0,2
4179,4179,53,33,998,628,0,0,0,0,0,0,0,0,2
4180,4180,54,33,1014,628,0,0,0,0,0,0,0,0,2
4181,4181,55,33,1030,628,0,0,0,0,0,0,0,0,2
4182,4182,56,33,1046,628,0,0,0,0,0,0,0,0,2
4183,4183,57,33,1062,628,0,0,0,0,0,0,0,0,2
4184,4184,58,33,1078,628,0,0,0,0,0,0,0,0,2
4185,4185,59,33,1094,628,0,0,0,0,0,0,0,0,2
4186,4186,60,33,1110,628,0,0,0,0,0,0,0,0,2
4187,4187,61,33,1126,628,0,0,0,0,0,0,0,0,2
4188,4188,62,33,1142,628,0,0,0,0,0,0,0,0,2
4189,4189,63,33,1158,628,0,0,0,0,0,0,0,0,2
4190,4190,64,33,1174,628,0,0,0,0,0,0,0,0,2
4191,4191,65,33,1190,628,0,0,0,0,0,0,0,0,2
4192,4192,66,33,1206,628,0,0,0,0,0,0,0,0,2
4193,4193,67,33,1222,628,0,0,0,0,0,0,0,0,2
4194,4194,68,33,1238,628,0,0,0,0,0,0,0,0,2
4195,4195,69,33,1254,628,0,0,0,0,0,0,0,0,2
4196,4196,70,33,1270,628,0,0,0,0,0,0,0,0,2
4197,4197,71,33,1286,628,0,0,0,0,0,0,0,0,2
4198,4198,72,33,1302,628,0,0,0,0,0,0,0,0,2
4199,4199,73,33,1318,628,0,0,0,0,0,0,0,0,2
4200,4200,74,33,1334,628,0,0,0,0,0,0,0,0,15
4201,4201,75,33,1350,628,0,0,0,0,0,0,0,0,15
4202,4202,76,33,1366,628,0,0,0,0,0,0,0,0,15
4203,4203,77,33,1382,628,0,0,0,0,0,0,0,0,15
4204,4204,78,33,1398,628,0,0,0,0,0,0,0,0,15
4205,4205,79,33,1414,628,0,0,0,0,0,0,0,0,15
4206,4206,80,33,1430,628,0,0,0,0,0,0,0,0,15
4207,4207,81,33,1446,628,0,0,0,0,0,0,0,0,15
4208,4208,82,33,1462,628,0,0,0,0,0,0,0,0,15
4209,4209,83,33,1478,628,0,0,0,0,0,0,0,0,15
4210,4210,84,33,1494,628,0,0,0,0,0,0,0,0,15
4211,4211,85,33,1510,628,0,0,0,0,0,0,0,0,15
4212,4212,86,33,1526,628,0,0,0,0,0,0,0,0,15
4213,4213,87,33,1542,628,0,0,0,0,0,0,0,0,16
4214,4214,88,33,1558,628,0,0,0,0,0,0,0,0,16
4215,4215,89,33,1574,628,0,0,0,0,0,0,0,0,16
4216,4216,90,33,1590,628,0,0,0,0,0,0,0,0,16
4217,4217,91,33,1606,628,0,0,0,0,0,0,0,0,16
4218,4218,92,33,1622,628,0,0,0,0,0,0,0,0,16
4219,4219,93,33,1638,628,0,0,0,0,0,0,0,0,16
4220,4220,94,33,1654,628,0,0,0,0,0,0,0,0,16
4221,4221,95,33,1670,628,0,0,0,0,0,0,0,0,16
4222,4222,96,33,1686,628,0,0,0,0,0,0,0,0,16
4223,4223,97,33,1702,628,0,0,0,0,0,0,0,0,16
4224,4224,98,33,1718,628,0,0,0,0,0,0,0,0,16
4225,4225,99,33,1734,628,0,0,0,0,0,0,0,0,17
4226,4226,100,33,1750,628,0,0,0,0,0,0,0,0,17
4227,4227,101,33,1766,628,0,0,0,0,0,0,0,0,14
4228,4228,102,33,1782,628,0,0,0,0,0,0,0,0,14
4229,4229,103,33,1798,628,0,0,0,0,0,0,0,0,14
4230,4230,104,33,1814,628,0,0,0,0,0,0,0,0,14
4231,4231,105,33,1830,628,0,0,0,0,0,0,0,0,14
4232,4232,106,33,1846,628,0,0,0,0,0,0,0,0,14
4233,4233,107,33,1862,628,0,0,0,0,0,0,0,0,14
4234,4234,108,33,1878,628,0,0,0,0,0,0,0,0,14
4235,4235,109,33,1894,628,0,0,0,0,0,0,0,0,14
4236,4236,110,33,1910,628,0,0,0,0,0,0,0,0,14
4237,4237,111,33,1926,628,0,0,0,0,0,0,0,0,14
4238,4238,112,33,1942,628,0,0,0,0,0,0,0,0,14
4239,4239,113,33,1958,628,0,0,0,0,0,0,0,0,14
4240,4240,114,33,1974,628,0,0,0,0,0,0,0,0,14
4241,4241,115,33,1990,628,0,0,0,0,0,0,0,0,14
4242,4242,116,33,2006,628,0,0,0,0,0,0,0,0,14
4243,4243,117,33,2022,628,0,0,0,0,0,0,0,0,14
4244,4244,118,33,2038,628,0,0,0,0,0,0,0,0,14
4245,4245,119,33,2054,628,0,0,0,0,0,0,0,0,14
4246,4246,120,33,2070,628,0,0,0,0,0,0,0,0,14
4247,4247,121,33,2086,628,0,0,0,0,0,0,0,0,14
4248,4248,122,33,2102,628,0,0,0,0,0,0,0,0,14
4249,4249,123,33,2118,628,0,0,0,0,0,0,0,0,14
4250,4250,124,33,2134,628,0,0,0,0,0,0,0,0,9
4251,4251,0,34,150,644,0,0,0,0,0,0,0,0,9
4252,4252,1,34,166,644,0,0,0,0,0,0,0,0,9
4253,4253,2,34,182,644,0,0,0,0,0,0,0,0,9
4254,4254,3,34,198,644,0,0,0,0,0,0,0,0,9
4255,4255,4,34,214,644,0,0,0,0,0,0,0,0,9
4256,4256,5,34,230,644,0,0,0,0,0,0,0,0,9
4257,4257,6,34,246,644,0,0,0,0,0,0,0,0,9
4258,4258,7,34,262,644,0,0,0,0,0,0,0,0,9
4259,4259,8,34,278,644,0,0,0,0,0,0,0,0,9
4260,4260,9,34,294,644,0,0,0,0,0,0,0,0,9
4261,4261,10,34,310,644,0,0,0,0,0,0,0,0,9
4262,4262,11,34,326,644,0,0,0,0,0,0,0,0,9
4263,4263,12,34,342,644,0,0,0,0,0,0,0,0,9
4264,4264,13,34,358,644,0,0,0,0,0,0,0,0,9
4265,4265,14,34,374,644,0,0,0,0,0,0,0,0,9
4266,4266,15,34,390,644,0,0,0,0,0,0,0,0,9
4267,4267,16,34,406,644,0,0,0,0,0,0,0,0,9
4268,4268,17,34,422,644,0,0,0,0,0,0,0,0,9
4269,4269,18,34,438,644,0,0,0,0,0,0,0,0,9
4270,4270,19,34,454,644,0,0,0,0,0,0,0,0,9
4271,4271,20,34,470,644,0,0,0,0,0,0,0,0,9
4272,4272,21,34,486,644,0,0,0,0,0,0,0,0,9
4273,4273,22,34,502,644,0,0,0,0,0,0,0,0,9
4274,4274,23,34,518,644,0,0,0,0,0,0,0,0,9
4275,4275,24,34,534,644,0,0,0,0,0,0,0,0,9
4276,4276,25,34,550,644,0,0,0,0,0,0,0,0,9
4277,4277,26,34,566,644,0,0,0,0,0,0,0,0,9
4278,4278,27,34,582,644,0,0,0,0,0,0,0,0,9
4279,4279,28,34,598,644,0,0,0,0,0,0,0,0,9
4280,4280,29,34,614,644,0,0,0,0,0,0,0,0,9
4281,4281,30,34,630,644,0,0,0,0,0,0,0,0,9
4282,4282,31,34,646,644,0,0,0,0,0,0,0,0,9
4283,4283,32,34,662,644,0,0,0,0,0,0,0,0,9
4284,4284,33,34,678,644,0,0,0,0,0,0,0,0,9
4285,4285,34,34,694,644,0,0,0,0,0,0,0,0,9
4286,4286,35,34,710,644,0,0,0,0,0,0,0,0,9
4287,4287,36,34,726,644,0,0,0,0,0,0,0,0,9
4288,4288,37,34,742,644,0,0,0,0,0,0,0,0,9
4289,4289,38,34,758,644,0,0,0,0,0,0,0,0,9
4290,4290,39,34,774,644,0,0,0,0,0,0,0,0,9
4291,4291,40,34,790,644,0,0,0,0,0,0,0,0,2
4292,4292,41,34,806,644,0,0,0,0,0,0,0,0,2
4293,4293,42,34,822,644,0,0,0,0,0,0,0,0,2
4294,4294,43,34,838,644,0,0,0,0,0,0,0,0,2
4295,4295,44,34,854,644,0,0,0,0,0,0,0,0,2
4296,4296,45,34,870,644,0,0,0,0,0,0,0,0,2
4297,4297,46,34,886,644,0,0,0,0,0,0,0,0,2
4298,4298,47,34,902,644,0,0,0,0,0,0,0,0,2
4299,4299,48,34,918,644,0,0,0,0,0,0,0,0,2
4300,4300,49,34,934,644,0,0,0,0,0,0,0,0,2
4301,4301,50,34,950,644,0,0,0,0,0,0,0,0,2
4302,4302,51,34,966,644,0,0,0,0,0,0,0,0,2
4303,4303,52,34,982,644,0,0,0,0,0,0,0,0,2
4304,4304,53,34,998,644,0,0,0,0,0,0,0,0,2
4305,4305,54,34,1014,644,0,0,0,0,0,0,0,0,2
4306,4306,55,34,1030,644,0,0,0,0,0,0,0,0,2
4307,4307,56,34,1046,644,0,0,0,0,0,0,0,0,2
4308,4308,57,34,1062,644,0,0,0,0,0,0,0,0,2
4309,4309,58,34,1078,644,0,0,0,0,0,0,0,0,2
4310,4310,59,34,1094,644,0,0,0,0,0,0,0,0,2
4311,4311,60,34,1110,644,0,0,0,0,0,0,0,0,2
4312,4312,61,34,1126,644,0,0,0,0,0,0,0,0,2
4313,4313,62,34,1142,644,0,0,0,0,0,0,0,0,2
4314,4314,63,34,1158,644,0,0,0,0,0,0,0,0,2
4315,4315,64,34,1174,644,0,0,0,0,0,0,0,0,2
4316,4316,65,34,1190,644,0,0,0,0,0,0,0,0,2
4317,4317,66,34,1206,644,0,0,0,0,0,0,0,0,2
4318,4318,67,34,1222,644,0,0,0,0,0,0,0,0,2
4319,4319,68,34,1238,644,0,0,0,0,0,0,0,0,2
4320,4320,69,34,1254,644,0,0,0,0,0,0,0,0,2
4321,4321,70,34,1270,644,0,0,0,0,0,0,0,0,2
4322,4322,71,34,1286,644,0,0,0,0,0,0,0,0,2
4323,4323,72,34,1302,644,0,0,0,0,0,0,0,0,2
4324,4324,73,34,1318,644,0,0,0,0,0,0,0,0,2
4325,4325,74,34,1334,644,0,0,0,0,0,0,0,0,15
4326,4326,75,34,1350,644,0,0,0,0,0,0,0,0,15
4327,4327,76,34,1366,644,0,0,0,0,0,0,0,0,15
4328,4328,77,34,1382,644,0,0,0,0,0,0,0,0,15
4329,4329,78,34,1398,644,0,0,0,0,0,0,0,0,15
4330,4330,79,34,1414,644,0,0,0,0,0,0,0,0,15
4331,4331,80,34,1430,644,0,0,0,0,0,0,0,0,15
4332,4332,81,34,1446,644,0,0,0,0,0,0,0,0,15
4333,4333,82,34,1462,644,0,0,0,0,0,0,0,0,15
4334,4334,83,34,1478,644,0,0,0,0,0,0,0,0,15
4335,4335,84,34,1494,644,0,0,0,0,0,0,0,0,15
4336,4336,85,34,1510,644,0,0,0,0,0,0,0,0,16
4337,4337,86,34,1526,644,0,0,0,0,0,0,0,0,16
4338,4338,87,34,1542,644,0,0,0,0,0,0,0,0,16
4339,4339,88,34,1558,644,0,0,0,0,0,0,0,0,16
4340,4340,89,34,1574,644,0,0,0,0,0,0,0,0,16
4341,4341,90,34,1590,644,0,0,0,0,0,0,0,0,16
4342,4342,91,34,1606,644,0,0,0,0,0,0,0,0,16
4343,4343,92,34,1622,644,0,0,0,0,0,0,0,0,16
4344,4344,93,34,1638,644,0,0,0,0,0,0,0,0,16
4345,4345,94,34,1654,644,0,0,0,0,0,0,0,0,16
4346,4346,95,34,1670,644,0,0,0,0,0,0,0,0,16
4347,4347,96,34,1686,644,0,0,0,0,0,0,0,0,16
4348,4348,97,34,1702,644,0,0,0,0,0,0,0,0,16
4349,4349,98,34,1718,644,0,0,0,0,0,0,0,0,16
4350,4350,99,34,1734,644,0,0,0,0,0,0,0,0,17
4351,4351,100,34,1750,644,0,0,0,0,0,0,0,0,17
4352,4352,101,34,1766,644,0,0,0,0,0,0,0,0,14
4353,4353,102,34,1782,644,0,0,0,0,0,0,0,0,14
4354,4354,103,34,1798,644,0,0,0,0,0,0,0,0,14
4355,4355,104,34,1814,644,0,0,0,0,0,0,0,0,14
4356,4356,105,34,1830,644,0,0,0,0,0,0,0,0,14
4357,4357,106,34,1846,644,0,0,0,0,0,0,0,0,14
4358,4358,107,34,1862,644,0,0,0,0,0,0,0,0,14
4359,4359,108,34,1878,644,0,0,0,0,0,0,0,0,14
4360,4360,109,34,1894,644,0,0,0,0,0,0,0,0,14
4361,4361,110,34,1910,644,0,0,0,0,0,0,0,0,14
4362,4362,111,34,1926,644,0,0,0,0,0,0,0,0,14
4363,4363,112,34,1942,644,0,0,0,0,0,0,0,0,14
4364,4364,113,34,1958,644,0,0,0,0,0,0,0,0,14
4365,4365,114,34,1974,644,0,0,0,0,0,0,0,0,14
4366,4366,115,34,1990,644,0,0,0,0,0,0,0,0,14
4367,4367,116,34,2006,644,0,0,0,0,0,0,0,0,14
4368,4368,117,34,2022,644,0,0,0,0,0,0,0,0,14
4369,4369,118,34,2038,644,0,0,0,0,0,0,0,0,14
4370,4370,119,34,2054,644,0,0,0,0,0,0,0,0,14
4371,4371,120,34,2070,644,0,0,0,0,0,0,0,0,14
4372,4372,121,34,2086,644,0,0,0,0,0,0,0,0,14
4373,4373,122,34,2102,644,0,0,0,0,0,0,0,0,14
4374,4374,123,34,2118,644,0,0,0,0,0,0,0,0,14
4375,4375,124,34,2134,644,0,0,0,0,0,0,0,0,9
4376,4376,0,35,150,660,0,0,0,0,0,0,0,0,9
4377,4377,1,35,166,660,0,0,0,0,0,0,0,0,9
4378,4378,2,35,182,660,0,0,0,0,0,0,0,0,9
4379,4379,3,35,198,660,0,0,0,0,0,0,0,0,9
4380,4380,4,35,214,660,0,0,0,0,0,0,0,0,9
4381,4381,5,35,230,660,0,0,0,0,0,0,0,0,9
4382,4382,6,35,246,660,0,0,0,0,0,0,0,0,9
4383,4383,7,35,262,660,0,0,0,0,0,0,0,0,9
4384,4384,8,35,278,660,0,0,0,0,0,0,0,0,9
4385,4385,9,35,294,660,0,0,0,0,0,0,0,0,9
4386,4386,10,35,310,660,0,0,0,0,0,0,0,0,9
4387,4387,11,35,326,660,0,0,0,0,0,0,0,0,9
4388,4388,12,35,342,660,0,0,0,0,0,0,0,0,9
4389,4389,13,35,358,660,0,0,0,0,0,0,0,0,9
4390,4390,14,35,374,660,0,0,0,0,0,0,0,0,9
4391,4391,15,35,390,660,0,0,0,0,0,0,0,0,9
4392,4392,16,35,406,660,0,0,0,0,0,0,0,0,9
4393,4393,17,35,422,660,0,0,0,0,0,0,0,0,9
4394,4394,18,35,438,660,0,0,0,0,0,0,0,0,9
4395,4395,19,35,454,660,0,0,0,0,0,0,0,0,9
4396,4396,20,35,470,660,0,0,0,0,0,0,0,0,9
4397,4397,21,35,486,660,0,0,0,0,0,0,0,0,9
4398,4398,22,35,502,660,0,0,0,0,0,0,0,0,9
4399,4399,23,35,518,660,0,0,0,0,0,0,0,0,9
4400,4400,24,35,534,660,0,0,0,0,0,0,0,0,9
4401,4401,25,35,550,660,0,0,0,0,0,0,0,0,9
4402,4402,26,35,566,660,0,0,0,0,0,0,0,0,9
4403,4403,27,35,582,660,0,0,0,0,0,0,0,0,9
4404,4404,28,35,598,660,0,0,0,0,0,0,0,0,9
4405,4405,29,35,614,660,0,0,0,0,0,0,0,0,9
4406,4406,30,35,630,660,0,0,0,0,0,0,0,0,9
4407,4407,31,35,646,660,0,0,0,0,0,0,0,0,9
4408,4408,32,35,662,660,0,0,0,0,0,0,0,0,9
4409,4409,33,35,678,660,0,0,0,0,0,0,0,0,9
4410,4410,34,35,694,660,0,0,0,0,0,0,0,0,9
4411,4411,35,35,710,660,0,0,0,0,0,0,0,0,9
4412,4412,36,35,726,660,0,0,0,0,0,0,0,0,9
4413,4413,37,35,742,660,0,0,0,0,0,0,0,0,9
4414,4414,38,35,758,660,0,0,0,0,0,0,0,0,9
4415,4415,39,35,774,660,0,0,0,0,0,0,0,0,9
4416,4416,40,35,790,660,0,0,0,0,0,0,0,0,9
4417,4417,41,35,806,660,0,0,0,0,0,0,0,0,2
4418,4418,42,35,822,660,0,0,0,0,0,0,0,0,2
4419,4419,43,35,838,660,0,0,0,0,0,0,0,0,2
4420,4420,44,35,854,660,0,0,0,0,0,0,0,0,2
4421,4421,45,35,870,660,0,0,0,0,0,0,0,0,2
4422,4422,46,35,886,660,0,0,0,0,0,0,0,0,2
4423,4423,47,35,902,660,0,0,0,0,0,0,0,0,2
4424,4424,48,35,918,660,0,0,0,0,0,0,0,0,2
4425,4425,49,35,934,660,0,0,0,0,0,0,0,0,2
4426,4426,50,35,950,660,0,0,0,0,0,0,0,0,2
4427,4427,51,35,966,660,0,0,0,0,0,0,0,0,2
4428,4428,52,35,982,660,0,0,0,0,0,0,0,0,2
4429,4429,53,35,998,660,0,0,0,0,0,0,0,0,2
4430,4430,54,35,1014,660,0,0,0,0,0,0,0,0,2
4431,4431,55,35,1030,660,0,0,0,0,0,0,0,0,2
4432,4432,56,35,1046,660,0,0,0,0,0,0,0,0,2
4433,4433,57,35,1062,660,0,0,0,0,0,0,0,0,2
4434,4434,58,35,1078,660,0,0,0,0,0,0,0,0,2
4435,4435,59,35,1094,660,0,0,0,0,0,0,0,0,2
4436,4436,60,35,1110,660,0,0,0,0,0,0,0,0,2
4437,4437,61,35,1126,660,0,0,0,0,0,0,0,0,2
4438,4438,62,35,1142,660,0,0,0,0,0,0,0,0,2
4439,4439,63,35,1158,660,0,0,0,0,0,0,0,0,2
4440,4440,64,35,1174,660,0,0,0,0,0,0,0,0,2
4441,4441,65,35,1190,660,0,0,0,0,0,0,0,0,2
4442,4442,66,35,1206,660,0,0,0,0,0,0,0,0,2
4443,4443,67,35,1222,660,0,0,0,0,0,0,0,0,2
4444,4444,68,35,1238,660,0,0,0,0,0,0,0,0,2
4445,4445,69,35,1254,660,0,0,0,0,0,0,0,0,2
4446,4446,70,35,1270,660,0,0,0,0,0,0,0,0,2
4447,4447,71,35,1286,660,0,0,0,0,0,0,0,0,2
4448,4448,72,35,1302,660,0,0,0,0,0,0,0,0,2
4449,4449,73,35,1318,660,0,0,0,0,0,0,0,0,2
4450,4450,74,35,1334,660,0,0,0,0,0,0,0,0,15
4451,4451,75,35,1350,660,0,0,0,0,0,0,0,0,15
4452,4452,76,35,1366,660,0,0,0,0,0,0,0,0,15
4453,4453,77,35,1382,660,0,0,0,0,0,0,0,0,15
4454,4454,78,35,1398,660,0,0,0,0,0,0,0,0,15
4455,4455,79,35,1414,660,0,0,0,0,0,0,0,0,15
4456,4456,80,35,1430,660,0,0,0,0,0,0,0,0,15
4457,4457,81,35,1446,660,0,0,0,0,0,0,0,0,15
4458,4458,82,35,1462,660,0,0,0,0,0,0,0,0,15
4459,4459,83,35,1478,660,0,0,0,0,0,0,0,0,15
4460,4460,84,35,1494,660,0,0,0,0,0,0,0,0,16
4461,4461,85,35,1510,660,0,0,0,0,0,0,0,0,16
4462,4462,86,35,1526,660,0,0,0,0,0,0,0,0,16
4463,4463,87,35,1542,660,0,0,0,0,0,0,0,0,16
4464,4464,88,35,1558,660,0,0,0,0,0,0,0,0,16
4465,4465,89,35,1574,660,0,0,0,0,0,0,0,0,16
4466,4466,90,35,1590,660,0,0,0,0,0,0,0,0,16
4467,4467,91,35,1606,660,0,0,0,0,0,0,0,0,16
4468,4468,92,35,1622,660,0,0,0,0,0,0,0,0,16
4469,4469,93,35,1638,660,0,0,0,0,0,0,0,0,16
4470,4470,94,35,1654,660,0,0,0,0,0,0,0,0,16
4471,4471,95,35,1670,660,0,0,0,0,0,0,0,0,16
4472,4472,96,35,1686,660,0,0,0,0,0,0,0,0,16
4473,4473,97,35,1702,660,0,0,0,0,0,0,0,0,16
4474,4474,98,35,1718,660,0,0,0,0,0,0,0,0,16
4475,4475,99,35,1734,660,0,0,0,0,0,0,0,0,17
4476,4476,100,35,1750,660,0,0,0,0,0,0,0,0,17
4477,4477,101,35,1766,660,0,0,0,0,0,0,0,0,14
4478,4478,102,35,1782,660,0,0,0,0,0,0,0,0,14
4479,4479,103,35,1798,660,0,0,0,0,0,0,0,0,14
4480,4480,104,35,1814,660,0,0,0,0,0,0,0,0,14
4481,4481,105,35,1830,660,0,0,0,0,0,0,0,0,14
4482,4482,106,35,1846,660,0,0,0,0,0,0,0,0,14
4483,4483,107,35,1862,660,0,0,0,0,0,0,0,0,14
4484,4484,108,35,1878,660,0,0,0,0,0,0,0,0,14
4485,4485,109,35,1894,660,0,0,0,0,0,0,0,0,14
4486,4486,110,35,1910,660,0,0,0,0,0,0,0,0,14
4487,4487,111,35,1926,660,0,0,0,0,0,0,0,0,14
4488,4488,112,35,1942,660,0,0,0,0,0,0,0,0,14
4489,4489,113,35,1958,660,0,0,0,0,0,0,0,0,14
4490,4490,114,35,1974,660,0,0,0,0,0,0,0,0,14
4491,4491,115,35,1990,660,0,0,0,0,0,0,0,0,14
4492,4492,116,35,2006,660,0,0,0,0,0,0,0,0,14
4493,4493,117,35,2022,660,0,0,0,0,0,0,0,0,14
4494,4494,118,35,2038,660,0,0,0,0,0,0,0,0,14
4495,4495,119,35,2054,660,0,0,0,0,0,0,0,0,14
4496,4496,120,35,2070,660,0,0,0,0,0,0,0,0,14
4497,4497,121,35,2086,660,0,0,0,0,0,0,0,0,14
4498,4498,122,35,2102,660,0,0,0,0,0,0,0,0,14
4499,4499,123,35,2118,660,0,0,0,0,0,0,0,0,14
4500,4500,124,35,2134,660,0,0,0,0,0,0,0,0,9
4501,4501,0,36,150,676,0,0,0,0,0,0,0,0,9
4502,4502,1,36,166,676,0,0,0,0,0,0,0,0,9
4503,4503,2,36,182,676,0,0,0,0,0,0,0,0,9
4504,4504,3,36,198,676,0,0,0,0,0,0,0,0,9
4505,4505,4,36,214,676,0,0,0,0,0,0,0,0,9
4506,4506,5,36,230,676,0,0,0,0,0,0,0,0,9
4507,4507,6,36,246,676,0,0,0,0,0,0,0,0,9
4508,4508,7,36,262,676,0,0,0,0,0,0,0,0,9
4509,4509,8,36,278,676,0,0,0,0,0,0,0,0,9
4510,4510,9,36,294,676,0,0,0,0,0,0,0,0,9
4511,4511,10,36,310,676,0,0,0,0,0,0,0,0,9
4512,4512,11,36,326,676,0,0,0,0,0,0,0,0,9
4513,4513,12,36,342,676,0,0,0,0,0,0,0,0,9
4514,4514,13,36,358,676,0,0,0,0,0,0,0,0,9
4515,4515,14,36,374,676,0,0,0,0,0,0,0,0,9
4516,4516,15,36,390,676,0,0,0,0,0,0,0,0,9
4517,4517,16,36,406,676,0,0,0,0,0,0,0,0,9
4518,4518,17,36,422,676,0,0,0,0,0,0,0,0,9
4519,4519,18,36,438,676,0,0,0,0,0,0,0,0,9
4520,4520,19,36,454,676,0,0,0,0,0,0,0,0,9
4521,4521,20,36,470,676,0,0,0,0,0,0,0,0,9
4522,4522,21,36,486,676,0,0,0,0,0,0,0,0,9
4523,4523,22,36,502,676,0,0,0,0,0,0,0,0,9
4524,4524,23,36,518,676,0,0,0,0,0,0,0,0,9
4525,4525,24,36,534,676,0,0,0,0,0,0,0,0,9
4526,4526,25,36,550,676,0,0,0,0,0,0,0,0,9
4527,4527,26,36,566,676,0,0,0,0,0,0,0,0,9
4528,4528,27,36,582,676,0,0,0,0,0,0,0,0,9
4529,4529,28,36,598,676,0,0,0,0,0,0,0,0,9
4530,4530,29,36,614,676,0,0,0,0,0,0,0,0,9
4531,4531,30,36,630,676,0,0,0,0,0,0,0,0,9
4532,4532,31,36,646,676,0,0,0,0,0,0,0,0,9
4533,4533,32,36,662,676,0,0,0,0,0,0,0,0,9
4534,4534,33,36,678,676,0,0,0,0,0,0,0,0,9
4535,4535,34,36,694,676,0,0,0,0,0,0,0,0,9
4536,4536,35,36,710,676,0,0,0,0,0,0,0,0,9
4537,4537,36,36,726,676,0,0,0,0,0,0,0,0,9
4538,4538,37,36,742,676,0,0,0,0,0,0,0,0,9
4539,4539,38,36,758,676,0,0,0,0,0,0,0,0,9
4540,4540,39,36,774,676,0,0,0,0,0,0,0,0,9
4541,4541,40,36,790,676,0,0,0,0,0,0,0,0,9
4542,4542,41,36,806,676,0,0,0,0,0,0,0,0,9
4543,4543,42,36,822,676,0,0,0,0,0,0,0,0,2
4544,4544,43,36,838,676,0,0,0,0,0,0,0,0,2
4545,4545,44,36,854,676,0,0,0,0,0,0,0,0,2
4546,4546,45,36,870,676,0,0,0,0,0,0,0,0,2
4547,4547,46,36,886,676,0,0,0,0,0,0,0,0,2
4548,4548,47,36,902,676,0,0,0,0,0,0,0,0,2
4549,4549,48,36,918,676,0,0,0,0,0,0,0,0,2
4550,4550,49,36,934,676,0,0,0,0,0,0,0,0,2
4551,4551,50,36,950,676,0,0,0,0,0,0,0,0,2
4552,4552,51,36,966,676,0,0,0,0,0,0,0,0,2
4553,4553,52,36,982,676,0,0,0,0,0,0,0,0,2
4554,4554,53,36,998,676,0,0,0,0,0,0,0,0,2
4555,4555,54,36,1014,676,0,0,0,0,0,0,0,0,2
4556,4556,55,36,1030,676,0,0,0,0,0,0,0,0,2
4557,4557,56,36,1046,676,0,0,0,0,0,0,0,0,2
4558,4558,57,36,1062,676,0,0,0,0,0,0,0,0,2
4559,4559,58,36,1078,676,0,0,0,0,0,0,0,0,2
4560,4560,59,36,1094,676,0,0,0,0,0,0,0,0,2
4561,4561,60,36,1110,676,0,0,0,0,0,0,0,0,2
4562,4562,61,36,1126,676,0,0,0,0,0,0,0,0,2
4563,4563,62,36,1142,676,0,0,0,0,0,0,0,0,2
4564,4564,63,36,1158,676,0,0,0,0,0,0,0,0,2
4565,4565,64,36,1174,676,0,0,0,0,0,0,0,0,2
4566,4566,65,36,1190,676,0,0,0,0,0,0,0,0,2
4567,4567,66,36,1206,676,0,0,0,0,0,0,0,0,2
4568,4568,67,36,1222,676,0,0,0,0,0,0,0,0,2
4569,4569,68,36,1238,676,0,0,0,0,0,0,0,0,2
4570,4570,69,36,1254,676,0,0,0,0,0,0,0,0,2
4571,4571,70,36,1270,676,0,0,0,0,0,0,0,0,2
4572,4572,71,36,1286,676,0,0,0,0,0,0,0,0,2
4573,4573,72,36,1302,676,0,0,0,0,0,0,0,0,2
4574,4574,73,36,1318,676,0,0,0,0,0,0,0,0,15
4575,4575,74,36,1334,676,0,0,0,0,0,0,0,0,15
4576,4576,75,36,1350,676,0,0,0,0,0,0,0,0,15
4577,4577,76,36,1366,676,0,0,0,0,0,0,0,0,15
4578,4578,77,36,1382,676,0,0,0,0,0,0,0,0,15
4579,4579,78,36,1398,676,0,0,0,0,0,0,0,0,15
4580,4580,79,36,1414,676,0,0,0,0,0,0,0,0,15
4581,4581,80,36,1430,676,0,0,0,0,0,0,0,0,15
4582,4582,81,36,1446,676,0,0,0,0,0,0,0,0,15
4583,4583,82,36,1462,676,0,0,0,0,0,0,0,0,16
4584,4584,83,36,1478,676,0,0,0,0,0,0,0,0,16
4585,4585,84,36,1494,676,0,0,0,0,0,0,0,0,16
4586,4586,85,36,1510,676,0,0,0,0,0,0,0,0,16
4587,4587,86,36,1526,676,0,0,0,0,0,0,0,0,16
4588,4588,87,36,1542,676,0,0,0,0,0,0,0,0,16
4589,4589,88,36,1558,676,0,0,0,0,0,0,0,0,16
4590,4590,89,36,1574,676,0,0,0,0,0,0,0,0,16
4591,4591,90,36,1590,676,0,0,0,0,0,0,0,0,16
4592,4592,91,36,1606,676,0,0,0,0,0,0,0,0,16
4593,4593,92,36,1622,676,0,0,0,0,0,0,0,0,16
4594,4594,93,36,1638,676,0,0,0,0,0,0,0,0,16
4595,4595,94,36,1654,676,0,0,0,0,0,0,0,0,16
4596,4596,95,36,1670,676,0,0,0,0,0,0,0,0,16
4597,4597,96,36,1686,676,0,0,0,0,0,0,0,0,16
4598,4598,97,36,1702,676,0,0,0,0,0,0,0,0,16
4599,4599,98,36,1718,676,0,0,0,0,0,0,0,0,17
4600,4600,99,36,1734,676,0,0,0,0,0,0,0,0,17
4601,4601,100,36,1750,676,0,0,0,0,0,0,0,0,17
4602,4602,101,36,1766,676,0,0,0,0,0,0,0,0,14
4603,4603,102,36,1782,676,0,0,0,0,0,0,0,0,14
4604,4604,103,36,1798,676,0,0,0,0,0,0,0,0,14
4605,4605,104,36,1814,676,0,0,0,0,0,0,0,0,14
4606,4606,105,36,1830,676,0,0,0,0,0,0,0,0,14
4607,4607,106,36,1846,676,0,0,0,0,0,0,0,0,14
4608,4608,107,36,1862,676,0,0,0,0,0,0,0,0,14
4609,4609,108,36,1878,676,0,0,0,0,0,0,0,0,14
4610,4610,109,36,1894,676,0,0,0,0,0,0,0,0,14
4611,4611,110,36,1910,676,0,0,0,0,0,0,0,0,14
4612,4612,111,36,1926,676,0,0,0,0,0,0,0,0,14
4613,4613,112,36,1942,676,0,0,0,0,0,0,0,0,14
4614,4614,113,36,1958,676,0,0,0,0,0,0,0,0,14
4615,4615,114,36,1974,676,0,0,0,0,0,0,0,0,14
4616,4616,115,36,1990,676,0,0,0,0,0,0,0,0,14
4617,4617,116,36,2006,676,0,0,0,0,0,0,0,0,14
4618,4618,117,36,2022,676,0,0,0,0,0,0,0,0,14
4619,4619,118,36,2038,676,0,0,0,0,0,0,0,0,14
4620,4620,119,36,2054,676,0,0,0,0,0,0,0,0,14
4621,4621,120,36,2070,676,0,0,0,0,0,0,0,0,14
4622,4622,121,36,2086,676,0,0,0,0,0,0,0,0,14
4623,4623,122,36,2102,676,0,0,0,0,0,0,0,0,14
4624,4624,123,36,2118,676,0,0,0,0,0,0,0,0,14
4625,4625,124,36,2134,676,0,0,0,0,0,0,0,0,9
4626,4626,0,37,150,692,0,0,0,0,0,0,0,0,9
4627,4627,1,37,166,692,0,0,0,0,0,0,0,0,9
4628,4628,2,37,182,692,0,0,0,0,0,0,0,0,9
4629,4629,3,37,198,692,0,0,0,0,0,0,0,0,9
4630,4630,4,37,214,692,0,0,0,0,0,0,0,0,9
4631,4631,5,37,230,692,0,0,0,0,0,0,0,0,9
4632,4632,6,37,246,692,0,0,0,0,0,0,0,0,9
4633,4633,7,37,262,692,0,0,0,0,0,0,0,0,9
4634,4634,8,37,278,692,0,0,0,0,0,0,0,0,9
4635,4635,9,37,294,692,0,0,0,0,0,0,0,0,9
4636,4636,10,37,310,692,0,0,0,0,0,0,0,0,9
4637,4637,11,37,326,692,0,0,0,0,0,0,0,0,9
4638,4638,12,37,342,692,0,0,0,0,0,0,0,0,9
4639,4639,13,37,358,692,0,0,0,0,0,0,0,0,9
4640,4640,14,37,374,692,0,0,0,0,0,0,0,0,9
4641,4641,15,37,390,692,0,0,0,0,0,0,0,0,9
4642,4642,16,37,406,692,0,0,0,0,0,0,0,0,9
4643,4643,17,37,422,692,0,0,0,0,0,0,0,0,9
4644,4644,18,37,438,692,0,0,0,0,0,0,0,0,9
4645,4645,19,37,454,692,0,0,0,0,0,0,0,0,9
4646,4646,20,37,470,692,0,0,0,0,0,0,0,0,9
4647,4647,21,37,486,692,0,0,0,0,0,0,0,0,9
4648,4648,22,37,502,692,0,0,0,0,0,0,0,0,9
4649,4649,23,37,518,692,0,0,0,0,0,0,0,0,9
4650,4650,24,37,534,692,0,0,0,0,0,0,0,0,9
4651,4651,25,37,550,692,0,0,0,0,0,0,0,0,9
4652,4652,26,37,566,692,0,0,0,0,0,0,0,0,9
4653,4653,27,37,582,692,0,0,0,0,0,0,0,0,9
4654,4654,28,37,598,692,0,0,0,0,0,0,0,0,9
4655,4655,29,37,614,692,0,0,0,0,0,0,0,0,9
4656,4656,30,37,630,692,0,0,0,0,0,0,0,0,9
4657,4657,31,37,646,692,0,0,0,0,0,0,0,0,9
4658,4658,32,37,662,692,0,0,0,0,0,0,0,0,9
4659,4659,33,37,678,692,0,0,0,0,0,0,0,0,9
4660,4660,34,37,694,692,0,0,0,0,0,0,0,0,9
4661,4661,35,37,710,692,0,0,0,0,0,0,0,0,9
4662,4662,36,37,726,692,0,0,0,0,0,0,0,0,9
4663,4663,37,37,742,692,0,0,0,0,0,0,0,0,9
4664,4664,38,37,758,692,0,0,0,0,0,0,0,0,9
4665,4665,39,37,774,692,0,0,0,0,0,0,0,0,9
4666,4666,40,37,790,692,0,0,0,0,0,0,0,0,9
4667,4667,41,37,806,692,0,0,0,0,0,0,0,0,9
4668,4668,42,37,822,692,0,0,0,0,0,0,0,0,2
4669,4669,43,37,838,692,0,0,0,0,0,0,0,0,2
4670,4670,44,37,854,692,0,0,0,0,0,0,0,0,2
4671,4671,45,37,870,692,0,0,0,0,0,0,0,0,2
4672,4672,46,37,886,692,0,0,0,0,0,0,0,0,2
4673,4673,47,37,902,692,0,0,0,0,0,0,0,0,2
4674,4674,48,37,918,692,0,0,0,0,0,0,0,0,2
4675,4675,49,37,934,692,0,0,0,0,0,0,0,0,2
4676,4676,50,37,950,692,0,0,0,0,0,0,0,0,2
4677,4677,51,37,966,692,0,0,0,0,0,0,0,0,2
4678,4678,52,37,982,692,0,0,0,0,0,0,0,0,2
4679,4679,53,37,998,692,0,0,0,0,0,0,0,0,2
4680,4680,54,37,1014,692,0,0,0,0,0,0,0,0,2
4681,4681,55,37,1030,692,0,0,0,0,0,0,0,0,2
4682,4682,56,37,1046,692,0,0,0,0,0,0,0,0,2
4683,4683,57,37,1062,692,0,0,0,0,0,0,0,0,2
4684,4684,58,37,1078,692,0,0,0,0,0,0,0,0,2
4685,4685,59,37,1094,692,0,0,0,0,0,0,0,0,2
4686,4686,60,37,1110,692,0,0,0,0,0,0,0,0,2
4687,4687,61,37,1126,692,0,0,0,0,0,0,0,0,2
4688,4688,62,37,1142,692,0,0,0,0,0,0,0,0,2
4689,4689,63,37,1158,692,0,0,0,0,0,0,0,0,2
4690,4690,64,37,1174,692,0,0,0,0,0,0,0,0,2
4691,4691,65,37,1190,692,0,0,0,0,0,0,0,0,2
4692,4692,66,37,1206,692,0,0,0,0,0,0,0,0,2
4693,4693,67,37,1222,692,0,0,0,0,0,0,0,0,2
4694,4694,68,37,1238,692,0,0,0,0,0,0,0,0,2
4695,4695,69,37,1254,692,0,0,0,0,0,0,0,0,2
4696,4696,70,37,1270,692,0,0,0,0,0,0,0,0,2
4697,4697,71,37,1286,692,0,0,0,0,0,0,0,0,2
4698,4698,72,37,1302,692,0,0,0,0,0,0,0,0,2
4699,4699,73,37,1318,692,0,0,0,0,0,0,0,0,15
4700,4700,74,37,1334,692,0,0,0,0,0,0,0,0,15
4701,4701,75,37,1350,692,0,0,0,0,0,0,0,0,15
4702,4702,76,37,1366,692,0,0,0,0,0,0,0,0,15
4703,4703,77,37,1382,692,0,0,0,0,0,0,0,0,15
4704,4704,78,37,1398,692,0,0,0,0,0,0,0,0,15
4705,4705,79,37,1414,692,0,0,0,0,0,0,0,0,15
4706,4706,80,37,1430,692,0,0,0,0,0,0,0,0,15
4707,4707,81,37,1446,692,0,0,0,0,0,0,0,0,16
4708,4708,82,37,1462,692,0,0,0,0,0,0,0,0,16
4709,4709,83,37,1478,692,0,0,0,0,0,0,0,0,16
4710,4710,84,37,1494,692,0,0,0,0,0,0,0,0,16
4711,4711,85,37,1510,692,0,0,0,0,0,0,0,0,16
4712,4712,86,37,1526,692,0,0,0,0,0,0,0,0,16
4713,4713,87,37,1542,692,0,0,0,0,0,0,0,0,16
4714,4714,88,37,1558,692,0,0,0,0,0,0,0,0,16
4715,4715,89,37,1574,692,0,0,0,0,0,0,0,0,16
4716,4716,90,37,1590,692,0,0,0,0,0,0,0,0,16
4717,4717,91,37,1606,692,0,0,0,0,0,0,0,0,16
4718,4718,92,37,1622,692,0,0,0,0,0,0,0,0,16
4719,4719,93,37,1638,692,0,0,0,0,0,0,0,0,16
4720,4720,94,37,1654,692,0,0,0,0,0,0,0,0,16
4721,4721,95,37,1670,692,0,0,0,0,0,0,0,0,16
4722,4722,96,37,1686,692,0,0,0,0,0,0,0,0,16
4723,4723,97,37,1702,692,0,0,0,0,0,0,0,0,16
4724,4724,98,37,1718,692,0,0,0,0,0,0,0,0,17
4725,4725,99,37,1734,692,0,0,0,0,0,0,0,0,17
4726,4726,100,37,1750,692,0,0,0,0,0,0,0,0,17
4727,4727,101,37,1766,692,0,0,0,0,0,0,0,0,14
4728,4728,102,37,1782,692,0,0,0,0,0,0,0,0,14
4729,4729,103,37,1798,692,0,0,0,0,0,0,0,0,14
4730,4730,104,37,1814,692,0,0,0,0,0,0,0,0,14
4731,4731,105,37,1830,692,0,0,0,0,0,0,0,0,14
4732,4732,106,37,1846,692,0,0,0,0,0,0,0,0,14
4733,4733,107,37,1862,692,0,0,0,0,0,0,0,0,14
4734,4734,108,37,1878,692,0,0,0,0,0,0,0,0,14
4735,4735,109,37,1894,692,0,0,0,0,0,0,0,0,14
4736,4736,110,37,1910,692,0,0,0,0,0,0,0,0,14
4737,4737,111,37,1926,692,0,0,0,0,0,0,0,0,14
4738,4738,112,37,1942,692,0,0,0,0,0,0,0,0,14
4739,4739,113,37,1958,692,0,0,0,0,0,0,0,0,14
4740,4740,114,37,1974,692,0,0,0,0,0,0,0,0,14
4741,4741,115,37,1990,692,0,0,0,0,0,0,0,0,14
4742,4742,116,37,2006,692,0,0,0,0,0,0,0,0,14
4743,4743,117,37,2022,692,0,0,0,0,0,0,0,0,14
4744,4744,118,37,2038,692,0,0,0,0,0,0,0,0,14
4745,4745,119,37,2054,692,0,0,0,0,0,0,0,0,14
4746,4746,120,37,2070,692,0,0,0,0,0,0,0,0,14
4747,4747,121,37,2086,692,0,0,0,0,0,0,0,0,14
4748,4748,122,37,2102,692,0,0,0,0,0,0,0,0,14
4749,4749,123,37,2118,692,0,0,0,0,0,0,0,0,14
4750,4750,124,37,2134,692,0,0,0,0,0,0,0,0,18
4751,4751,0,38,150,708,0,0,0,0,0,0,0,0,18
4752,4752,1,38,166,708,0,0,0,0,0,0,0,0,18
4753,4753,2,38,182,708,0,0,0,0,0,0,0,0,18
4754,4754,3,38,198,708,0,0,0,0,0,0,0,0,9
4755,4755,4,38,214,708,0,0,0,0,0,0,0,0,9
4756,4756,5,38,230,708,0,0,0,0,0,0,0,0,9
4757,4757,6,38,246,708,0,0,0,0,0,0,0,0,9
4758,4758,7,38,262,708,0,0,0,0,0,0,0,0,9
4759,4759,8,38,278,708,0,0,0,0,0,0,0,0,9
4760,4760,9,38,294,708,0,0,0,0,0,0,0,0,9
4761,4761,10,38,310,708,0,0,0,0,0,0,0,0,9
4762,4762,11,38,326,708,0,0,0,0,0,0,0,0,9
4763,4763,12,38,342,708,0,0,0,0,0,0,0,0,9
4764,4764,13,38,358,708,0,0,0,0,0,0,0,0,9
4765,4765,14,38,374,708,0,0,0,0,0,0,0,0,9
4766,4766,15,38,390,708,0,0,0,0,0,0,0,0,9
4767,4767,16,38,406,708,0,0,0,0,0,0,0,0,9
4768,4768,17,38,422,708,0,0,0,0,0,0,0,0,9
4769,4769,18,38,438,708,0,0,0,0,0,0,0,0,9
4770,4770,19,38,454,708,0,0,0,0,0,0,0,0,9
4771,4771,20,38,470,708,0,0,0,0,0,0,0,0,9
4772,4772,21,38,486,708,0,0,0,0,0,0,0,0,9
4773,4773,22,38,502,708,0,0,0,0,0,0,0,0,9
4774,4774,23,38,518,708,0,0,0,0,0,0,0,0,9
4775,4775,24,38,534,708,0,0,0,0,0,0,0,0,9
4776,4776,25,38,550,708,0,0,0,0,0,0,0,0,9
4777,4777,26,38,566,708,0,0,0,0,0,0,0,0,9
4778,4778,27,38,582,708,0,0,0,0,0,0,0,0,9
4779,4779,28,38,598,708,0,0,0,0,0,0,0,0,9
4780,4780,29,38,614,708,0,0,0,0,0,0,0,0,9
4781,4781,30,38,630,708,0,0,0,0,0,0,0,0,9
4782,4782,31,38,646,708,0,0,0,0,0,0,0,0,9
4783,4783,32,38,662,708,0,0,0,0,0,0,0,0,9
4784,4784,33,38,678,708,0,0,0,0,0,0,0,0,9
4785,4785,34,38,694,708,0,0,0,0,0,0,0,0,9
4786,4786,35,38,710,708,0,0,0,0,0,0,0,0,9
4787,4787,36,38,726,708,0,0,0,0,0,0,0,0,9
4788,4788,37,38,742,708,0,0,0,0,0,0,0,0,9
4789,4789,38,38,758,708,0,0,0,0,0,0,0,0,9
4790,4790,39,38,774,708,0,0,0,0,0,0,0,0,9
4791,4791,40,38,790,708,0,0,0,0,0,0,0,0,9
4792,4792,41,38,806,708,0,0,0,0,0,0,0,0,9
4793,4793,42,38,822,708,0,0,0,0,0,0,0,0,2
4794,4794,43,38,838,708,0,0,0,0,0,0,0,0,2
4795,4795,44,38,854,708,0,0,0,0,0,0,0,0,2
4796,4796,45,38,870,708,0,0,0,0,0,0,0,0,2
4797,4797,46,38,886,708,0,0,0,0,0,0,0,0,2
4798,4798,47,38,902,708,0,0,0,0,0,0,0,0,2
4799,4799,48,38,918,708,0,0,0,0,0,0,0,0,2
4800,4800,49,38,934,708,0,0,0,0,0,0,0,0,2
4801,4801,50,38,950,708,0,0,0,0,0,0,0,0,2
4802,4802,51,38,966,708,0,0,0,0,0,0,0,0,2
4803,4803,52,38,982,708,0,0,0,0,0,0,0,0,2
4804,4804,53,38,998,708,0,0,0,0,0,0,0,0,2
4805,4805,54,38,1014,708,0,0,0,0,0,0,0,0,2
4806,4806,55,38,1030,708,0,0,0,0,0,0,0,0,2
4807,4807,56,38,1046,708,0,0,0,0,0,0,0,0,2
4808,4808,57,38,1062,708,0,0,0,0,0,0,0,0,2
4809,4809,58,38,1078,708,0,0,0,0,0,0,0,0,2
4810,4810,59,38,1094,708,0,0,0,0,0,0,0,0,2
4811,4811,60,38,1110,708,0,0,0,0,0,0,0,0,2
4812,4812,61,38,1126,708,0,0,0,0,0,0,0,0,2
4813,4813,62,38,1142,708,0,0,0,0,0,0,0,0,2
4814,4814,63,38,1158,708,0,0,0,0,0,0,0,0,2
4815,4815,64,38,1174,708,0,0,0,0,0,0,0,0,2
4816,4816,65,38,1190,708,0,0,0,0,0,0,0,0,2
4817,4817,66,38,1206,708,0,0,0,0,0,0,0,0,2
4818,4818,67,38,1222,708,0,0,0,0,0,0,0,0,2
4819,4819,68,38,1238,708,0,0,0,0,0,0,0,0,2
4820,4820,69,38,1254,708,0,0,0,0,0,0,0,0,2
4821,4821,70,38,1270,708,0,0,0,0,0,0,0,0,2
4822,4822,71,38,1286,708,0,0,0,0,0,0,0,0,2
4823,4823,72,38,1302,708,0,0,0,0,0,0,0,0,2
4824,4824,73,38,1318,708,0,0,0,0,0,0,0,0,15
4825,4825,74,38,1334,708,0,0,0,0,0,0,0,0,15
4826,4826,75,38,1350,708,0,0,0,0,0,0,0,0,15
4827,4827,76,38,1366,708,0,0,0,0,0,0,0,0,15
4828,4828,77,38,1382,708,0,0,0,0,0,0,0,0,15
4829,4829,78,38,1398,708,0,0,0,0,0,0,0,0,15
4830,4830,79,38,1414,708,0,0,0,0,0,0,0,0,15
4831,4831,80,38,1430,708,0,0,0,0,0,0,0,0,15
4832,4832,81,38,1446,708,0,0,0,0,0,0,0,0,16
4833,4833,82,38,1462,708,0,0,0,0,0,0,0,0,16
4834,4834,83,38,1478,708,0,0,0,0,0,0,0,0,16
4835,4835,84,38,1494,708,0,0,0,0,0,0,0,0,16
4836,4836,85,38,1510,708,0,0,0,0,0,0,0,0,16
4837,4837,86,38,1526,708,0,0,0,0,0,0,0,0,16
4838,4838,87,38,1542,708,0,0,0,0,0,0,0,0,16
4839,4839,88,38,1558,708,0,0,0,0,0,0,0,0,16
4840,4840,89,38,1574,708,0,0,0,0,0,0,0,0,16
4841,4841,90,38,1590,708,0,0,0,0,0,0,0,0,16
4842,4842,91,38,1606,708,0,0,0,0,0,0,0,0,16
4843,4843,92,38,1622,708,0,0,0,0,0,0,0,0,16
4844,4844,93,38,1638,708,0,0,0,0,0,0,0,0,16
4845,4845,94,38,1654,708,0,0,0,0,0,0,0,0,16
4846,4846,95,38,1670,708,0,0,0,0,0,0,0,0,16
4847,4847,96,38,1686,708,0,0,0,0,0,0,0,0,16
4848,4848,97,38,1702,708,0,0,0,0,0,0,0,0,17
4849,4849,98,38,1718,708,0,0,0,0,0,0,0,0,17
4850,4850,99,38,1734,708,0,0,0,0,0,0,0,0,17
4851,4851,100,38,1750,708,0,0,0,0,0,0,0,0,14
4852,4852,101,38,1766,708,0,0,0,0,0,0,0,0,14
4853,4853,102,38,1782,708,0,0,0,0,0,0,0,0,14
4854,4854,103,38,1798,708,0,0,0,0,0,0,0,0,14
4855,4855,104,38,1814,708,0,0,0,0,0,0,0,0,14
4856,4856,105,38,1830,708,0,0,0,0,0,0,0,0,14
4857,4857,106,38,1846,708,0,0,0,0,0,0,0,0,14
4858,4858,107,38,1862,708,0,0,0,0,0,0,0,0,14
4859,4859,108,38,1878,708,0,0,0,0,0,0,0,0,14
4860,4860,109,38,1894,708,0,0,0,0,0,0,0,0,14
4861,4861,110,38,1910,708,0,0,0,0,0,0,0,0,14
4862,4862,111,38,1926,708,0,0,0,0,0,0,0,0,14
4863,4863,112,38,1942,708,0,0,0,0,0,0,0,0,14
4864,4864,113,38,1958,708,0,0,0,0,0,0,0,0,14
4865,4865,114,38,1974,708,0,0,0,0,0,0,0,0,14
4866,4866,115,38,1990,708,0,0,0,0,0,0,0,0,14
4867,4867,116,38,2006,708,0,0,0,0,0,0,0,0,14
4868,4868,117,38,2022,708,0,0,0,0,0,0,0,0,14
4869,4869,118,38,2038,708,0,0,0,0,0,0,0,0,14
4870,4870,119,38,2054,708,0,0,0,0,0,0,0,0,14
4871,4871,120,38,2070,708,0,0,0,0,0,0,0,0,14
4872,4872,121,38,2086,708,0,0,0,0,0,0,0,0,14
4873,4873,122,38,2102,708,0,0,0,0,0,0,0,0,14
4874,4874,123,38,2118,708,0,0,0,0,0,0,0,0,14
4875,4875,124,38,2134,708,0,0,0,0,0,0,0,0,18
4876,4876,0,39,150,724,0,0,0,0,0,0,0,0,18
4877,4877,1,39,166,724,0,0,0,0,0,0,0,0,18
4878,4878,2,39,182,724,0,0,0,0,0,0,0,0,18
4879,4879,3,39,198,724,0,0,0,0,0,0,0,0,18
4880,4880,4,39,214,724,0,0,0,0,0,0,0,0,18
4881,4881,5,39,230,724,0,0,0,0,0,0,0,0,18
4882,4882,6,39,246,724,0,0,0,0,0,0,0,0,18
4883,4883,7,39,262,724,0,0,0,0,0,0,0,0,18
4884,4884,8,39,278,724,0,0,0,0,0,0,0,0,9
4885,4885,9,39,294,724,0,0,0,0,0,0,0,0,9
4886,4886,10,39,310,724,0,0,0,0,0,0,0,0,9
4887,4887,11,39,326,724,0,0,0,0,0,0,0,0,9
4888,4888,12,39,342,724,0,0,0,0,0,0,0,0,9
4889,4889,13,39,358,724,0,0,0,0,0,0,0,0,9
4890,4890,14,39,374,724,0,0,0,0,0,0,0,0,9
4891,4891,15,39,390,724,0,0,0,0,0,0,0,0,9
4892,4892,16,39,406,724,0,0,0,0,0,0,0,0,9
4893,4893,17,39,422,724,0,0,0,0,0,0,0,0,9
4894,4894,18,39,438,724,0,0,0,0,0,0,0,0,9
4895,4895,19,39,454,724,0,0,0,0,0,0,0,0,9
4896,4896,20,39,470,724,0,0,0,0,0,0,0,0,9
4897,4897,21,39,486,724,0,0,0,0,0,0,0,0,9
4898,4898,22,39,502,724,0,0,0,0,0,0,0,0,9
4899,4899,23,39,518,724,0,0,0,0,0,0,0,0,9
4900,4900,24,39,534,724,0,0,0,0,0,0,0,0,9
4901,4901,25,39,550,724,0,0,0,0,0,0,0,0,9
4902,4902,26,39,566,724,0,0,0,0,0,0,0,0,9
4903,4903,27,39,582,724,0,0,0,0,0,0,0,0,9
4904,4904,28,39,598,724,0,0,0,0,0,0,0,0,9
4905,4905,29,39,614,724,0,0,0,0,0,0,0,0,9
4906,4906,30,39,630,724,0,0,0,0,0,0,0,0,9
4907,4907,31,39,646,724,0,0,0,0,0,0,0,0,9
4908,4908,32,39,662,724,0,0,0,0,0,0,0,0,9
4909,4909,33,39,678,724,0,0,0,0,0,0,0,0,9
4910,4910,34,39,694,724,0,0,0,0,0,0,0,0,9
4911,4911,35,39,710,724,0,0,0,0,0,0,0,0,9
4912,4912,36,39,726,724,0,0,0,0,0,0,0,0,9
4913,4913,37,39,742,724,0,0,0,0,0,0,0,0,9
4914,4914,38,39,758,724,0,0,0,0,0,0,0,0,9
4915,4915,39,39,774,724,0,0,0,0,0,0,0,0,9
4916,4916,40,39,790,724,0,0,0,0,0,0,0,0,9
4917,4917,41,39,806,724,0,0,0,0,0,0,0,0,9
4918,4918,42,39,822,724,0,0,0,0,0,0,0,0,9
4919,4919,43,39,838,724,0,0,0,0,0,0,0,0,2
4920,4920,44,39,854,724,0,0,0,0,0,0,0,0,2
4921,4921,45,39,870,724,0,0,0,0,0,0,0,0,2
4922,4922,46,39,886,724,0,0,0,0,0,0,0,0,2
4923,4923,47,39,902,724,0,0,0,0,0,0,0,0,2
4924,4924,48,39,918,724,0,0,0,0,0,0,0,0,2
4925,4925,49,39,934,724,0,0,0,0,0,0,0,0,2
4926,4926,50,39,950,724,0,0,0,0,0,0,0,0,2
4927,4927,51,39,966,724,0,0,0,0,0,0,0,0,2
4928,4928,52,39,982,724,0,0,0,0,0,0,0,0,2
4929,4929,53,39,998,724,0,0,0,0,0,0,0,0,2
4930,4930,54,39,1014,724,0,0,0,0,0,0,0,0,2
4931,4931,55,39,1030,724,0,0,0,0,0,0,0,0,2
4932,4932,56,39,1046,724,0,0,0,0,0,0,0,0,2
4933,4933,57,39,1062,724,0,0,0,0,0,0,0,0,2
4934,4934,58,39,1078,724,0,0,0,0,0,0,0,0,2
4935,4935,59,39,1094,724,0,0,0,0,0,0,0,0,2
4936,4936,60,39,1110,724,0,0,0,0,0,0,0,0,2
4937,4937,61,39,1126,724,0,0,0,0,0,0,0,0,2
4938,4938,62,39,1142,724,0,0,0,0,0,0,0,0,2
4939,4939,63,39,1158,724,0,0,0,0,0,0,0,0,2
4940,4940,64,39,1174,724,0,0,0,0,0,0,0,0,2
4941,4941,65,39,1190,724,0,0,0,0,0,0,0,0,2
4942,4942,66,39,1206,724,0,0,0,0,0,0,0,0,2
4943,4943,67,39,1222,724,0,0,0,0,0,0,0,0,2
4944,4944,68,39,1238,724,0,0,0,0,0,0,0,0,2
4945,4945,69,39,1254,724,0,0,0,0,0,0,0,0,2
4946,4946,70,39,1270,724,0,0,0,0,0,0,0,0,2
4947,4947,71,39,1286,724,0,0,0,0,0,0,0,0,2
4948,4948,72,39,1302,724,0,0,0,0,0,0,0,0,2
4949,4949,73,39,1318,724,0,0,0,0,0,0,0,0,15
4950,4950,74,39,1334,724,0,0,0,0,0,0,0,0,15
4951,4951,75,39,1350,724,0,0,0,0,0,0,0,0,15
4952,4952,76,39,1366,724,0,0,0,0,0,0,0,0,15
4953,4953,77,39,1382,724,0,0,0,0,0,0,0,0,15
4954,4954,78,39,1398,724,0,0,0,0,0,0,0,0,15
4955,4955,79,39,1414,724,0,0,0,0,0,0,0,0,16
4956,4956,80,39,1430,724,0,0,0,0,0,0,0,0,16
4957,4957,81,39,1446,724,0,0,0,0,0,0,0,0,16
4958,4958,82,39,1462,724,0,0,0,0,0,0,0,0,16
4959,4959,83,39,1478,724,0,0,0,0,0,0,0,0,16
4960,4960,84,39,1494,724,0,0,0,0,0,0,0,0,16
4961,4961,85,39,1510,724,0,0,0,0,0,0,0,0,16
4962,4962,86,39,1526,724,0,0,0,0,0,0,0,0,16
4963,4963,87,39,1542,724,0,0,0,0,0,0,0,0,16
4964,4964,88,39,1558,724,0,0,0,0,0,0,0,0,16
4965,4965,89,39,1574,724,0,0,0,0,0,0,0,0,16
4966,4966,90,39,1590,724,0,0,0,0,0,0,0,0,16
4967,4967,91,39,1606,724,0,0,0,0,0,0,0,0,16
4968,4968,92,39,1622,724,0,0,0,0,0,0,0,0,16
4969,4969,93,39,1638,724,0,0,0,0,0,0,0,0,16
4970,4970,94,39,1654,724,0,0,0,0,0,0,0,0,16
4971,4971,95,39,1670,724,0,0,0,0,0,0,0,0,16
4972,4972,96,39,1686,724,0,0,0,0,0,0,0,0,16
4973,4973,97,39,1702,724,0,0,0,0,0,0,0,0,17
4974,4974,98,39,1718,724,0,0,0,0,0,0,0,0,17
4975,4975,99,39,1734,724,0,0,0,0,0,0,0,0,17
4976,4976,100,39,1750,724,0,0,0,0,0,0,0,0,14
4977,4977,101,39,1766,724,0,0,0,0,0,0,0,0,14
4978,4978,102,39,1782,724,0,0,0,0,0,0,0,0,14
4979,4979,103,39,1798,724,0,0,0,0,0,0,0,0,14
4980,4980,104,39,1814,724,0,0,0,0,0,0,0,0,14
4981,4981,105,39,1830,724,0,0,0,0,0,0,0,0,14
4982,4982,106,39,1846,724,0,0,0,0,0,0,0,0,14
4983,4983,107,39,1862,724,0,0,0,0,0,0,0,0,14
4984,4984,108,39,1878,724,0,0,0,0,0,0,0,0,14
4985,4985,109,39,1894,724,0,0,0,0,0,0,0,0,14
4986,4986,110,39,1910,724,0,0,0,0,0,0,0,0,14
4987,4987,111,39,1926,724,0,0,0,0,0,0,0,0,14
4988,4988,112,39,1942,724,0,0,0,0,0,0,0,0,14
4989,4989,113,39,1958,724,0,0,0,0,0,0,0,0,14
4990,4990,114,39,1974,724,0,0,0,0,0,0,0,0,14
4991,4991,115,39,1990,724,0,0,0,0,0,0,0,0,14
4992,4992,116,39,2006,724,0,0,0,0,0,0,0,0,14
4993,4993,117,39,2022,724,0,0,0,0,0,0,0,0,14
4994,4994,118,39,2038,724,0,0,0,0,0,0,0,0,14
4995,4995,119,39,2054,724,0,0,0,0,0,0,0,0,14
4996,4996,120,39,2070,724,0,0,0,0,0,0,0,0,14
4997,4997,121,39,2086,724,0,0,0,0,0,0,0,0,14
4998,4998,122,39,2102,724,0,0,0,0,0,0,0,0,14
4999,4999,123,39,2118,724,0,0,0,0,0,0,0,0,14
5000,5000,124,39,2134,724,0,0,0,0,0,0,0,0,18
5001,5001,0,40,150,740,0,0,0,0,0,0,0,0,18
5002,5002,1,40,166,740,0,0,0,0,0,0,0,0,18
5003,5003,2,40,182,740,0,0,0,0,0,0,0,0,18
5004,5004,3,40,198,740,0,0,0,0,0,0,0,0,18
5005,5005,4,40,214,740,0,0,0,0,0,0,0,0,18
5006,5006,5,40,230,740,0,0,0,0,0,0,0,0,18
5007,5007,6,40,246,740,0,0,0,0,0,0,0,0,18
5008,5008,7,40,262,740,0,0,0,0,0,0,0,0,18
5009,5009,8,40,278,740,0,0,0,0,0,0,0,0,18
5010,5010,9,40,294,740,0,0,0,0,0,0,0,0,18
5011,5011,10,40,310,740,0,0,0,0,0,0,0,0,18
5012,5012,11,40,326,740,0,0,0,0,0,0,0,0,18
5013,5013,12,40,342,740,0,0,0,0,0,0,0,0,18
5014,5014,13,40,358,740,0,0,0,0,0,0,0,0,9
5015,5015,14,40,374,740,0,0,0,0,0,0,0,0,9
5016,5016,15,40,390,740,0,0,0,0,0,0,0,0,9
5017,5017,16,40,406,740,0,0,0,0,0,0,0,0,9
5018,5018,17,40,422,740,0,0,0,0,0,0,0,0,9
5019,5019,18,40,438,740,0,0,0,0,0,0,0,0,9
5020,5020,19,40,454,740,0,0,0,0,0,0,0,0,9
5021,5021,20,40,470,740,0,0,0,0,0,0,0,0,9
5022,5022,21,40,486,740,0,0,0,0,0,0,0,0,9
5023,5023,22,40,502,740,0,0,0,0,0,0,0,0,9
5024,5024,23,40,518,740,0,0,0,0,0,0,0,0,9
5025,5025,24,40,534,740,0,0,0,0,0,0,0,0,9
5026,5026,25,40,550,740,0,0,0,0,0,0,0,0,9
5027,5027,26,40,566,740,0,0,0,0,0,0,0,0,9
5028,5028,27,40,582,740,0,0,0,0,0,0,0,0,9
5029,5029,28,40,598,740,0,0,0,0,0,0,0,0,9
5030,5030,29,40,614,740,0,0,0,0,0,0,0,0,9
5031,5031,30,40,630,740,0,0,0,0,0,0,0,0,9
5032,5032,31,40,646,740,0,0,0,0,0,0,0,0,9
5033,5033,32,40,662,740,0,0,0,0,0,0,0,0,9
5034,5034,33,40,678,740,0,0,0,0,0,0,0,0,9
5035,5035,34,40,694,740,0,0,0,0,0,0,0,0,9
5036,5036,35,40,710,740,0,0,0,0,0,0,0,0,9
5037,5037,36,40,726,740,0,0,0,0,0,0,0,0,9
5038,5038,37,40,742,740,0,0,0,0,0,0,0,0,9
5039,5039,38,40,758,740,0,0,0,0,0,0,0,0,9
5040,5040,39,40,774,740,0,0,0,0,0,0,0,0,9
5041,5041,40,40,790,740,0,0,0,0,0,0,0,0,9
5042,5042,41,40,806,740,0,0,0,0,0,0,0,0,9
5043,5043,42,40,822,740,0,0,0,0,0,0,0,0,9
5044,5044,43,40,838,740,0,0,0,0,0,0,0,0,2
5045,5045,44,40,854,740,0,0,0,0,0,0,0,0,2
5046,5046,45,40,870,740,0,0,0,0,0,0,0,0,2
5047,5047,46,40,886,740,0,0,0,0,0,0,0,0,2
5048,5048,47,40,902,740,0,0,0,0,0,0,0,0,2
5049,5049,48,40,918,740,0,0,0,0,0,0,0,0,2
5050,5050,49,40,934,740,0,0,0,0,0,0,0,0,2
5051,5051,50,40,950,740,0,0,0,0,0,0,0,0,2
5052,5052,51,40,966,740,0,0,0,0,0,0,0,0,2
5053,5053,52,40,982,740,0,0,0,0,0,0,0,0,2
5054,5054,53,40,998,740,0,0,0,0,0,0,0,0,2
5055,5055,54,40,1014,740,0,0,0,0,0,0,0,0,2
5056,5056,55,40,1030,740,0,0,0,0,0,0,0,0,2
5057,5057,56,40,1046,740,0,0,0,0,0,0,0,0,2
5058,5058,57,40,1062,740,0,0,0,0,0,0,0,0,2
5059,5059,58,40,1078,740,0,0,0,0,0,0,0,0,2
5060,5060,59,40,1094,740,0,0,0,0,0,0,0,0,2
5061,5061,60,40,1110,740,0,0,0,0,0,0,0,0,2
5062,5062,61,40,1126,740,0,0,0,0,0,0,0,0,2
5063,5063,62,40,1142,740,0,0,0,0,0,0,0,0,2
5064,5064,63,40,1158,740,0,0,0,0,0,0,0,0,2
5065,5065,64,40,1174,740,0,0,0,0,0,0,0,0,2
5066,5066,65,40,1190,740,0,0,0,0,0,0,0,0,2
5067,5067,66,40,1206,740,0,0,0,0,0,0,0,0,2
5068,5068,67,40,1222,740,0,0,0,0,0,0,0,0,2
5069,5069,68,40,1238,740,0,0,0,0,0,0,0,0,2
5070,5070,69,40,1254,740,0,0,0,0,0,0,0,0,2
5071,5071,70,40,1270,740,0,0,0,0,0,0,0,0,2
5072,5072,71,40,1286,740,0,0,0,0,0,0,0,0,2
5073,5073,72,40,1302,740,0,0,0,0,0,0,0,0,15
5074,5074,73,40,1318,740,0,0,0,0,0,0,0,0,15
5075,5075,74,40,1334,740,0,0,0,0,0,0,0,0,15
5076,5076,75,40,1350,740,0,0,0,0,0,0,0,0,15
5077,5077,76,40,1366,740,0,0,0,0,0,0,0,0,15
5078,5078,77,40,1382,740,0,0,0,0,0,0,0,0,15
5079,5079,78,40,1398,740,0,0,0,0,0,0,0,0,15
5080,5080,79,40,1414,740,0,0,0,0,0,0,0,0,16
5081,5081,80,40,1430,740,0,0,0,0,0,0,0,0,16
5082,5082,81,40,1446,740,0,0,0,0,0,0,0,0,16
5083,5083,82,40,1462,740,0,0,0,0,0,0,0,0,16
5084,5084,83,40,1478,740,0,0,0,0,0,0,0,0,16
5085,5085,84,40,1494,740,0,0,0,0,0,0,0,0,16
5086,5086,85,40,1510,740,0,0,0,0,0,0,0,0,16
5087,5087,86,40,1526,740,0,0,0,0,0,0,0,0,16
5088,5088,87,40,1542,740,0,0,0,0,0,0,0,0,16
5089,5089,88,40,1558,740,0,0,0,0,0,0,0,0,16
5090,5090,89,40,1574,740,0,0,0,0,0,0,0,0,16
5091,5091,90,40,1590,740,0,0,0,0,0,0,0,0,16
5092,5092,91,40,1606,740,0,0,0,0,0,0,0,0,16
5093,5093,92,40,1622,740,0,0,0,0,0,0,0,0,16
5094,5094,93,40,1638,740,0,0,0,0,0,0,0,0,16
5095,5095,94,40,1654,740,0,0,0,0,0,0,0,0,16
5096,5096,95,40,1670,740,0,0,0,0,0,0,0,0,16
5097,5097,96,40,1686,740,0,0,0,0,0,0,0,0,16
5098,5098,97,40,1702,740,0,0,0,0,0,0,0,0,17
5099,5099,98,40,1718,740,0,0,0,0,0,0,0,0,17
5100,5100,99,40,1734,740,0,0,0,0,0,0,0,0,17
5101,5101,100,40,1750,740,0,0,0,0,0,0,0,0,14
5102,5102,101,40,1766,740,0,0,0,0,0,0,0,0,14
5103,5103,102,40,1782,740,0,0,0,0,0,0,0,0,14
5104,5104,103,40,1798,740,0,0,0,0,0,0,0,0,14
5105,5105,104,40,1814,740,0,0,0,0,0,0,0,0,14
5106,5106,105,40,1830,740,0,0,0,0,0,0,0,0,14
5107,5107,106,40,1846,740,0,0,0,0,0,0,0,0,14
5108,5108,107,40,1862,740,0,0,0,0,0,0,0,0,14
5109,5109,108,40,1878,740,0,0,0,0,0,0,0,0,14
5110,5110,109,40,1894,740,0,0,0,0,0,0,0,0,14
5111,5111,110,40,1910,740,0,0,0,0,0,0,0,0,14
5112,5112,111,40,1926,740,0,0,0,0,0,0,0,0,14
5113,5113,112,40,1942,740,0,0,0,0,0,0,0,0,14
5114,5114,113,40,1958,740,0,0,0,0,0,0,0,0,14
5115,5115,114,40,1974,740,0,0,0,0,0,0,0,0,14
5116,5116,115,40,1990,740,0,0,0,0,0,0,0,0,14
5117,5117,116,40,2006,740,0,0,0,0,0,0,0,0,14
5118,5118,117,40,2022,740,0,0,0,0,0,0,0,0,14
5119,5119,118,40,2038,740,0,0,0,0,0,0,0,0,14
5120,5120,119,40,2054,740,0,0,0,0,0,0,0,0,14
5121,5121,120,40,2070,740,0,0,0,0,0,0,0,0,14
5122,5122,121,40,2086,740,0,0,0,0,0,0,0,0,14
5123,5123,122,40,2102,740,0,0,0,0,0,0,0,0,14
5124,5124,123,40,2118,740,0,0,0,0,0,0,0,0,14
5125,5125,124,40,2134,740,0,0,0,0,0,0,0,0,18
5126,5126,0,41,150,756,0,0,0,0,0,0,0,0,18
5127,5127,1,41,166,756,0,0,0,0,0,0,0,0,18
5128,5128,2,41,182,756,0,0,0,0,0,0,0,0,18
5129,5129,3,41,198,756,0,0,0,0,0,0,0,0,18
5130,5130,4,41,214,756,0,0,0,0,0,0,0,0,18
5131,5131,5,41,230,756,0,0,0,0,0,0,0,0,18
5132,5132,6,41,246,756,0,0,0,0,0,0,0,0,18
5133,5133,7,41,262,756,0,0,0,0,0,0,0,0,18
5134,5134,8,41,278,756,0,0,0,0,0,0,0,0,18
5135,5135,9,41,294,756,0,0,0,0,0,0,0,0,18
5136,5136,10,41,310,756,0,0,0,0,0,0,0,0,18
5137,5137,11,41,326,756,0,0,0,0,0,0,0,0,18
5138,5138,12,41,342,756,0,0,0,0,0,0,0,0,18
5139,5139,13,41,358,756,0,0,0,0,0,0,0,0,18
5140,5140,14,41,374,756,0,0,0,0,0,0,0,0,18
5141,5141,15,41,390,756,0,0,0,0,0,0,0,0,18
5142,5142,16,41,406,756,0,0,0,0,0,0,0,0,9
5143,5143,17,41,422,756,0,0,0,0,0,0,0,0,9
5144,5144,18,41,438,756,0,0,0,0,0,0,0,0,9
5145,5145,19,41,454,756,0,0,0,0,0,0,0,0,9
5146,5146,20,41,470,756,0,0,0,0,0,0,0,0,9
5147,5147,21,41,486,756,0,0,0,0,0,0,0,0,9
5148,5148,22,41,502,756,0,0,0,0,0,0,0,0,9
5149,5149,23,41,518,756,0,0,0,0,0,0,0,0,9
5150,5150,24,41,534,756,0,0,0,0,0,0,0,0,9
5151,5151,25,41,550,756,0,0,0,0,0,0,0,0,9
5152,5152,26,41,566,756,0,0,0,0,0,0,0,0,9
5153,5153,27,41,582,756,0,0,0,0,0,0,0,0,9
5154,5154,28,41,598,756,0,0,0,0,0,0,0,0,9
5155,5155,29,41,614,756,0,0,0,0,0,0,0,0,9
5156,5156,30,41,630,756,0,0,0,0,0,0,0,0,9
5157,5157,31,41,646,756,0,0,0,0,0,0,0,0,9
5158,5158,32,41,662,756,0,0,0,0,0,0,0,0,9
5159,5159,33,41,678,756,0,0,0,0,0,0,0,0,9
5160,5160,34,41,694,756,0,0,0,0,0,0,0,0,9
5161,5161,35,41,710,756,0,0,0,0,0,0,0,0,9
5162,5162,36,41,726,756,0,0,0,0,0,0,0,0,9
5163,5163,37,41,742,756,0,0,0,0,0,0,0,0,9
5164,5164,38,41,758,756,0,0,0,0,0,0,0,0,9
5165,5165,39,41,774,756,0,0,0,0,0,0,0,0,9
5166,5166,40,41,790,756,0,0,0,0,0,0,0,0,9
5167,5167,41,41,806,756,0,0,0,0,0,0,0,0,9
5168,5168,42,41,822,756,0,0,0,0,0,0,0,0,9
5169,5169,43,41,838,756,0,0,0,0,0,0,0,0,2
5170,5170,44,41,854,756,0,0,0,0,0,0,0,0,2
5171,5171,45,41,870,756,0,0,0,0,0,0,0,0,2
5172,5172,46,41,886,756,0,0,0,0,0,0,0,0,2
5173,5173,47,41,902,756,0,0,0,0,0,0,0,0,2
5174,5174,48,41,918,756,0,0,0,0,0,0,0,0,2
5175,5175,49,41,934,756,0,0,0,0,0,0,0,0,2
5176,5176,50,41,950,756,0,0,0,0,0,0,0,0,2
5177,5177,51,41,966,756,0,0,0,0,0,0,0,0,2
5178,5178,52,41,982,756,0,0,0,0,0,0,0,0,2
5179,5179,53,41,998,756,0,0,0,0,0,0,0,0,2
5180,5180,54,41,1014,756,0,0,0,0,0,0,0,0,2
5181,5181,55,41,1030,756,0,0,0,0,0,0,0,0,2
5182,5182,56,41,1046,756,0,0,0,0,0,0,0,0,2
5183,5183,57,41,1062,756,0,0,0,0,0,0,0,0,2
5184,5184,58,41,1078,756,0,0,0,0,0,0,0,0,2
5185,5185,59,41,1094,756,0,0,0,0,0,0,0,0,2
5186,5186,60,41,1110,756,0,0,0,0,0,0,0,0,2
5187,5187,61,41,1126,756,0,0,0,0,0,0,0,0,2
5188,5188,62,41,1142,756,0,0,0,0,0,0,0,0,2
5189,5189,63,41,1158,756,0,0,0,0,0,0,0,0,2
5190,5190,64,41,1174,756,0,0,0,0,0,0,0,0,2
5191,5191,65,41,1190,756,0,0,0,0,0,0,0,0,2
5192,5192,66,41,1206,756,0,0,0,0,0,0,0,0,2
5193,5193,67,41,1222,756,0,0,0,0,0,0,0,0,2
5194,5194,68,41,1238,756,0,0,0,0,0,0,0,0,2
5195,5195,69,41,1254,756,0,0,0,0,0,0,0,0,2
5196,5196,70,41,1270,756,0,0,0,0,0,0,0,0,2
5197,5197,71,41,1286,756,0,0,0,0,0,0,0,0,15
5198,5198,72,41,1302,756,0,0,0,0,0,0,0,0,15
5199,5199,73,41,1318,756,0,0,0,0,0,0,0,0,15
5200,5200,74,41,1334,756,0,0,0,0,0,0,0,0,15
5201,5201,75,41,1350,756,0,0,0,0,0,0,0,0,15
5202,5202,76,41,1366,756,0,0,0,0,0,0,0,0,15
5203,5203,77,41,1382,756,0,0,0,0,0,0,0,0,15
5204,5204,78,41,1398,756,0,0,0,0,0,0,0,0,15
5205,5205,79,41,1414,756,0,0,0,0,0,0,0,0,16
5206,5206,80,41,1430,756,0,0,0,0,0,0,0,0,16
5207,5207,81,41,1446,756,0,0,0,0,0,0,0,0,16
5208,5208,82,41,1462,756,0,0,0,0,0,0,0,0,16
5209,5209,83,41,1478,756,0,0,0,0,0,0,0,0,16
5210,5210,84,41,1494,756,0,0,0,0,0,0,0,0,16
5211,5211,85,41,1510,756,0,0,0,0,0,0,0,0,16
5212,5212,86,41,1526,756,0,0,0,0,0,0,0,0,16
5213,5213,87,41,1542,756,0,0,0,0,0,0,0,0,16
5214,5214,88,41,1558,756,0,0,0,0,0,0,0,0,16
5215,5215,89,41,1574,756,0,0,0,0,0,0,0,0,16
5216,5216,90,41,1590,756,0,0,0,0,0,0,0,0,16
5217,5217,91,41,1606,756,0,0,0,0,0,0,0,0,16
5218,5218,92,41,1622,756,0,0,0,0,0,0,0,0,16
5219,5219,93,41,1638,756,0,0,0,0,0,0,0,0,16
5220,5220,94,41,1654,756,0,0,0,0,0,0,0,0,16
5221,5221,95,41,1670,756,0,0,0,0,0,0,0,0,16
5222,5222,96,41,1686,756,0,0,0,0,0,0,0,0,17
5223,5223,97,41,1702,756,0,0,0,0,0,0,0,0,17
5224,5224,98,41,1718,756,0,0,0,0,0,0,0,0,17
5225,5225,99,41,1734,756,0,0,0,0,0,0,0,0,17
5226,5226,100,41,1750,756,0,0,0,0,0,0,0,0,14
5227,5227,101,41,1766,756,0,0,0,0,0,0,0,0,14
5228,5228,102,41,1782,756,0,0,0,0,0,0,0,0,14
5229,5229,103,41,1798,756,0,0,0,0,0,0,0,0,14
5230,5230,104,41,1814,756,0,0,0,0,0,0,0,0,14
5231,5231,105,41,1830,756,0,0,0,0,0,0,0,0,14
5232,5232,106,41,1846,756,0,0,0,0,0,0,0,0,14
5233,5233,107,41,1862,756,0,0,0,0,0,0,0,0,14
5234,5234,108,41,1878,756,0,0,0,0,0,0,0,0,14
5235,5235,109,41,1894,756,0,0,0,0,0,0,0,0,14
5236,5236,110,41,1910,756,0,0,0,0,0,0,0,0,14
5237,5237,111,41,1926,756,0,0,0,0,0,0,0,0,14
5238,5238,112,41,1942,756,0,0,0,0,0,0,0,0,14
5239,5239,113,41,1958,756,0,0,0,0,0,0,0,0,14
5240,5240,114,41,1974,756,0,0,0,0,0,0,0,0,14
5241,5241,115,41,1990,756,0,0,0,0,0,0,0,0,14
5242,5242,116,41,2006,756,0,0,0,0,0,0,0,0,14
5243,5243,117,41,2022,756,0,0,0,0,0,0,0,0,14
5244,5244,118,41,2038,756,0,0,0,0,0,0,0,0,14
5245,5245,119,41,2054,756,0,0,0,0,0,0,0,0,14
5246,5246,120,41,2070,756,0,0,0,0,0,0,0,0,14
5247,5247,121,41,2086,756,0,0,0,0,0,0,0,0,14
5248,5248,122,41,2102,756,0,0,0,0,0,0,0,0,14
5249,5249,123,41,2118,756,0,0,0,0,0,0,0,0,14
5250,5250,124,41,2134,756,0,0,0,0,0,0,0,0,18
5251,5251,0,42,150,772,0,0,0,0,0,0,0,0,18
5252,5252,1,42,166,772,0,0,0,0,0,0,0,0,18
5253,5253,2,42,182,772,0,0,0,0,0,0,0,0,18
5254,5254,3,42,198,772,0,0,0,0,0,0,0,0,18
5255,5255,4,42,214,772,0,0,0,0,0,0,0,0,18
5256,5256,5,42,230,772,0,0,0,0,0,0,0,0,18
5257,5257,6,42,246,772,0,0,0,0,0,0,0,0,18
5258,5258,7,42,262,772,0,0,0,0,0,0,0,0,18
5259,5259,8,42,278,772,0,0,0,0,0,0,0,0,18
5260,5260,9,42,294,772,0,0,0,0,0,0,0,0,18
5261,5261,10,42,310,772,0,0,0,0,0,0,0,0,18
5262,5262,11,42,326,772,0,0,0,0,0,0,0,0,18
5263,5263,12,42,342,772,0,0,0,0,0,0,0,0,18
5264,5264,13,42,358,772,0,0,0,0,0,0,0,0,18
5265,5265,14,42,374,772,0,0,0,0,0,0,0,0,18
5266,5266,15,42,390,772,0,0,0,0,0,0,0,0,18
5267,5267,16,42,406,772,0,0,0,0,0,0,0,0,18
5268,5268,17,42,422,772,0,0,0,0,0,0,0,0,18
5269,5269,18,42,438,772,0,0,0,0,0,0,0,0,18
5270,5270,19,42,454,772,0,0,0,0,0,0,0,0,18
5271,5271,20,42,470,772,0,0,0,0,0,0,0,0,18
5272,5272,21,42,486,772,0,0,0,0,0,0,0,0,9
5273,5273,22,42,502,772,0,0,0,0,0,0,0,0,9
5274,5274,23,42,518,772,0,0,0,0,0,0,0,0,9
5275,5275,24,42,534,772,0,0,0,0,0,0,0,0,9
5276,5276,25,42,550,772,0,0,0,0,0,0,0,0,9
5277,5277,26,42,566,772,0,0,0,0,0,0,0,0,9
5278,5278,27,42,582,772,0,0,0,0,0,0,0,0,9
5279,5279,28,42,598,772,0,0,0,0,0,0,0,0,9
5280,5280,29,42,614,772,0,0,0,0,0,0,0,0,9
5281,5281,30,42,630,772,0,0,0,0,0,0,0,0,9
5282,5282,31,42,646,772,0,0,0,0,0,0,0,0,9
5283,5283,32,42,662,772,0,0,0,0,0,0,0,0,9
5284,5284,33,42,678,772,0,0,0,0,0,0,0,0,9
5285,5285,34,42,694,772,0,0,0,0,0,0,0,0,9
5286,5286,35,42,710,772,0,0,0,0,0,0,0,0,9
5287,5287,36,42,726,772,0,0,0,0,0,0,0,0,9
5288,5288,37,42,742,772,0,0,0,0,0,0,0,0,9
5289,5289,38,42,758,772,0,0,0,0,0,0,0,0,9
5290,5290,39,42,774,772,0,0,0,0,0,0,0,0,9
5291,5291,40,42,790,772,0,0,0,0,0,0,0,0,9
5292,5292,41,42,806,772,0,0,0,0,0,0,0,0,9
5293,5293,42,42,822,772,0,0,0,0,0,0,0,0,9
5294,5294,43,42,838,772,0,0,0,0,0,0,0,0,2
5295,5295,44,42,854,772,0,0,0,0,0,0,0,0,2
5296,5296,45,42,870,772,0,0,0,0,0,0,0,0,2
5297,5297,46,42,886,772,0,0,0,0,0,0,0,0,2
5298,5298,47,42,902,772,0,0,0,0,0,0,0,0,2
5299,5299,48,42,918,772,0,0,0,0,0,0,0,0,2
5300,5300,49,42,934,772,0,0,0,0,0,0,0,0,2
5301,5301,50,42,950,772,0,0,0,0,0,0,0,0,2
5302,5302,51,42,966,772,0,0,0,0,0,0,0,0,2
5303,5303,52,42,982,772,0,0,0,0,0,0,0,0,2
5304,5304,53,42,998,772,0,0,0,0,0,0,0,0,2
5305,5305,54,42,1014,772,0,0,0,0,0,0,0,0,2
5306,5306,55,42,1030,772,0,0,0,0,0,0,0,0,2
5307,5307,56,42,1046,772,0,0,0,0,0,0,0,0,2
5308,5308,57,42,1062,772,0,0,0,0,0,0,0,0,2
5309,5309,58,42,1078,772,0,0,0,0,0,0,0,0,2
5310,5310,59,42,1094,772,0,0,0,0,0,0,0,0,2
5311,5311,60,42,1110,772,0,0,0,0,0,0,0,0,2
5312,5312,61,42,1126,772,0,0,0,0,0,0,0,0,2
5313,5313,62,42,1142,772,0,0,0,0,0,0,0,0,2
5314,5314,63,42,1158,772,0,0,0,0,0,0,0,0,2
5315,5315,64,42,1174,772,0,0,0,0,0,0,0,0,2
5316,5316,65,42,1190,772,0,0,0,0,0,0,0,0,2
5317,5317,66,42,1206,772,0,0,0,0,0,0,0,0,2
5318,5318,67,42,1222,772,0,0,0,0,0,0,0,0,2
5319,5319,68,42,1238,772,0,0,0,0,0,0,0,0,2
5320,5320,69,42,1254,772,0,0,0,0,0,0,0,0,2
5321,5321,70,42,1270,772,0,0,0,0,0,0,0,0,15
5322,5322,71,42,1286,772,0,0,0,0,0,0,0,0,15
5323,5323,72,42,1302,772,0,0,0,0,0,0,0,0,15
5324,5324,73,42,1318,772,0,0,0,0,0,0,0,0,15
5325,5325,74,42,1334,772,0,0,0,0,0,0,0,0,15
5326,5326,75,42,1350,772,0,0,0,0,0,0,0,0,15
5327,5327,76,42,1366,772,0,0,0,0,0,0,0,0,15
5328,5328,77,42,1382,772,0,0,0,0,0,0,0,0,15
5329,5329,78,42,1398,772,0,0,0,0,0,0,0,0,15
5330,5330,79,42,1414,772,0,0,0,0,0,0,0,0,16
5331,5331,80,42,1430,772,0,0,0,0,0,0,0,0,16
5332,5332,81,42,1446,772,0,0,0,0,0,0,0,0,16
5333,5333,82,42,1462,772,0,0,0,0,0,0,0,0,16
5334,5334,83,42,1478,772,0,0,0,0,0,0,0,0,16
5335,5335,84,42,1494,772,0,0,0,0,0,0,0,0,16
5336,5336,85,42,1510,772,0,0,0,0,0,0,0,0,16
5337,5337,86,42,1526,772,0,0,0,0,0,0,0,0,16
5338,5338,87,42,1542,772,0,0,0,0,0,0,0,0,16
5339,5339,88,42,1558,772,0,0,0,0,0,0,0,0,16
5340,5340,89,42,1574,772,0,0,0,0,0,0,0,0,16
5341,5341,90,42,1590,772,0,0,0,0,0,0,0,0,16
5342,5342,91,42,1606,772,0,0,0,0,0,0,0,0,16
5343,5343,92,42,1622,772,0,0,0,0,0,0,0,0,16
5344,5344,93,42,1638,772,0,0,0,0,0,0,0,0,16
5345,5345,94,42,1654,772,0,0,0,0,0,0,0,0,16
5346,5346,95,42,1670,772,0,0,0,0,0,0,0,0,16
5347,5347,96,42,1686,772,0,0,0,0,0,0,0,0,17
5348,5348,97,42,1702,772,0,0,0,0,0,0,0,0,17
5349,5349,98,42,1718,772,0,0,0,0,0,0,0,0,17
5350,5350,99,42,1734,772,0,0,0,0,0,0,0,0,17
5351,5351,100,42,1750,772,0,0,0,0,0,0,0,0,14
5352,5352,101,42,1766,772,0,0,0,0,0,0,0,0,14
5353,5353,102,42,1782,772,0,0,0,0,0,0,0,0,14
5354,5354,103,42,1798,772,0,0,0,0,0,0,0,0,14
5355,5355,104,42,1814,772,0,0,0,0,0,0,0,0,14
5356,5356,105,42,1830,772,0,0,0,0,0,0,0,0,14
5357,5357,106,42,1846,772,0,0,0,0,0,0,0,0,14
5358,5358,107,42,1862,772,0,0,0,0,0,0,0,0,14
5359,5359,108,42,1878,772,0,0,0,0,0,0,0,0,14
5360,5360,109,42,1894,772,0,0,0,0,0,0,0,0,14
5361,5361,110,42,1910,772,0,0,0,0,0,0,0,0,14
5362,5362,111,42,1926,772,0,0,0,0,0,0,0,0,14
5363,5363,112,42,1942,772,0,0,0,0,0,0,0,0,14
5364,5364,113,42,1958,772,0,0,0,0,0,0,0,0,14
5365,5365,114,42,1974,772,0,0,0,0,0,0,0,0,14
5366,5366,115,42,1990,772,0,0,0,0,0,0,0,0,14
5367,5367,116,42,2006,772,0,0,0,0,0,0,0,0,14
5368,5368,117,42,2022,772,0,0,0,0,0,0,0,0,14
5369,5369,118,42,2038,772,0,0,0,0,0,0,0,0,14
5370,5370,119,42,2054,772,0,0,0,0,0,0,0,0,14
5371,5371,120,42,2070,772,0,0,0,0,0,0,0,0,14
5372,5372,121,42,2086,772,0,0,0,0,0,0,0,0,14
5373,5373,122,42,2102,772,0,0,0,0,0,0,0,0,14
5374,5374,123,42,2118,772,0,0,0,0,0,0,0,0,14
5375,5375,124,42,2134,772,0,0,0,0,0,0,0,0,18
5376,5376,0,43,150,788,0,0,0,0,0,0,0,0,18
5377,5377,1,43,166,788,0,0,0,0,0,0,0,0,18
5378,5378,2,43,182,788,0,0,0,0,0,0,0,0,18
5379,5379,3,43,198,788,0,0,0,0,0,0,0,0,18
5380,5380,4,43,214,788,0,0,0,0,0,0,0,0,18
5381,5381,5,43,230,788,0,0,0,0,0,0,0,0,18
5382,5382,6,43,246,788,0,0,0,0,0,0,0,0,18
5383,5383,7,43,262,788,0,0,0,0,0,0,0,0,18
5384,5384,8,43,278,788,0,0,0,0,0,0,0,0,18
5385,5385,9,43,294,788,0,0,0,0,0,0,0,0,18
5386,5386,10,43,310,788,0,0,0,0,0,0,0,0,18
5387,5387,11,43,326,788,0,0,0,0,0,0,0,0,18
5388,5388,12,43,342,788,0,0,0,0,0,0,0,0,18
5389,5389,13,43,358,788,0,0,0,0,0,0,0,0,18
5390,5390,14,43,374,788,0,0,0,0,0,0,0,0,18
5391,5391,15,43,390,788,0,0,0,0,0,0,0,0,18
5392,5392,16,43,406,788,0,0,0,0,0,0,0,0,18
5393,5393,17,43,422,788,0,0,0,0,0,0,0,0,18
5394,5394,18,43,438,788,0,0,0,0,0,0,0,0,18
5395,5395,19,43,454,788,0,0,0,0,0,0,0,0,18
5396,5396,20,43,470,788,0,0,0,0,0,0,0,0,18
5397,5397,21,43,486,788,0,0,0,0,0,0,0,0,18
5398,5398,22,43,502,788,0,0,0,0,0,0,0,0,18
5399,5399,23,43,518,788,0,0,0,0,0,0,0,0,18
5400,5400,24,43,534,788,0,0,0,0,0,0,0,0,18
5401,5401,25,43,550,788,0,0,0,0,0,0,0,0,9
5402,5402,26,43,566,788,0,0,0,0,0,0,0,0,9
5403,5403,27,43,582,788,0,0,0,0,0,0,0,0,9
5404,5404,28,43,598,788,0,0,0,0,0,0,0,0,9
5405,5405,29,43,614,788,0,0,0,0,0,0,0,0,9
5406,5406,30,43,630,788,0,0,0,0,0,0,0,0,9
5407,5407,31,43,646,788,0,0,0,0,0,0,0,0,9
5408,5408,32,43,662,788,0,0,0,0,0,0,0,0,9
5409,5409,33,43,678,788,0,0,0,0,0,0,0,0,9
5410,5410,34,43,694,788,0,0,0,0,0,0,0,0,9
5411,5411,35,43,710,788,0,0,0,0,0,0,0,0,9
5412,5412,36,43,726,788,0,0,0,0,0,0,0,0,9
5413,5413,37,43,742,788,0,0,0,0,0,0,0,0,9
5414,5414,38,43,758,788,0,0,0,0,0,0,0,0,9
5415,5415,39,43,774,788,0,0,0,0,0,0,0,0,9
5416,5416,40,43,790,788,0,0,0,0,0,0,0,0,9
5417,5417,41,43,806,788,0,0,0,0,0,0,0,0,9
5418,5418,42,43,822,788,0,0,0,0,0,0,0,0,9
5419,5419,43,43,838,788,0,0,0,0,0,0,0,0,2
5420,5420,44,43,854,788,0,0,0,0,0,0,0,0,2
5421,5421,45,43,870,788,0,0,0,0,0,0,0,0,2
5422,5422,46,43,886,788,0,0,0,0,0,0,0,0,2
5423,5423,47,43,902,788,0,0,0,0,0,0,0,0,2
5424,5424,48,43,918,788,0,0,0,0,0,0,0,0,2
5425,5425,49,43,934,788,0,0,0,0,0,0,0,0,2
5426,5426,50,43,950,788,0,0,0,0,0,0,0,0,2
5427,5427,51,43,966,788,0,0,0,0,0,0,0,0,2
5428,5428,52,43,982,788,0,0,0,0,0,0,0,0,2
5429,5429,53,43,998,788,0,0,0,0,0,0,0,0,2
5430,5430,54,43,1014,788,0,0,0,0,0,0,0,0,2
5431,5431,55,43,1030,788,0,0,0,0,0,0,0,0,2
5432,5432,56,43,1046,788,0,0,0,0,0,0,0,0,2
5433,5433,57,43,1062,788,0,0,0,0,0,0,0,0,2
5434,5434,58,43,1078,788,0,0,0,0,0,0,0,0,2
5435,5435,59,43,1094,788,0,0,0,0,0,0,0,0,2
5436,5436,60,43,1110,788,0,0,0,0,0,0,0,0,2
5437,5437,61,43,1126,788,0,0,0,0,0,0,0,0,2
5438,5438,62,43,1142,788,0,0,0,0,0,0,0,0,2
5439,5439,63,43,1158,788,0,0,0,0,0,0,0,0,2
5440,5440,64,43,1174,788,0,0,0,0,0,0,0,0,2
5441,5441,65,43,1190,788,0,0,0,0,0,0,0,0,2
5442,5442,66,43,1206,788,0,0,0,0,0,0,0,0,2
5443,5443,67,43,1222,788,0,0,0,0,0,0,0,0,2
5444,5444,68,43,1238,788,0,0,0,0,0,0,0,0,2
5445,5445,69,43,1254,788,0,0,0,0,0,0,0,0,15
5446,5446,70,43,1270,788,0,0,0,0,0,0,0,0,15
5447,5447,71,43,1286,788,0,0,0,0,0,0,0,0,15
5448,5448,72,43,1302,788,0,0,0,0,0,0,0,0,15
5449,5449,73,43,1318,788,0,0,0,0,0,0,0,0,15
5450,5450,74,43,1334,788,0,0,0,0,0,0,0,0,15
5451,5451,75,43,1350,788,0,0,0,0,0,0,0,0,15
5452,5452,76,43,1366,788,0,0,0,0,0,0,0,0,15
5453,5453,77,43,1382,788,0,0,0,0,0,0,0,0,15
5454,5454,78,43,1398,788,0,0,0,0,0,0,0,0,15
5455,5455,79,43,1414,788,0,0,0,0,0,0,0,0,16
5456,5456,80,43,1430,788,0,0,0,0,0,0,0,0,16
5457,5457,81,43,1446,788,0,0,0,0,0,0,0,0,16
5458,5458,82,43,1462,788,0,0,0,0,0,0,0,0,16
5459,5459,83,43,1478,788,0,0,0,0,0,0,0,0,16
5460,5460,84,43,1494,788,0,0,0,0,0,0,0,0,16
5461,5461,85,43,1510,788,0,0,0,0,0,0,0,0,16
5462,5462,86,43,1526,788,0,0,0,0,0,0,0,0,16
5463,5463,87,43,1542,788,0,0,0,0,0,0,0,0,16
5464,5464,88,43,1558,788,0,0,0,0,0,0,0,0,16
5465,5465,89,43,1574,788,0,0,0,0,0,0,0,0,16
5466,5466,90,43,1590,788,0,0,0,0,0,0,0,0,16
5467,5467,91,43,1606,788,0,0,0,0,0,0,0,0,16
5468,5468,92,43,1622,788,0,0,0,0,0,0,0,0,16
5469,5469,93,43,1638,788,0,0,0,0,0,0,0,0,16
5470,5470,94,43,1654,788,0,0,0,0,0,0,0,0,16
5471,5471,95,43,1670,788,0,0,0,0,0,0,0,0,16
5472,5472,96,43,1686,788,0,0,0,0,0,0,0,0,17
5473,5473,97,43,1702,788,0,0,0,0,0,0,0,0,17
5474,5474,98,43,1718,788,0,0,0,0,0,0,0,0,17
5475,5475,99,43,1734,788,0,0,0,0,0,0,0,0,17
5476,5476,100,43,1750,788,0,0,0,0,0,0,0,0,14
5477,5477,101,43,1766,788,0,0,0,0,0,0,0,0,14
5478,5478,102,43,1782,788,0,0,0,0,0,0,0,0,14
5479,5479,103,43,1798,788,0,0,0,0,0,0,0,0,14
5480,5480,104,43,1814,788,0,0,0,0,0,0,0,0,14
5481,5481,105,43,1830,788,0,0,0,0,0,0,0,0,14
5482,5482,106,43,1846,788,0,0,0,0,0,0,0,0,14
5483,5483,107,43,1862,788,0,0,0,0,0,0,0,0,14
5484,5484,108,43,1878,788,0,0,0,0,0,0,0,0,14
5485,5485,109,43,1894,788,0,0,0,0,0,0,0,0,14
5486,5486,110,43,1910,788,0,0,0,0,0,0,0,0,14
5487,5487,111,43,1926,788,0,0,0,0,0,0,0,0,14
5488,5488,112,43,1942,788,0,0,0,0,0,0,0,0,14
5489,5489,113,43,1958,788,0,0,0,0,0,0,0,0,14
5490,5490,114,43,1974,788,0,0,0,0,0,0,0,0,14
5491,5491,115,43,1990,788,0,0,0,0,0,0,0,0,14
5492,5492,116,43,2006,788,0,0,0,0,0,0,0,0,14
5493,5493,117,43,2022,788,0,0,0,0,0,0,0,0,14
5494,5494,118,43,2038,788,0,0,0,0,0,0,0,0,14
5495,5495,119,43,2054,788,0,0,0,0,0,0,0,0,14
5496,5496,120,43,2070,788,0,0,0,0,0,0,0,0,14
5497,5497,121,43,2086,788,0,0,0,0,0,0,0,0,14
5498,5498,122,43,2102,788,0,0,0,0,0,0,0,0,14
5499,5499,123,43,2118,788,0,0,0,0,0,0,0,0,14
5500,5500,124,43,2134,788,0,0,0,0,0,0,0,0,18
5501,5501,0,44,150,804,0,0,0,0,0,0,0,0,18
5502,5502,1,44,166,804,0,0,0,0,0,0,0,0,18
5503,5503,2,44,182,804,0,0,0,0,0,0,0,0,18
5504,5504,3,44,198,804,0,0,0,0,0,0,0,0,18
5505,5505,4,44,214,804,0,0,0,0,0,0,0,0,18
5506,5506,5,44,230,804,0,0,0,0,0,0,0,0,18
5507,5507,6,44,246,804,0,0,0,0,0,0,0,0,18
5508,5508,7,44,262,804,0,0,0,0,0,0,0,0,18
5509,5509,8,44,278,804,0,0,0,0,0,0,0,0,18
5510,5510,9,44,294,804,0,0,0,0,0,0,0,0,18
5511,5511,10,44,310,804,0,0,0,0,0,0,0,0,18
5512,5512,11,44,326,804,0,0,0,0,0,0,0,0,18
5513,5513,12,44,342,804,0,0,0,0,0,0,0,0,18
5514,5514,13,44,358,804,0,0,0,0,0,0,0,0,18
5515,5515,14,44,374,804,0,0,0,0,0,0,0,0,18
5516,5516,15,44,390,804,0,0,0,0,0,0,0,0,18
5517,5517,16,44,406,804,0,0,0,0,0,0,0,0,18
5518,5518,17,44,422,804,0,0,0,0,0,0,0,0,18
5519,5519,18,44,438,804,0,0,0,0,0,0,0,0,18
5520,5520,19,44,454,804,0,0,0,0,0,0,0,0,18
5521,5521,20,44,470,804,0,0,0,0,0,0,0,0,18
5522,5522,21,44,486,804,0,0,0,0,0,0,0,0,18
5523,5523,22,44,502,804,0,0,0,0,0,0,0,0,18
5524,5524,23,44,518,804,0,0,0,0,0,0,0,0,18
5525,5525,24,44,534,804,0,0,0,0,0,0,0,0,18
5526,5526,25,44,550,804,0,0,0,0,0,0,0,0,18
5527,5527,26,44,566,804,0,0,0,0,0,0,0,0,18
5528,5528,27,44,582,804,0,0,0,0,0,0,0,0,9
5529,5529,28,44,598,804,0,0,0,0,0,0,0,0,9
5530,5530,29,44,614,804,0,0,0,0,0,0,0,0,9
5531,5531,30,44,630,804,0,0,0,0,0,0,0,0,9
5532,5532,31,44,646,804,0,0,0,0,0,0,0,0,9
5533,5533,32,44,662,804,0,0,0,0,0,0,0,0,9
5534,5534,33,44,678,804,0,0,0,0,0,0,0,0,9
5535,5535,34,44,694,804,0,0,0,0,0,0,0,0,9
5536,5536,35,44,710,804,0,0,0,0,0,0,0,0,9
5537,5537,36,44,726,804,0,0,0,0,0,0,0,0,9
5538,5538,37,44,742,804,0,0,0,0,0,0,0,0,9
5539,5539,38,44,758,804,0,0,0,0,0,0,0,0,9
5540,5540,39,44,774,804,0,0,0,0,0,0,0,0,9
5541,5541,40,44,790,804,0,0,0,0,0,0,0,0,9
5542,5542,41,44,806,804,0,0,0,0,0,0,0,0,9
5543,5543,42,44,822,804,0,0,0,0,0,0,0,0,9
5544,5544,43,44,838,804,0,0,0,0,0,0,0,0,9
5545,5545,44,44,854,804,0,0,0,0,0,0,0,0,2
5546,5546,45,44,870,804,0,0,0,0,0,0,0,0,2
5547,5547,46,44,886,804,0,0,0,0,0,0,0,0,2
5548,5548,47,44,902,804,0,0,0,0,0,0,0,0,2
5549,5549,48,44,918,804,0,0,0,0,0,0,0,0,2
5550,5550,49,44,934,804,0,0,0,0,0,0,0,0,2
5551,5551,50,44,950,804,0,0,0,0,0,0,0,0,2
5552,5552,51,44,966,804,0,0,0,0,0,0,0,0,2
5553,5553,52,44,982,804,0,0,0,0,0,0,0,0,2
5554,5554,53,44,998,804,0,0,0,0,0,0,0,0,2
5555,5555,54,44,1014,804,0,0,0,0,0,0,0,0,2
5556,5556,55,44,1030,804,0,0,0,0,0,0,0,0,2
5557,5557,56,44,1046,804,0,0,0,0,0,0,0,0,2
5558,5558,57,44,1062,804,0,0,0,0,0,0,0,0,2
5559,5559,58,44,1078,804,0,0,0,0,0,0,0,0,2
5560,5560,59,44,1094,804,0,0,0,0,0,0,0,0,2
5561,5561,60,44,1110,804,0,0,0,0,0,0,0,0,2
5562,5562,61,44,1126,804,0,0,0,0,0,0,0,0,2
5563,5563,62,44,1142,804,0,0,0,0,0,0,0,0,2
5564,5564,63,44,1158,804,0,0,0,0,0,0,0,0,2
5565,5565,64,44,1174,804,0,0,0,0,0,0,0,0,2
5566,5566,65,44,1190,804,0,0,0,0,0,0,0,0,2
5567,5567,66,44,1206,804,0,0,0,0,0,0,0,0,2
5568,5568,67,44,1222,804,0,0,0,0,0,0,0,0,2
5569,5569,68,44,1238,804,0,0,0,0,0,0,0,0,15
5570,5570,69,44,1254,804,0,0,0,0,0,0,0,0,15
5571,5571,70,44,1270,804,0,0,0,0,0,0,0,0,15
5572,5572,71,44,1286,804,0,0,0,0,0,0,0,0,15
5573,5573,72,44,1302,804,0,0,0,0,0,0,0,0,15
5574,5574,73,44,1318,804,0,0,0,0,0,0,0,0,15
5575,5575,74,44,1334,804,0,0,0,0,0,0,0,0,15
5576,5576,75,44,1350,804,0,0,0,0,0,0,0,0,15
5577,5577,76,44,1366,804,0,0,0,0,0,0,0,0,15
5578,5578,77,44,1382,804,0,0,0,0,0,0,0,0,16
5579,5579,78,44,1398,804,0,0,0,0,0,0,0,0,16
5580,5580,79,44,1414,804,0,0,0,0,0,0,0,0,16
5581,5581,80,44,1430,804,0,0,0,0,0,0,0,0,16
5582,5582,81,44,1446,804,0,0,0,0,0,0,0,0,16
5583,5583,82,44,1462,804,0,0,0,0,0,0,0,0,16
5584,5584,83,44,1478,804,0,0,0,0,0,0,0,0,16
5585,5585,84,44,1494,804,0,0,0,0,0,0,0,0,16
5586,5586,85,44,1510,804,0,0,0,0,0,0,0,0,16
5587,5587,86,44,1526,804,0,0,0,0,0,0,0,0,16
5588,5588,87,44,1542,804,0,0,0,0,0,0,0,0,16
5589,5589,88,44,1558,804,0,0,0,0,0,0,0,0,16
5590,5590,89,44,1574,804,0,0,0,0,0,0,0,0,16
5591,5591,90,44,1590,804,0,0,0,0,0,0,0,0,16
5592,5592,91,44,1606,804,0,0,0,0,0,0,0,0,16
5593,5593,92,44,1622,804,0,0,0,0,0,0,0,0,16
5594,5594,93,44,1638,804,0,0,0,0,0,0,0,0,16
5595,5595,94,44,1654,804,0,0,0,0,0,0,0,0,16
5596,5596,95,44,1670,804,0,0,0,0,0,0,0,0,17
5597,5597,96,44,1686,804,0,0,0,0,0,0,0,0,17
5598,5598,97,44,1702,804,0,0,0,0,0,0,0,0,17
5599,5599,98,44,1718,804,0,0,0,0,0,0,0,0,17
5600,5600,99,44,1734,804,0,0,0,0,0,0,0,0,17
5601,5601,100,44,1750,804,0,0,0,0,0,0,0,0,14
5602,5602,101,44,1766,804,0,0,0,0,0,0,0,0,14
5603,5603,102,44,1782,804,0,0,0,0,0,0,0,0,14
5604,5604,103,44,1798,804,0,0,0,0,0,0,0,0,14
5605,5605,104,44,1814,804,0,0,0,0,0,0,0,0,14
5606,5606,105,44,1830,804,0,0,0,0,0,0,0,0,14
5607,5607,106,44,1846,804,0,0,0,0,0,0,0,0,14
5608,5608,107,44,1862,804,0,0,0,0,0,0,0,0,14
5609,5609,108,44,1878,804,0,0,0,0,0,0,0,0,14
5610,5610,109,44,1894,804,0,0,0,0,0,0,0,0,14
5611,5611,110,44,1910,804,0,0,0,0,0,0,0,0,14
5612,5612,111,44,1926,804,0,0,0,0,0,0,0,0,14
5613,5613,112,44,1942,804,0,0,0,0,0,0,0,0,14
5614,5614,113,44,1958,804,0,0,0,0,0,0,0,0,14
5615,5615,114,44,1974,804,0,0,0,0,0,0,0,0,14
5616,5616,115,44,1990,804,0,0,0,0,0,0,0,0,14
5617,5617,116,44,2006,804,0,0,0,0,0,0,0,0,14
5618,5618,117,44,2022,804,0,0,0,0,0,0,0,0,14
5619,5619,118,44,2038,804,0,0,0,0,0,0,0,0,14
5620,5620,119,44,2054,804,0,0,0,0,0,0,0,0,14
5621,5621,120,44,2070,804,0,0,0,0,0,0,0,0,14
5622,5622,121,44,2086,804,0,0,0,0,0,0,0,0,14
5623,5623,122,44,2102,804,0,0,0,0,0,0,0,0,14
5624,5624,123,44,2118,804,0,0,0,0,0,0,0,0,14
5625,5625,124,44,2134,804,0,0,0,0,0,0,0,0,18
5626,5626,0,45,150,820,0,0,0,0,0,0,0,0,18
5627,5627,1,45,166,820,0,0,0,0,0,0,0,0,18
5628,5628,2,45,182,820,0,0,0,0,0,0,0,0,18
5629,5629,3,45,198,820,0,0,0,0,0,0,0,0,18
5630,5630,4,45,214,820,0,0,0,0,0,0,0,0,18
5631,5631,5,45,230,820,0,0,0,0,0,0,0,0,18
5632,5632,6,45,246,820,0,0,0,0,0,0,0,0,18
5633,5633,7,45,262,820,0,0,0,0,0,0,0,0,18
5634,5634,8,45,278,820,0,0,0,0,0,0,0,0,18
5635,5635,9,45,294,820,0,0,0,0,0,0,0,0,18
5636,5636,10,45,310,820,0,0,0,0,0,0,0,0,18
5637,5637,11,45,326,820,0,0,0,0,0,0,0,0,18
5638,5638,12,45,342,820,0,0,0,0,0,0,0,0,18
5639,5639,13,45,358,820,0,0,0,0,0,0,0,0,18
5640,5640,14,45,374,820,0,0,0,0,0,0,0,0,18
5641,5641,15,45,390,820,0,0,0,0,0,0,0,0,18
5642,5642,16,45,406,820,0,0,0,0,0,0,0,0,18
5643,5643,17,45,422,820,0,0,0,0,0,0,0,0,18
5644,5644,18,45,438,820,0,0,0,0,0,0,0,0,18
5645,5645,19,45,454,820,0,0,0,0,0,0,0,0,18
5646,5646,20,45,470,820,0,0,0,0,0,0,0,0,18
5647,5647,21,45,486,820,0,0,0,0,0,0,0,0,18
5648,5648,22,45,502,820,0,0,0,0,0,0,0,0,18
5649,5649,23,45,518,820,0,0,0,0,0,0,0,0,18
5650,5650,24,45,534,820,0,0,0,0,0,0,0,0,18
5651,5651,25,45,550,820,0,0,0,0,0,0,0,0,18
5652,5652,26,45,566,820,0,0,0,0,0,0,0,0,18
5653,5653,27,45,582,820,0,0,0,0,0,0,0,0,18
5654,5654,28,45,598,820,0,0,0,0,0,0,0,0,18
5655,5655,29,45,614,820,0,0,0,0,0,0,0,0,9
5656,5656,30,45,630,820,0,0,0,0,0,0,0,0,9
5657,5657,31,45,646,820,0,0,0,0,0,0,0,0,9
5658,5658,32,45,662,820,0,0,0,0,0,0,0,0,9
5659,5659,33,45,678,820,0,0,0,0,0,0,0,0,9
5660,5660,34,45,694,820,0,0,0,0,0,0,0,0,9
5661,5661,35,45,710,820,0,0,0,0,0,0,0,0,9
5662,5662,36,45,726,820,0,0,0,0,0,0,0,0,9
5663,5663,37,45,742,820,0,0,0,0,0,0,0,0,9
5664,5664,38,45,758,820,0,0,0,0,0,0,0,0,9
5665,5665,39,45,774,820,0,0,0,0,0,0,0,0,9
5666,5666,40,45,790,820,0,0,0,0,0,0,0,0,9
5667,5667,41,45,806,820,0,0,0,0,0,0,0,0,9
5668,5668,42,45,822,820,0,0,0,0,0,0,0,0,9
5669,5669,43,45,838,820,0,0,0,0,0,0,0,0,9
5670,5670,44,45,854,820,0,0,0,0,0,0,0,0,2
5671,5671,45,45,870,820,0,0,0,0,0,0,0,0,2
5672,5672,46,45,886,820,0,0,0,0,0,0,0,0,2
5673,5673,47,45,902,820,0,0,0,0,0,0,0,0,2
5674,5674,48,45,918,820,0,0,0,0,0,0,0,0,2
5675,5675,49,45,934,820,0,0,0,0,0,0,0,0,2
5676,5676,50,45,950,820,0,0,0,0,0,0,0,0,2
5677,5677,51,45,966,820,0,0,0,0,0,0,0,0,2
5678,5678,52,45,982,820,0,0,0,0,0,0,0,0,2
5679,5679,53,45,998,820,0,0,0,0,0,0,0,0,2
5680,5680,54,45,1014,820,0,0,0,0,0,0,0,0,2
5681,5681,55,45,1030,820,0,0,0,0,0,0,0,0,2
5682,5682,56,45,1046,820,0,0,0,0,0,0,0,0,2
5683,5683,57,45,1062,820,0,0,0,0,0,0,0,0,2
5684,5684,58,45,1078,820,0,0,0,0,0,0,0,0,2
5685,5685,59,45,1094,820,0,0,0,0,0,0,0,0,2
5686,5686,60,45,1110,820,0,0,0,0,0,0,0,0,2
5687,5687,61,45,1126,820,0,0,0,0,0,0,0,0,2
5688,5688,62,45,1142,820,0,0,0,0,0,0,0,0,2
5689,5689,63,45,1158,820,0,0,0,0,0,0,0,0,2
5690,5690,64,45,1174,820,0,0,0,0,0,0,0,0,2
5691,5691,65,45,1190,820,0,0,0,0,0,0,0,0,2
5692,5692,66,45,1206,820,0,0,0,0,0,0,0,0,2
5693,5693,67,45,1222,820,0,0,0,0,0,0,0,0,2
5694,5694,68,45,1238,820,0,0,0,0,0,0,0,0,15
5695,5695,69,45,1254,820,0,0,0,0,0,0,0,0,15
5696,5696,70,45,1270,820,0,0,0,0,0,0,0,0,15
5697,5697,71,45,1286,820,0,0,0,0,0,0,0,0,15
5698,5698,72,45,1302,820,0,0,0,0,0,0,0,0,15
5699,5699,73,45,1318,820,0,0,0,0,0,0,0,0,15
5700,5700,74,45,1334,820,0,0,0,0,0,0,0,0,15
5701,5701,75,45,1350,820,0,0,0,0,0,0,0,0,15
5702,5702,76,45,1366,820,0,0,0,0,0,0,0,0,15
5703,5703,77,45,1382,820,0,0,0,0,0,0,0,0,16
5704,5704,78,45,1398,820,0,0,0,0,0,0,0,0,16
5705,5705,79,45,1414,820,0,0,0,0,0,0,0,0,16
5706,5706,80,45,1430,820,0,0,0,0,0,0,0,0,16
5707,5707,81,45,1446,820,0,0,0,0,0,0,0,0,16
5708,5708,82,45,1462,820,0,0,0,0,0,0,0,0,16
5709,5709,83,45,1478,820,0,0,0,0,0,0,0,0,16
5710,5710,84,45,1494,820,0,0,0,0,0,0,0,0,16
5711,5711,85,45,1510,820,0,0,0,0,0,0,0,0,16
5712,5712,86,45,1526,820,0,0,0,0,0,0,0,0,16
5713,5713,87,45,1542,820,0,0,0,0,0,0,0,0,16
5714,5714,88,45,1558,820,0,0,0,0,0,0,0,0,16
5715,5715,89,45,1574,820,0,0,0,0,0,0,0,0,16
5716,5716,90,45,1590,820,0,0,0,0,0,0,0,0,16
5717,5717,91,45,1606,820,0,0,0,0,0,0,0,0,16
5718,5718,92,45,1622,820,0,0,0,0,0,0,0,0,16
5719,5719,93,45,1638,820,0,0,0,0,0,0,0,0,16
5720,5720,94,45,1654,820,0,0,0,0,0,0,0,0,16
5721,5721,95,45,1670,820,0,0,0,0,0,0,0,0,17
5722,5722,96,45,1686,820,0,0,0,0,0,0,0,0,17
5723,5723,97,45,1702,820,0,0,0,0,0,0,0,0,17
5724,5724,98,45,1718,820,0,0,0,0,0,0,0,0,17
5725,5725,99,45,1734,820,0,0,0,0,0,0,0,0,17
5726,5726,100,45,1750,820,0,0,0,0,0,0,0,0,14
5727,5727,101,45,1766,820,0,0,0,0,0,0,0,0,14
5728,5728,102,45,1782,820,0,0,0,0,0,0,0,0,14
5729,5729,103,45,1798,820,0,0,0,0,0,0,0,0,14
5730,5730,104,45,1814,820,0,0,0,0,0,0,0,0,14
5731,5731,105,45,1830,820,0,0,0,0,0,0,0,0,14
5732,5732,106,45,1846,820,0,0,0,0,0,0,0,0,14
5733,5733,107,45,1862,820,0,0,0,0,0,0,0,0,14
5734,5734,108,45,1878,820,0,0,0,0,0,0,0,0,14
5735,5735,109,45,1894,820,0,0,0,0,0,0,0,0,14
5736,5736,110,45,1910,820,0,0,0,0,0,0,0,0,14
5737,5737,111,45,1926,820,0,0,0,0,0,0,0,0,14
5738,5738,112,45,1942,820,0,0,0,0,0,0,0,0,14
5739,5739,113,45,1958,820,0,0,0,0,0,0,0,0,14
5740,5740,114,45,1974,820,0,0,0,0,0,0,0,0,14
5741,5741,115,45,1990,820,0,0,0,0,0,0,0,0,14
5742,5742,116,45,2006,820,0,0,0,0,0,0,0,0,14
5743,5743,117,45,2022,820,0,0,0,0,0,0,0,0,14
5744,5744,118,45,2038,820,0,0,0,0,0,0,0,0,14
5745,5745,119,45,2054,820,0,0,0,0,0,0,0,0,14
5746,5746,120,45,2070,820,0,0,0,0,0,0,0,0,14
5747,5747,121,45,2086,820,0,0,0,0,0,0,0,0,14
5748,5748,122,45,2102,820,0,0,0,0,0,0,0,0,14
5749,5749,123,45,2118,820,0,0,0,0,0,0,0,0,14
5750,5750,124,45,2134,820,0,0,0,0,0,0,0,0,18
5751,5751,0,46,150,836,0,0,0,0,0,0,0,0,18
5752,5752,1,46,166,836,0,0,0,0,0,0,0,0,18
5753,5753,2,46,182,836,0,0,0,0,0,0,0,0,18
5754,5754,3,46,198,836,0,0,0,0,0,0,0,0,18
5755,5755,4,46,214,836,0,0,0,0,0,0,0,0,18
5756,5756,5,46,230,836,0,0,0,0,0,0,0,0,18
5757,5757,6,46,246,836,0,0,0,0,0,0,0,0,18
5758,5758,7,46,262,836,0,0,0,0,0,0,0,0,18
5759,5759,8,46,278,836,0,0,0,0,0,0,0,0,18
5760,5760,9,46,294,836,0,0,0,0,0,0,0,0,18
5761,5761,10,46,310,836,0,0,0,0,0,0,0,0,18
5762,5762,11,46,326,836,0,0,0,0,0,0,0,0,18
5763,5763,12,46,342,836,0,0,0,0,0,0,0,0,18
5764,5764,13,46,358,836,0,0,0,0,0,0,0,0,18
5765,5765,14,46,374,836,0,0,0,0,0,0,0,0,18
5766,5766,15,46,390,836,0,0,0,0,0,0,0,0,18
5767,5767,16,46,406,836,0,0,0,0,0,0,0,0,18
5768,5768,17,46,422,836,0,0,0,0,0,0,0,0,18
5769,5769,18,46,438,836,0,0,0,0,0,0,0,0,18
5770,5770,19,46,454,836,0,0,0,0,0,0,0,0,18
5771,5771,20,46,470,836,0,0,0,0,0,0,0,0,18
5772,5772,21,46,486,836,0,0,0,0,0,0,0,0,18
5773,5773,22,46,502,836,0,0,0,0,0,0,0,0,18
5774,5774,23,46,518,836,0,0,0,0,0,0,0,0,18
5775,5775,24,46,534,836,0,0,0,0,0,0,0,0,18
5776,5776,25,46,550,836,0,0,0,0,0,0,0,0,18
5777,5777,26,46,566,836,0,0,0,0,0,0,0,0,18
5778,5778,27,46,582,836,0,0,0,0,0,0,0,0,18
5779,5779,28,46,598,836,0,0,0,0,0,0,0,0,18
5780,5780,29,46,614,836,0,0,0,0,0,0,0,0,18
5781,5781,30,46,630,836,0,0,0,0,0,0,0,0,18
5782,5782,31,46,646,836,0,0,0,0,0,0,0,0,18
5783,5783,32,46,662,836,0,0,0,0,0,0,0,0,18
5784,5784,33,46,678,836,0,0,0,0,0,0,0,0,9
5785,5785,34,46,694,836,0,0,0,0,0,0,0,0,9
5786,5786,35,46,710,836,0,0,0,0,0,0,0,0,9
5787,5787,36,46,726,836,0,0,0,0,0,0,0,0,9
5788,5788,37,46,742,836,0,0,0,0,0,0,0,0,9
5789,5789,38,46,758,836,0,0,0,0,0,0,0,0,9
5790,5790,39,46,774,836,0,0,0,0,0,0,0,0,9
5791,5791,40,46,790,836,0,0,0,0,0,0,0,0,9
5792,5792,41,46,806,836,0,0,0,0,0,0,0,0,9
5793,5793,42,46,822,836,0,0,0,0,0,0,0,0,9
5794,5794,43,46,838,836,0,0,0,0,0,0,0,0,9
5795,5795,44,46,854,836,0,0,0,0,0,0,0,0,2
5796,5796,45,46,870,836,0,0,0,0,0,0,0,0,2
5797,5797,46,46,886,836,0,0,0,0,0,0,0,0,2
5798,5798,47,46,902,836,0,0,0,0,0,0,0,0,2
5799,5799,48,46,918,836,0,0,0,0,0,0,0,0,2
5800,5800,49,46,934,836,0,0,0,0,0,0,0,0,2
5801,5801,50,46,950,836,0,0,0,0,0,0,0,0,2
5802,5802,51,46,966,836,0,0,0,0,0,0,0,0,2
5803,5803,52,46,982,836,0,0,0,0,0,0,0,0,2
5804,5804,53,46,998,836,0,0,0,0,0,0,0,0,2
5805,5805,54,46,1014,836,0,0,0,0,0,0,0,0,2
5806,5806,55,46,1030,836,0,0,0,0,0,0,0,0,2
5807,5807,56,46,1046,836,0,0,0,0,0,0,0,0,2
5808,5808,57,46,1062,836,0,0,0,0,0,0,0,0,2
5809,5809,58,46,1078,836,0,0,0,0,0,0,0,0,2
5810,5810,59,46,1094,836,0,0,0,0,0,0,0,0,2
5811,5811,60,46,1110,836,0,0,0,0,0,0,0,0,2
5812,5812,61,46,1126,836,0,0,0,0,0,0,0,0,2
5813,5813,62,46,1142,836,0,0,0,0,0,0,0,0,2
5814,5814,63,46,1158,836,0,0,0,0,0,0,0,0,2
5815,5815,64,46,1174,836,0,0,0,0,0,0,0,0,2
5816,5816,65,46,1190,836,0,0,0,0,0,0,0,0,2
5817,5817,66,46,1206,836,0,0,0,0,0,0,0,0,2
5818,5818,67,46,1222,836,0,0,0,0,0,0,0,0,15
5819,5819,68,46,1238,836,0,0,0,0,0,0,0,0,15
5820,5820,69,46,1254,836,0,0,0,0,0,0,0,0,15
5821,5821,70,46,1270,836,0,0,0,0,0,0,0,0,15
5822,5822,71,46,1286,836,0,0,0,0,0,0,0,0,15
5823,5823,72,46,1302,836,0,0,0,0,0,0,0,0,15
5824,5824,73,46,1318,836,0,0,0,0,0,0,0,0,15
5825,5825,74,46,1334,836,0,0,0,0,0,0,0,0,15
5826,5826,75,46,1350,836,0,0,0,0,0,0,0,0,15
5827,5827,76,46,1366,836,0,0,0,0,0,0,0,0,15
5828,5828,77,46,1382,836,0,0,0,0,0,0,0,0,16
5829,5829,78,46,1398,836,0,0,0,0,0,0,0,0,16
5830,5830,79,46,1414,836,0,0,0,0,0,0,0,0,16
5831,5831,80,46,1430,836,0,0,0,0,0,0,0,0,16
5832,5832,81,46,1446,836,0,0,0,0,0,0,0,0,16
5833,5833,82,46,1462,836,0,0,0,0,0,0,0,0,16
5834,5834,83,46,1478,836,0,0,0,0,0,0,0,0,16
5835,5835,84,46,1494,836,0,0,0,0,0,0,0,0,16
5836,5836,85,46,1510,836,0,0,0,0,0,0,0,0,16
5837,5837,86,46,1526,836,0,0,0,0,0,0,0,0,16
5838,5838,87,46,1542,836,0,0,0,0,0,0,0,0,16
5839,5839,88,46,1558,836,0,0,0,0,0,0,0,0,16
5840,5840,89,46,1574,836,0,0,0,0,0,0,0,0,16
5841,5841,90,46,1590,836,0,0,0,0,0,0,0,0,16
5842,5842,91,46,1606,836,0,0,0,0,0,0,0,0,16
5843,5843,92,46,1622,836,0,0,0,0,0,0,0,0,16
5844,5844,93,46,1638,836,0,0,0,0,0,0,0,0,16
5845,5845,94,46,1654,836,0,0,0,0,0,0,0,0,16
5846,5846,95,46,1670,836,0,0,0,0,0,0,0,0,17
5847,5847,96,46,1686,836,0,0,0,0,0,0,0,0,17
5848,5848,97,46,1702,836,0,0,0,0,0,0,0,0,17
5849,5849,98,46,1718,836,0,0,0,0,0,0,0,0,17
5850,5850,99,46,1734,836,0,0,0,0,0,0,0,0,17
5851,5851,100,46,1750,836,0,0,0,0,0,0,0,0,14
5852,5852,101,46,1766,836,0,0,0,0,0,0,0,0,14
5853,5853,102,46,1782,836,0,0,0,0,0,0,0,0,14
5854,5854,103,46,1798,836,0,0,0,0,0,0,0,0,14
5855,5855,104,46,1814,836,0,0,0,0,0,0,0,0,14
5856,5856,105,46,1830,836,0,0,0,0,0,0,0,0,14
5857,5857,106,46,1846,836,0,0,0,0,0,0,0,0,14
5858,5858,107,46,1862,836,0,0,0,0,0,0,0,0,14
5859,5859,108,46,1878,836,0,0,0,0,0,0,0,0,14
5860,5860,109,46,1894,836,0,0,0,0,0,0,0,0,14
5861,5861,110,46,1910,836,0,0,0,0,0,0,0,0,14
5862,5862,111,46,1926,836,0,0,0,0,0,0,0,0,14
5863,5863,112,46,1942,836,0,0,0,0,0,0,0,0,14
5864,5864,113,46,1958,836,0,0,0,0,0,0,0,0,14
5865,5865,114,46,1974,836,0,0,0,0,0,0,0,0,14
5866,5866,115,46,1990,836,0,0,0,0,0,0,0,0,14
5867,5867,116,46,2006,836,0,0,0,0,0,0,0,0,14
5868,5868,117,46,2022,836,0,0,0,0,0,0,0,0,14
5869,5869,118,46,2038,836,0,0,0,0,0,0,0,0,14
5870,5870,119,46,2054,836,0,0,0,0,0,0,0,0,14
5871,5871,120,46,2070,836,0,0,0,0,0,0,0,0,14
5872,5872,121,46,2086,836,0,0,0,0,0,0,0,0,14
5873,5873,122,46,2102,836,0,0,0,0,0,0,0,0,14
5874,5874,123,46,2118,836,0,0,0,0,0,0,0,0,14
5875,5875,124,46,2134,836,0,0,0,0,0,0,0,0,18
5876,5876,0,47,150,852,0,0,0,0,0,0,0,0,18
5877,5877,1,47,166,852,0,0,0,0,0,0,0,0,18
5878,5878,2,47,182,852,0,0,0,0,0,0,0,0,18
5879,5879,3,47,198,852,0,0,0,0,0,0,0,0,18
5880,5880,4,47,214,852,0,0,0,0,0,0,0,0,18
5881,5881,5,47,230,852,0,0,0,0,0,0,0,0,18
5882,5882,6,47,246,852,0,0,0,0,0,0,0,0,18
5883,5883,7,47,262,852,0,0,0,0,0,0,0,0,18
5884,5884,8,47,278,852,0,0,0,0,0,0,0,0,18
5885,5885,9,47,294,852,0,0,0,0,0,0,0,0,18
5886,5886,10,47,310,852,0,0,0,0,0,0,0,0,18
5887,5887,11,47,326,852,0,0,0,0,0,0,0,0,18
5888,5888,12,47,342,852,0,0,0,0,0,0,0,0,18
5889,5889,13,47,358,852,0,0,0,0,0,0,0,0,18
5890,5890,14,47,374,852,0,0,0,0,0,0,0,0,18
5891,5891,15,47,390,852,0,0,0,0,0,0,0,0,18
5892,5892,16,47,406,852,0,0,0,0,0,0,0,0,18
5893,5893,17,47,422,852,0,0,0,0,0,0,0,0,18
5894,5894,18,47,438,852,0,0,0,0,0,0,0,0,18
5895,5895,19,47,454,852,0,0,0,0,0,0,0,0,18
5896,5896,20,47,470,852,0,0,0,0,0,0,0,0,18
5897,5897,21,47,486,852,0,0,0,0,0,0,0,0,18
5898,5898,22,47,502,852,0,0,0,0,0,0,0,0,18
5899,5899,23,47,518,852,0,0,0,0,0,0,0,0,18
5900,5900,24,47,534,852,0,0,0,0,0,0,0,0,18
5901,5901,25,47,550,852,0,0,0,0,0,0,0,0,18
5902,5902,26,47,566,852,0,0,0,0,0,0,0,0,18
5903,5903,27,47,582,852,0,0,0,0,0,0,0,0,18
5904,5904,28,47,598,852,0,0,0,0,0,0,0,0,18
5905,5905,29,47,614,852,0,0,0,0,0,0,0,0,18
5906,5906,30,47,630,852,0,0,0,0,0,0,0,0,18
5907,5907,31,47,646,852,0,0,0,0,0,0,0,0,18
5908,5908,32,47,662,852,0,0,0,0,0,0,0,0,18
5909,5909,33,47,678,852,0,0,0,0,0,0,0,0,18
5910,5910,34,47,694,852,0,0,0,0,0,0,0,0,18
5911,5911,35,47,710,852,0,0,0,0,0,0,0,0,18
5912,5912,36,47,726,852,0,0,0,0,0,0,0,0,18
5913,5913,37,47,742,852,0,0,0,0,0,0,0,0,18
5914,5914,38,47,758,852,0,0,0,0,0,0,0,0,9
5915,5915,39,47,774,852,0,0,0,0,0,0,0,0,9
5916,5916,40,47,790,852,0,0,0,0,0,0,0,0,9
5917,5917,41,47,806,852,0,0,0,0,0,0,0,0,9
5918,5918,42,47,822,852,0,0,0,0,0,0,0,0,9
5919,5919,43,47,838,852,0,0,0,0,0,0,0,0,9
5920,5920,44,47,854,852,0,0,0,0,0,0,0,0,9
5921,5921,45,47,870,852,0,0,0,0,0,0,0,0,2
5922,5922,46,47,886,852,0,0,0,0,0,0,0,0,2
5923,5923,47,47,902,852,0,0,0,0,0,0,0,0,2
5924,5924,48,47,918,852,0,0,0,0,0,0,0,0,2
5925,5925,49,47,934,852,0,0,0,0,0,0,0,0,2
5926,5926,50,47,950,852,0,0,0,0,0,0,0,0,2
5927,5927,51,47,966,852,0,0,0,0,0,0,0,0,2
5928,5928,52,47,982,852,0,0,0,0,0,0,0,0,2
5929,5929,53,47,998,852,0,0,0,0,0,0,0,0,2
5930,5930,54,47,1014,852,0,0,0,0,0,0,0,0,2
5931,5931,55,47,1030,852,0,0,0,0,0,0,0,0,2
5932,5932,56,47,1046,852,0,0,0,0,0,0,0,0,2
5933,5933,57,47,1062,852,0,0,0,0,0,0,0,0,2
5934,5934,58,47,1078,852,0,0,0,0,0,0,0,0,2
5935,5935,59,47,1094,852,0,0,0,0,0,0,0,0,2
5936,5936,60,47,1110,852,0,0,0,0,0,0,0,0,2
5937,5937,61,47,1126,852,0,0,0,0,0,0,0,0,2
5938,5938,62,47,1142,852,0,0,0,0,0,0,0,0,2
5939,5939,63,47,1158,852,0,0,0,0,0,0,0,0,2
5940,5940,64,47,1174,852,0,0,0,0,0,0,0,0,2
5941,5941,65,47,1190,852,0,0,0,0,0,0,0,0,2
5942,5942,66,47,1206,852,0,0,0,0,0,0,0,0,2
5943,5943,67,47,1222,852,0,0,0,0,0,0,0,0,15
5944,5944,68,47,1238,852,0,0,0,0,0,0,0,0,15
5945,5945,69,47,1254,852,0,0,0,0,0,0,0,0,15
5946,5946,70,47,1270,852,0,0,0,0,0,0,0,0,15
5947,5947,71,47,1286,852,0,0,0,0,0,0,0,0,15
5948,5948,72,47,1302,852,0,0,0,0,0,0,0,0,15
5949,5949,73,47,1318,852,0,0,0,0,0,0,0,0,15
5950,5950,74,47,1334,852,0,0,0,0,0,0,0,0,15
5951,5951,75,47,1350,852,0,0,0,0,0,0,0,0,15
5952,5952,76,47,1366,852,0,0,0,0,0,0,0,0,16
5953,5953,77,47,1382,852,0,0,0,0,0,0,0,0,16
5954,5954,78,47,1398,852,0,0,0,0,0,0,0,0,16
5955,5955,79,47,1414,852,0,0,0,0,0,0,0,0,16
5956,5956,80,47,1430,852,0,0,0,0,0,0,0,0,16
5957,5957,81,47,1446,852,0,0,0,0,0,0,0,0,16
5958,5958,82,47,1462,852,0,0,0,0,0,0,0,0,16
5959,5959,83,47,1478,852,0,0,0,0,0,0,0,0,16
5960,5960,84,47,1494,852,0,0,0,0,0,0,0,0,16
5961,5961,85,47,1510,852,0,0,0,0,0,0,0,0,16
5962,5962,86,47,1526,852,0,0,0,0,0,0,0,0,16
5963,5963,87,47,1542,852,0,0,0,0,0,0,0,0,16
5964,5964,88,47,1558,852,0,0,0,0,0,0,0,0,16
5965,5965,89,47,1574,852,0,0,0,0,0,0,0,0,16
5966,5966,90,47,1590,852,0,0,0,0,0,0,0,0,16
5967,5967,91,47,1606,852,0,0,0,0,0,0,0,0,16
5968,5968,92,47,1622,852,0,0,0,0,0,0,0,0,16
5969,5969,93,47,1638,852,0,0,0,0,0,0,0,0,16
5970,5970,94,47,1654,852,0,0,0,0,0,0,0,0,17
5971,5971,95,47,1670,852,0,0,0,0,0,0,0,0,17
5972,5972,96,47,1686,852,0,0,0,0,0,0,0,0,17
5973,5973,97,47,1702,852,0,0,0,0,0,0,0,0,17
5974,5974,98,47,1718,852,0,0,0,0,0,0,0,0,17
5975,5975,99,47,1734,852,0,0,0,0,0,0,0,0,17
5976,5976,100,47,1750,852,0,0,0,0,0,0,0,0,14
5977,5977,101,47,1766,852,0,0,0,0,0,0,0,0,14
5978,5978,102,47,1782,852,0,0,0,0,0,0,0,0,14
5979,5979,103,47,1798,852,0,0,0,0,0,0,0,0,14
5980,5980,104,47,1814,852,0,0,0,0,0,0,0,0,14
5981,5981,105,47,1830,852,0,0,0,0,0,0,0,0,14
5982,5982,106,47,1846,852,0,0,0,0,0,0,0,0,14
5983,5983,107,47,1862,852,0,0,0,0,0,0,0,0,14
5984,5984,108,47,1878,852,0,0,0,0,0,0,0,0,14
5985,5985,109,47,1894,852,0,0,0,0,0,0,0,0,14
5986,5986,110,47,1910,852,0,0,0,0,0,0,0,0,14
5987,5987,111,47,1926,852,0,0,0,0,0,0,0,0,14
5988,5988,112,47,1942,852,0,0,0,0,0,0,0,0,14
5989,5989,113,47,1958,852,0,0,0,0,0,0,0,0,14
5990,5990,114,47,1974,852,0,0,0,0,0,0,0,0,14
5991,5991,115,47,1990,852,0,0,0,0,0,0,0,0,14
5992,5992,116,47,2006,852,0,0,0,0,0,0,0,0,14
5993,5993,117,47,2022,852,0,0,0,0,0,0,0,0,14
5994,5994,118,47,2038,852,0,0,0,0,0,0,0,0,14
5995,5995,119,47,2054,852,0,0,0,0,0,0,0,0,14
5996,5996,120,47,2070,852,0,0,0,0,0,0,0,0,14
5997,5997,121,47,2086,852,0,0,0,0,0,0,0,0,14
5998,5998,122,47,2102,852,0,0,0,0,0,0,0,0,14
5999,5999,123,47,2118,852,0,0,0,0,0,0,0,0,14
6000,6000,124,47,2134,852,0,0,0,0,0,0,0,0,18
6001,6001,0,48,150,868,0,0,0,0,0,0,0,0,18
6002,6002,1,48,166,868,0,0,0,0,0,0,0,0,18
6003,6003,2,48,182,868,0,0,0,0,0,0,0,0,18
6004,6004,3,48,198,868,0,0,0,0,0,0,0,0,18
6005,6005,4,48,214,868,0,0,0,0,0,0,0,0,18
6006,6006,5,48,230,868,0,0,0,0,0,0,0,0,18
6007,6007,6,48,246,868,0,0,0,0,0,0,0,0,18
6008,6008,7,48,262,868,0,0,0,0,0,0,0,0,18
6009,6009,8,48,278,868,0,0,0,0,0,0,0,0,18
6010,6010,9,48,294,868,0,0,0,0,0,0,0,0,18
6011,6011,10,48,310,868,0,0,0,0,0,0,0,0,18
6012,6012,11,48,326,868,0,0,0,0,0,0,0,0,18
6013,6013,12,48,342,868,0,0,0,0,0,0,0,0,18
6014,6014,13,48,358,868,0,0,0,0,0,0,0,0,18
6015,6015,14,48,374,868,0,0,0,0,0,0,0,0,18
6016,6016,15,48,390,868,0,0,0,0,0,0,0,0,18
6017,6017,16,48,406,868,0,0,0,0,0,0,0,0,18
6018,6018,17,48,422,868,0,0,0,0,0,0,0,0,18
6019,6019,18,48,438,868,0,0,0,0,0,0,0,0,18
6020,6020,19,48,454,868,0,0,0,0,0,0,0,0,18
6021,6021,20,48,470,868,0,0,0,0,0,0,0,0,18
6022,6022,21,48,486,868,0,0,0,0,0,0,0,0,18
6023,6023,22,48,502,868,0,0,0,0,0,0,0,0,18
6024,6024,23,48,518,868,0,0,0,0,0,0,0,0,18
6025,6025,24,48,534,868,0,0,0,0,0,0,0,0,18
6026,6026,25,48,550,868,0,0,0,0,0,0,0,0,18
6027,6027,26,48,566,868,0,0,0,0,0,0,0,0,18
6028,6028,27,48,582,868,0,0,0,0,0,0,0,0,18
6029,6029,28,48,598,868,0,0,0,0,0,0,0,0,18
6030,6030,29,48,614,868,0,0,0,0,0,0,0,0,18
6031,6031,30,48,630,868,0,0,0,0,0,0,0,0,18
6032,6032,31,48,646,868,0,0,0,0,0,0,0,0,18
6033,6033,32,48,662,868,0,0,0,0,0,0,0,0,18
6034,6034,33,48,678,868,0,0,0,0,0,0,0,0,18
6035,6035,34,48,694,868,0,0,0,0,0,0,0,0,18
6036,6036,35,48,710,868,0,0,0,0,0,0,0,0,18
6037,6037,36,48,726,868,0,0,0,0,0,0,0,0,18
6038,6038,37,48,742,868,0,0,0,0,0,0,0,0,18
6039,6039,38,48,758,868,0,0,0,0,0,0,0,0,18
6040,6040,39,48,774,868,0,0,0,0,0,0,0,0,18
6041,6041,40,48,790,868,0,0,0,0,0,0,0,0,18
6042,6042,41,48,806,868,0,0,0,0,0,0,0,0,18
6043,6043,42,48,822,868,0,0,0,0,0,0,0,0,9
6044,6044,43,48,838,868,0,0,0,0,0,0,0,0,9
6045,6045,44,48,854,868,0,0,0,0,0,0,0,0,9
6046,6046,45,48,870,868,0,0,0,0,0,0,0,0,2
6047,6047,46,48,886,868,0,0,0,0,0,0,0,0,2
6048,6048,47,48,902,868,0,0,0,0,0,0,0,0,2
6049,6049,48,48,918,868,0,0,0,0,0,0,0,0,2
6050,6050,49,48,934,868,0,0,0,0,0,0,0,0,2
6051,6051,50,48,950,868,0,0,0,0,0,0,0,0,2
6052,6052,51,48,966,868,0,0,0,0,0,0,0,0,2
6053,6053,52,48,982,868,0,0,0,0,0,0,0,0,2
6054,6054,53,48,998,868,0,0,0,0,0,0,0,0,2
6055,6055,54,48,1014,868,0,0,0,0,0,0,0,0,2
6056,6056,55,48,1030,868,0,0,0,0,0,0,0,0,2
6057,6057,56,48,1046,868,0,0,0,0,0,0,0,0,2
6058,6058,57,48,1062,868,0,0,0,0,0,0,0,0,2
6059,6059,58,48,1078,868,0,0,0,0,0,0,0,0,2
6060,6060,59,48,1094,868,0,0,0,0,0,0,0,0,2
6061,6061,60,48,1110,868,0,0,0,0,0,0,0,0,2
6062,6062,61,48,1126,868,0,0,0,0,0,0,0,0,2
6063,6063,62,48,1142,868,0,0,0,0,0,0,0,0,2
6064,6064,63,48,1158,868,0,0,0,0,0,0,0,0,2
6065,6065,64,48,1174,868,0,0,0,0,0,0,0,0,2
6066,6066,65,48,1190,868,0,0,0,0,0,0,0,0,2
6067,6067,66,48,1206,868,0,0,0,0,0,0,0,0,15
6068,6068,67,48,1222,868,0,0,0,0,0,0,0,0,15
6069,6069,68,48,1238,868,0,0,0,0,0,0,0,0,15
6070,6070,69,48,1254,868,0,0,0,0,0,0,0,0,15
6071,6071,70,48,1270,868,0,0,0,0,0,0,0,0,15
6072,6072,71,48,1286,868,0,0,0,0,0,0,0,0,15
6073,6073,72,48,1302,868,0,0,0,0,0,0,0,0,15
6074,6074,73,48,1318,868,0,0,0,0,0,0,0,0,15
6075,6075,74,48,1334,868,0,0,0,0,0,0,0,0,16
6076,6076,75,48,1350,868,0,0,0,0,0,0,0,0,16
6077,6077,76,48,1366,868,0,0,0,0,0,0,0,0,16
6078,6078,77,48,1382,868,0,0,0,0,0,0,0,0,16
6079,6079,78,48,1398,868,0,0,0,0,0,0,0,0,16
6080,6080,79,48,1414,868,0,0,0,0,0,0,0,0,16
6081,6081,80,48,1430,868,0,0,0,0,0,0,0,0,16
6082,6082,81,48,1446,868,0,0,0,0,0,0,0,0,16
6083,6083,82,48,1462,868,0,0,0,0,0,0,0,0,16
6084,6084,83,48,1478,868,0,0,0,0,0,0,0,0,20
6085,6085,84,48,1494,868,0,0,0,0,0,0,0,0,20
6086,6086,85,48,1510,868,0,0,0,0,0,0,0,0,16
6087,6087,86,48,1526,868,0,0,0,0,0,0,0,0,16
6088,6088,87,48,1542,868,0,0,0,0,0,0,0,0,16
6089,6089,88,48,1558,868,0,0,0,0,0,0,0,0,20
6090,6090,89,48,1574,868,0,0,0,0,0,0,0,0,20
6091,6091,90,48,1590,868,0,0,0,0,0,0,0,0,21
6092,6092,91,48,1606,868,0,0,0,0,0,0,0,0,21
6093,6093,92,48,1622,868,0,0,0,0,0,0,0,0,16
6094,6094,93,48,1638,868,0,0,0,0,0,0,0,0,16
6095,6095,94,48,1654,868,0,0,0,0,0,0,0,0,17
6096,6096,95,48,1670,868,0,0,0,0,0,0,0,0,17
6097,6097,96,48,1686,868,0,0,0,0,0,0,0,0,17
6098,6098,97,48,1702,868,0,0,0,0,0,0,0,0,17
6099,6099,98,48,1718,868,0,0,0,0,0,0,0,0,17
6100,6100,99,48,1734,868,0,0,0,0,0,0,0,0,17
6101,6101,100,48,1750,868,0,0,0,0,0,0,0,0,14
6102,6102,101,48,1766,868,0,0,0,0,0,0,0,0,14
6103,6103,102,48,1782,868,0,0,0,0,0,0,0,0,14
6104,6104,103,48,1798,868,0,0,0,0,0,0,0,0,14
6105,6105,104,48,1814,868,0,0,0,0,0,0,0,0,14
6106,6106,105,48,1830,868,0,0,0,0,0,0,0,0,14
6107,6107,106,48,1846,868,0,0,0,0,0,0,0,0,14
6108,6108,107,48,1862,868,0,0,0,0,0,0,0,0,14
6109,6109,108,48,1878,868,0,0,0,0,0,0,0,0,14
6110,6110,109,48,1894,868,0,0,0,0,0,0,0,0,14
6111,6111,110,48,1910,868,0,0,0,0,0,0,0,0,14
6112,6112,111,48,1926,868,0,0,0,0,0,0,0,0,14
6113,6113,112,48,1942,868,0,0,0,0,0,0,0,0,14
6114,6114,113,48,1958,868,0,0,0,0,0,0,0,0,14
6115,6115,114,48,1974,868,0,0,0,0,0,0,0,0,14
6116,6116,115,48,1990,868,0,0,0,0,0,0,0,0,14
6117,6117,116,48,2006,868,0,0,0,0,0,0,0,0,14
6118,6118,117,48,2022,868,0,0,0,0,0,0,0,0,14
6119,6119,118,48,2038,868,0,0,0,0,0,0,0,0,14
6120,6120,119,48,2054,868,0,0,0,0,0,0,0,0,14
6121,6121,120,48,2070,868,0,0,0,0,0,0,0,0,14
6122,6122,121,48,2086,868,0,0,0,0,0,0,0,0,14
6123,6123,122,48,2102,868,0,0,0,0,0,0,0,0,14
6124,6124,123,48,2118,868,0,0,0,0,0,0,0,0,14
6125,6125,124,48,2134,868,0,0,0,0,0,0,0,0,18
6126,6126,0,49,150,884,0,0,0,0,0,0,0,0,18
6127,6127,1,49,166,884,0,0,0,0,0,0,0,0,18
6128,6128,2,49,182,884,0,0,0,0,0,0,0,0,18
6129,6129,3,49,198,884,0,0,0,0,0,0,0,0,18
6130,6130,4,49,214,884,0,0,0,0,0,0,0,0,18
6131,6131,5,49,230,884,0,0,0,0,0,0,0,0,18
6132,6132,6,49,246,884,0,0,0,0,0,0,0,0,18
6133,6133,7,49,262,884,0,0,0,0,0,0,0,0,18
6134,6134,8,49,278,884,0,0,0,0,0,0,0,0,18
6135,6135,9,49,294,884,0,0,0,0,0,0,0,0,18
6136,6136,10,49,310,884,0,0,0,0,0,0,0,0,18
6137,6137,11,49,326,884,0,0,0,0,0,0,0,0,18
6138,6138,12,49,342,884,0,0,0,0,0,0,0,0,18
6139,6139,13,49,358,884,0,0,0,0,0,0,0,0,18
6140,6140,14,49,374,884,0,0,0,0,0,0,0,0,18
6141,6141,15,49,390,884,0,0,0,0,0,0,0,0,18
6142,6142,16,49,406,884,0,0,0,0,0,0,0,0,18
6143,6143,17,49,422,884,0,0,0,0,0,0,0,0,18
6144,6144,18,49,438,884,0,0,0,0,0,0,0,0,18
6145,6145,19,49,454,884,0,0,0,0,0,0,0,0,18
6146,6146,20,49,470,884,0,0,0,0,0,0,0,0,18
6147,6147,21,49,486,884,0,0,0,0,0,0,0,0,18
6148,6148,22,49,502,884,0,0,0,0,0,0,0,0,18
6149,6149,23,49,518,884,0,0,0,0,0,0,0,0,18
6150,6150,24,49,534,884,0,0,0,0,0,0,0,0,18
6151,6151,25,49,550,884,0,0,0,0,0,0,0,0,18
6152,6152,26,49,566,884,0,0,0,0,0,0,0,0,18
6153,6153,27,49,582,884,0,0,0,0,0,0,0,0,18
6154,6154,28,49,598,884,0,0,0,0,0,0,0,0,18
6155,6155,29,49,614,884,0,0,0,0,0,0,0,0,18
6156,6156,30,49,630,884,0,0,0,0,0,0,0,0,18
6157,6157,31,49,646,884,0,0,0,0,0,0,0,0,18
6158,6158,32,49,662,884,0,0,0,0,0,0,0,0,18
6159,6159,33,49,678,884,0,0,0,0,0,0,0,0,18
6160,6160,34,49,694,884,0,0,0,0,0,0,0,0,18
6161,6161,35,49,710,884,0,0,0,0,0,0,0,0,18
6162,6162,36,49,726,884,0,0,0,0,0,0,0,0,18
6163,6163,37,49,742,884,0,0,0,0,0,0,0,0,18
6164,6164,38,49,758,884,0,0,0,0,0,0,0,0,18
6165,6165,39,49,774,884,0,0,0,0,0,0,0,0,18
6166,6166,40,49,790,884,0,0,0,0,0,0,0,0,18
6167,6167,41,49,806,884,0,0,0,0,0,0,0,0,18
6168,6168,42,49,822,884,0,0,0,0,0,0,0,0,18
6169,6169,43,49,838,884,0,0,0,0,0,0,0,0,18
6170,6170,44,49,854,884,0,0,0,0,0,0,0,0,18
6171,6171,45,49,870,884,0,0,0,0,0,0,0,0,18
6172,6172,46,49,886,884,0,0,0,0,0,0,0,0,2
6173,6173,47,49,902,884,0,0,0,0,0,0,0,0,2
6174,6174,48,49,918,884,0,0,0,0,0,0,0,0,2
6175,6175,49,49,934,884,0,0,0,0,0,0,0,0,2
6176,6176,50,49,950,884,0,0,0,0,0,0,0,0,2
6177,6177,51,49,966,884,0,0,0,0,0,0,0,0,2
6178,6178,52,49,982,884,0,0,0,0,0,0,0,0,2
6179,6179,53,49,998,884,0,0,0,0,0,0,0,0,2
6180,6180,54,49,1014,884,0,0,0,0,0,0,0,0,2
6181,6181,55,49,1030,884,0,0,0,0,0,0,0,0,2
6182,6182,56,49,1046,884,0,0,0,0,0,0,0,0,2
6183,6183,57,49,1062,884,0,0,0,0,0,0,0,0,2
6184,6184,58,49,1078,884,0,0,0,0,0,0,0,0,2
6185,6185,59,49,1094,884,0,0,0,0,0,0,0,0,2
6186,6186,60,49,1110,884,0,0,0,0,0,0,0,0,2
6187,6187,61,49,1126,884,0,0,0,0,0,0,0,0,2
6188,6188,62,49,1142,884,0,0,0,0,0,0,0,0,2
6189,6189,63,49,1158,884,0,0,0,0,0,0,0,0,2
6190,6190,64,49,1174,884,0,0,0,0,0,0,0,0,2
6191,6191,65,49,1190,884,0,0,0,0,0,0,0,0,2
6192,6192,66,49,1206,884,0,0,0,0,0,0,0,0,15
6193,6193,67,49,1222,884,0,0,0,0,0,0,0,0,15
6194,6194,68,49,1238,884,0,0,0,0,0,0,0,0,15
6195,6195,69,49,1254,884,0,0,0,0,0,0,0,0,15
6196,6196,70,49,1270,884,0,0,0,0,0,0,0,0,15
6197,6197,71,49,1286,884,0,0,0,0,0,0,0,0,15
6198,6198,72,49,1302,884,0,0,0,0,0,0,0,0,15
6199,6199,73,49,1318,884,0,0,0,0,0,0,0,0,3
6200,6200,74,49,1334,884,0,0,0,0,0,0,0,0,20
6201,6201,75,49,1350,884,0,0,0,0,0,0,0,0,20
6202,6202,76,49,1366,884,0,0,0,0,0,0,0,0,20
6203,6203,77,49,1382,884,0,0,0,0,0,0,0,0,20
6204,6204,78,49,1398,884,0,0,0,0,0,0,0,0,20
6205,6205,79,49,1414,884,0,0,0,0,0,0,0,0,20
6206,6206,80,49,1430,884,0,0,0,0,0,0,0,0,20
6207,6207,81,49,1446,884,0,0,0,0,0,0,0,0,20
6208,6208,82,49,1462,884,0,0,0,0,0,0,0,0,20
6209,6209,83,49,1478,884,0,0,0,0,0,0,0,0,20
6210,6210,84,49,1494,884,0,0,0,0,0,0,0,0,20
6211,6211,85,49,1510,884,0,0,0,0,0,0,0,0,20
6212,6212,86,49,1526,884,0,0,0,0,0,0,0,0,20
6213,6213,87,49,1542,884,0,0,0,0,0,0,0,0,20
6214,6214,88,49,1558,884,0,0,0,0,0,0,0,0,20
6215,6215,89,49,1574,884,0,0,0,0,0,0,0,0,21
6216,6216,90,49,1590,884,0,0,0,0,0,0,0,0,21
6217,6217,91,49,1606,884,0,0,0,0,0,0,0,0,21
6218,6218,92,49,1622,884,0,0,0,0,0,0,0,0,21
6219,6219,93,49,1638,884,0,0,0,0,0,0,0,0,21
6220,6220,94,49,1654,884,0,0,0,0,0,0,0,0,17
6221,6221,95,49,1670,884,0,0,0,0,0,0,0,0,17
6222,6222,96,49,1686,884,0,0,0,0,0,0,0,0,17
6223,6223,97,49,1702,884,0,0,0,0,0,0,0,0,17
6224,6224,98,49,1718,884,0,0,0,0,0,0,0,0,17
6225,6225,99,49,1734,884,0,0,0,0,0,0,0,0,17
6226,6226,100,49,1750,884,0,0,0,0,0,0,0,0,14
6227,6227,101,49,1766,884,0,0,0,0,0,0,0,0,14
6228,6228,102,49,1782,884,0,0,0,0,0,0,0,0,14
6229,6229,103,49,1798,884,0,0,0,0,0,0,0,0,14
6230,6230,104,49,1814,884,0,0,0,0,0,0,0,0,14
6231,6231,105,49,1830,884,0,0,0,0,0,0,0,0,14
6232,6232,106,49,1846,884,0,0,0,0,0,0,0,0,14
6233,6233,107,49,1862,884,0,0,0,0,0,0,0,0,14
6234,6234,108,49,1878,884,0,0,0,0,0,0,0,0,14
6235,6235,109,49,1894,884,0,0,0,0,0,0,0,0,14
6236,6236,110,49,1910,884,0,0,0,0,0,0,0,0,14
6237,6237,111,49,1926,884,0,0,0,0,0,0,0,0,14
6238,6238,112,49,1942,884,0,0,0,0,0,0,0,0,14
6239,6239,113,49,1958,884,0,0,0,0,0,0,0,0,14
6240,6240,114,49,1974,884,0,0,0,0,0,0,0,0,14
6241,6241,115,49,1990,884,0,0,0,0,0,0,0,0,14
6242,6242,116,49,2006,884,0,0,0,0,0,0,0,0,14
6243,6243,117,49,2022,884,0,0,0,0,0,0,0,0,14
6244,6244,118,49,2038,884,0,0,0,0,0,0,0,0,14
6245,6245,119,49,2054,884,0,0,0,0,0,0,0,0,14
6246,6246,120,49,2070,884,0,0,0,0,0,0,0,0,14
6247,6247,121,49,2086,884,0,0,0,0,0,0,0,0,14
6248,6248,122,49,2102,884,0,0,0,0,0,0,0,0,14
6249,6249,123,49,2118,884,0,0,0,0,0,0,0,0,14
6250,6250,124,49,2134,884,0,0,0,0,0,0,0,0,19
6251,6251,0,50,150,900,0,0,0,0,0,0,0,0,19
6252,6252,1,50,166,900,0,0,0,0,0,0,0,0,19
6253,6253,2,50,182,900,0,0,0,0,0,0,0,0,18
6254,6254,3,50,198,900,0,0,0,0,0,0,0,0,18
6255,6255,4,50,214,900,0,0,0,0,0,0,0,0,18
6256,6256,5,50,230,900,0,0,0,0,0,0,0,0,18
6257,6257,6,50,246,900,0,0,0,0,0,0,0,0,18
6258,6258,7,50,262,900,0,0,0,0,0,0,0,0,18
6259,6259,8,50,278,900,0,0,0,0,0,0,0,0,18
6260,6260,9,50,294,900,0,0,0,0,0,0,0,0,18
6261,6261,10,50,310,900,0,0,0,0,0,0,0,0,18
6262,6262,11,50,326,900,0,0,0,0,0,0,0,0,18
6263,6263,12,50,342,900,0,0,0,0,0,0,0,0,18
6264,6264,13,50,358,900,0,0,0,0,0,0,0,0,18
6265,6265,14,50,374,900,0,0,0,0,0,0,0,0,18
6266,6266,15,50,390,900,0,0,0,0,0,0,0,0,18
6267,6267,16,50,406,900,0,0,0,0,0,0,0,0,18
6268,6268,17,50,422,900,0,0,0,0,0,0,0,0,18
6269,6269,18,50,438,900,0,0,0,0,0,0,0,0,18
6270,6270,19,50,454,900,0,0,0,0,0,0,0,0,18
6271,6271,20,50,470,900,0,0,0,0,0,0,0,0,18
6272,6272,21,50,486,900,0,0,0,0,0,0,0,0,18
6273,6273,22,50,502,900,0,0,0,0,0,0,0,0,18
6274,6274,23,50,518,900,0,0,0,0,0,0,0,0,18
6275,6275,24,50,534,900,0,0,0,0,0,0,0,0,18
6276,6276,25,50,550,900,0,0,0,0,0,0,0,0,18
6277,6277,26,50,566,900,0,0,0,0,0,0,0,0,18
6278,6278,27,50,582,900,0,0,0,0,0,0,0,0,18
6279,6279,28,50,598,900,0,0,0,0,0,0,0,0,18
6280,6280,29,50,614,900,0,0,0,0,0,0,0,0,18
6281,6281,30,50,630,900,0,0,0,0,0,0,0,0,18
6282,6282,31,50,646,900,0,0,0,0,0,0,0,0,18
6283,6283,32,50,662,900,0,0,0,0,0,0,0,0,18
6284,6284,33,50,678,900,0,0,0,0,0,0,0,0,18
6285,6285,34,50,694,900,0,0,0,0,0,0,0,0,18
6286,6286,35,50,710,900,0,0,0,0,0,0,0,0,18
6287,6287,36,50,726,900,0,0,0,0,0,0,0,0,18
6288,6288,37,50,742,900,0,0,0,0,0,0,0,0,18
6289,6289,38,50,758,900,0,0,0,0,0,0,0,0,18
6290,6290,39,50,774,900,0,0,0,0,0,0,0,0,18
6291,6291,40,50,790,900,0,0,0,0,0,0,0,0,18
6292,6292,41,50,806,900,0,0,0,0,0,0,0,0,18
6293,6293,42,50,822,900,0,0,0,0,0,0,0,0,18
6294,6294,43,50,838,900,0,0,0,0,0,0,0,0,18
6295,6295,44,50,854,900,0,0,0,0,0,0,0,0,18
6296,6296,45,50,870,900,0,0,0,0,0,0,0,0,18
6297,6297,46,50,886,900,0,0,0,0,0,0,0,0,2
6298,6298,47,50,902,900,0,0,0,0,0,0,0,0,2
6299,6299,48,50,918,900,0,0,0,0,0,0,0,0,2
6300,6300,49,50,934,900,0,0,0,0,0,0,0,0,2
6301,6301,50,50,950,900,0,0,0,0,0,0,0,0,2
6302,6302,51,50,966,900,0,0,0,0,0,0,0,0,2
6303,6303,52,50,982,900,0,0,0,0,0,0,0,0,2
6304,6304,53,50,998,900,0,0,0,0,0,0,0,0,2
6305,6305,54,50,1014,900,0,0,0,0,0,0,0,0,2
6306,6306,55,50,1030,900,0,0,0,0,0,0,0,0,2
6307,6307,56,50,1046,900,0,0,0,0,0,0,0,0,2
6308,6308,57,50,1062,900,0,0,0,0,0,0,0,0,2
6309,6309,58,50,1078,900,0,0,0,0,0,0,0,0,2
6310,6310,59,50,1094,900,0,0,0,0,0,0,0,0,2
6311,6311,60,50,1110,900,0,0,0,0,0,0,0,0,2
6312,6312,61,50,1126,900,0,0,0,0,0,0,0,0,2
6313,6313,62,50,1142,900,0,0,0,0,0,0,0,0,2
6314,6314,63,50,1158,900,0,0,0,0,0,0,0,0,2
6315,6315,64,50,1174,900,0,0,0,0,0,0,0,0,2
6316,6316,65,50,1190,900,0,0,0,0,0,0,0,0,2
6317,6317,66,50,1206,900,0,0,0,0,0,0,0,0,15
6318,6318,67,50,1222,900,0,0,0,0,0,0,0,0,15
6319,6319,68,50,1238,900,0,0,0,0,0,0,0,0,15
6320,6320,69,50,1254,900,0,0,0,0,0,0,0,0,15
6321,6321,70,50,1270,900,0,0,0,0,0,0,0,0,15
6322,6322,71,50,1286,900,0,0,0,0,0,0,0,0,15
6323,6323,72,50,1302,900,0,0,0,0,0,0,0,0,20
6324,6324,73,50,1318,900,0,0,0,0,0,0,0,0,20
6325,6325,74,50,1334,900,0,0,0,0,0,0,0,0,20
6326,6326,75,50,1350,900,0,0,0,0,0,0,0,0,20
6327,6327,76,50,1366,900,0,0,0,0,0,0,0,0,20
6328,6328,77,50,1382,900,0,0,0,0,0,0,0,0,20
6329,6329,78,50,1398,900,0,0,0,0,0,0,0,0,20
6330,6330,79,50,1414,900,0,0,0,0,0,0,0,0,20
6331,6331,80,50,1430,900,0,0,0,0,0,0,0,0,20
6332,6332,81,50,1446,900,0,0,0,0,0,0,0,0,20
6333,6333,82,50,1462,900,0,0,0,0,0,0,0,0,20
6334,6334,83,50,1478,900,0,0,0,0,0,0,0,0,20
6335,6335,84,50,1494,900,0,0,0,0,0,0,0,0,20
6336,6336,85,50,1510,900,0,0,0,0,0,0,0,0,20
6337,6337,86,50,1526,900,0,0,0,0,0,0,0,0,20
6338,6338,87,50,1542,900,0,0,0,0,0,0,0,0,21
6339,6339,88,50,1558,900,0,0,0,0,0,0,0,0,21
6340,6340,89,50,1574,900,0,0,0,0,0,0,0,0,21
6341,6341,90,50,1590,900,0,0,0,0,0,0,0,0,21
6342,6342,91,50,1606,900,0,0,0,0,0,0,0,0,21
6343,6343,92,50,1622,900,0,0,0,0,0,0,0,0,21
6344,6344,93,50,1638,900,0,0,0,0,0,0,0,0,21
6345,6345,94,50,1654,900,0,0,0,0,0,0,0,0,17
6346,6346,95,50,1670,900,0,0,0,0,0,0,0,0,17
6347,6347,96,50,1686,900,0,0,0,0,0,0,0,0,17
6348,6348,97,50,1702,900,0,0,0,0,0,0,0,0,17
6349,6349,98,50,1718,900,0,0,0,0,0,0,0,0,17
6350,6350,99,50,1734,900,0,0,0,0,0,0,0,0,17
6351,6351,100,50,1750,900,0,0,0,0,0,0,0,0,14
6352,6352,101,50,1766,900,0,0,0,0,0,0,0,0,14
6353,6353,102,50,1782,900,0,0,0,0,0,0,0,0,14
6354,6354,103,50,1798,900,0,0,0,0,0,0,0,0,14
6355,6355,104,50,1814,900,0,0,0,0,0,0,0,0,14
6356,6356,105,50,1830,900,0,0,0,0,0,0,0,0,14
6357,6357,106,50,1846,900,0,0,0,0,0,0,0,0,14
6358,6358,107,50,1862,900,0,0,0,0,0,0,0,0,14
6359,6359,108,50,1878,900,0,0,0,0,0,0,0,0,14
6360,6360,109,50,1894,900,0,0,0,0,0,0,0,0,14
6361,6361,110,50,1910,900,0,0,0,0,0,0,0,0,14
6362,6362,111,50,1926,900,0,0,0,0,0,0,0,0,14
6363,6363,112,50,1942,900,0,0,0,0,0,0,0,0,14
6364,6364,113,50,1958,900,0,0,0,0,0,0,0,0,14
6365,6365,114,50,1974,900,0,0,0,0,0,0,0,0,14
6366,6366,115,50,1990,900,0,0,0,0,0,0,0,0,14
6367,6367,116,50,2006,900,0,0,0,0,0,0,0,0,14
6368,6368,117,50,2022,900,0,0,0,0,0,0,0,0,14
6369,6369,118,50,2038,900,0,0,0,0,0,0,0,0,14
6370,6370,119,50,2054,900,0,0,0,0,0,0,0,0,14
6371,6371,120,50,2070,900,0,0,0,0,0,0,0,0,14
6372,6372,121,50,2086,900,0,0,0,0,0,0,0,0,14
6373,6373,122,50,2102,900,0,0,0,0,0,0,0,0,14
6374,6374,123,50,2118,900,0,0,0,0,0,0,0,0,14
6375,6375,124,50,2134,900,0,0,0,0,0,0,0,0,19
6376,6376,0,51,150,916,0,0,0,0,0,0,0,0,19
6377,6377,1,51,166,916,0,0,0,0,0,0,0,0,19
6378,6378,2,51,182,916,0,0,0,0,0,0,0,0,19
6379,6379,3,51,198,916,0,0,0,0,0,0,0,0,19
6380,6380,4,51,214,916,0,0,0,0,0,0,0,0,19
6381,6381,5,51,230,916,0,0,0,0,0,0,0,0,19
6382,6382,6,51,246,916,0,0,0,0,0,0,0,0,19
6383,6383,7,51,262,916,0,0,0,0,0,0,0,0,18
6384,6384,8,51,278,916,0,0,0,0,0,0,0,0,18
6385,6385,9,51,294,916,0,0,0,0,0,0,0,0,18
6386,6386,10,51,310,916,0,0,0,0,0,0,0,0,18
6387,6387,11,51,326,916,0,0,0,0,0,0,0,0,18
6388,6388,12,51,342,916,0,0,0,0,0,0,0,0,18
6389,6389,13,51,358,916,0,0,0,0,0,0,0,0,18
6390,6390,14,51,374,916,0,0,0,0,0,0,0,0,18
6391,6391,15,51,390,916,0,0,0,0,0,0,0,0,18
6392,6392,16,51,406,916,0,0,0,0,0,0,0,0,18
6393,6393,17,51,422,916,0,0,0,0,0,0,0,0,18
6394,6394,18,51,438,916,0,0,0,0,0,0,0,0,18
6395,6395,19,51,454,916,0,0,0,0,0,0,0,0,18
6396,6396,20,51,470,916,0,0,0,0,0,0,0,0,18
6397,6397,21,51,486,916,0,0,0,0,0,0,0,0,18
6398,6398,22,51,502,916,0,0,0,0,0,0,0,0,18
6399,6399,23,51,518,916,0,0,0,0,0,0,0,0,18
6400,6400,24,51,534,916,0,0,0,0,0,0,0,0,18
6401,6401,25,51,550,916,0,0,0,0,0,0,0,0,18
6402,6402,26,51,566,916,0,0,0,0,0,0,0,0,18
6403,6403,27,51,582,916,0,0,0,0,0,0,0,0,18
6404,6404,28,51,598,916,0,0,0,0,0,0,0,0,18
6405,6405,29,51,614,916,0,0,0,0,0,0,0,0,18
6406,6406,30,51,630,916,0,0,0,0,0,0,0,0,18
6407,6407,31,51,646,916,0,0,0,0,0,0,0,0,18
6408,6408,32,51,662,916,0,0,0,0,0,0,0,0,18
6409,6409,33,51,678,916,0,0,0,0,0,0,0,0,18
6410,6410,34,51,694,916,0,0,0,0,0,0,0,0,18
6411,6411,35,51,710,916,0,0,0,0,0,0,0,0,18
6412,6412,36,51,726,916,0,0,0,0,0,0,0,0,18
6413,6413,37,51,742,916,0,0,0,0,0,0,0,0,18
6414,6414,38,51,758,916,0,0,0,0,0,0,0,0,18
6415,6415,39,51,774,916,0,0,0,0,0,0,0,0,18
6416,6416,40,51,790,916,0,0,0,0,0,0,0,0,18
6417,6417,41,51,806,916,0,0,0,0,0,0,0,0,18
6418,6418,42,51,822,916,0,0,0,0,0,0,0,0,18
6419,6419,43,51,838,916,0,0,0,0,0,0,0,0,18
6420,6420,44,51,854,916,0,0,0,0,0,0,0,0,18
6421,6421,45,51,870,916,0,0,0,0,0,0,0,0,18
6422,6422,46,51,886,916,0,0,0,0,0,0,0,0,18
6423,6423,47,51,902,916,0,0,0,0,0,0,0,0,2
6424,6424,48,51,918,916,0,0,0,0,0,0,0,0,2
6425,6425,49,51,934,916,0,0,0,0,0,0,0,0,2
6426,6426,50,51,950,916,0,0,0,0,0,0,0,0,2
6427,6427,51,51,966,916,0,0,0,0,0,0,0,0,2
6428,6428,52,51,982,916,0,0,0,0,0,0,0,0,2
6429,6429,53,51,998,916,0,0,0,0,0,0,0,0,2
6430,6430,54,51,1014,916,0,0,0,0,0,0,0,0,2
6431,6431,55,51,1030,916,0,0,0,0,0,0,0,0,2
6432,6432,56,51,1046,916,0,0,0,0,0,0,0,0,2
6433,6433,57,51,1062,916,0,0,0,0,0,0,0,0,2
6434,6434,58,51,1078,916,0,0,0,0,0,0,0,0,2
6435,6435,59,51,1094,916,0,0,0,0,0,0,0,0,2
6436,6436,60,51,1110,916,0,0,0,0,0,0,0,0,2
6437,6437,61,51,1126,916,0,0,0,0,0,0,0,0,2
6438,6438,62,51,1142,916,0,0,0,0,0,0,0,0,2
6439,6439,63,51,1158,916,0,0,0,0,0,0,0,0,2
6440,6440,64,51,1174,916,0,0,0,0,0,0,0,0,2
6441,6441,65,51,1190,916,0,0,0,0,0,0,0,0,2
6442,6442,66,51,1206,916,0,0,0,0,0,0,0,0,15
6443,6443,67,51,1222,916,0,0,0,0,0,0,0,0,15
6444,6444,68,51,1238,916,0,0,0,0,0,0,0,0,15
6445,6445,69,51,1254,916,0,0,0,0,0,0,0,0,15
6446,6446,70,51,1270,916,0,0,0,0,0,0,0,0,20
6447,6447,71,51,1286,916,0,0,0,0,0,0,0,0,20
6448,6448,72,51,1302,916,0,0,0,0,0,0,0,0,20
6449,6449,73,51,1318,916,0,0,0,0,0,0,0,0,20
6450,6450,74,51,1334,916,0,0,0,0,0,0,0,0,20
6451,6451,75,51,1350,916,0,0,0,0,0,0,0,0,20
6452,6452,76,51,1366,916,0,0,0,0,0,0,0,0,20
6453,6453,77,51,1382,916,0,0,0,0,0,0,0,0,20
6454,6454,78,51,1398,916,0,0,0,0,0,0,0,0,20
6455,6455,79,51,1414,916,0,0,0,0,0,0,0,0,20
6456,6456,80,51,1430,916,0,0,0,0,0,0,0,0,20
6457,6457,81,51,1446,916,0,0,0,0,0,0,0,0,20
6458,6458,82,51,1462,916,0,0,0,0,0,0,0,0,20
6459,6459,83,51,1478,916,0,0,0,0,0,0,0,0,20
6460,6460,84,51,1494,916,0,0,0,0,0,0,0,0,20
6461,6461,85,51,1510,916,0,0,0,0,0,0,0,0,20
6462,6462,86,51,1526,916,0,0,0,0,0,0,0,0,21
6463,6463,87,51,1542,916,0,0,0,0,0,0,0,0,21
6464,6464,88,51,1558,916,0,0,0,0,0,0,0,0,21
6465,6465,89,51,1574,916,0,0,0,0,0,0,0,0,21
6466,6466,90,51,1590,916,0,0,0,0,0,0,0,0,21
6467,6467,91,51,1606,916,0,0,0,0,0,0,0,0,21
6468,6468,92,51,1622,916,0,0,0,0,0,0,0,0,21
6469,6469,93,51,1638,916,0,0,0,0,0,0,0,0,17
6470,6470,94,51,1654,916,0,0,0,0,0,0,0,0,17
6471,6471,95,51,1670,916,0,0,0,0,0,0,0,0,17
6472,6472,96,51,1686,916,0,0,0,0,0,0,0,0,17
6473,6473,97,51,1702,916,0,0,0,0,0,0,0,0,17
6474,6474,98,51,1718,916,0,0,0,0,0,0,0,0,17
6475,6475,99,51,1734,916,0,0,0,0,0,0,0,0,17
6476,6476,100,51,1750,916,0,0,0,0,0,0,0,0,14
6477,6477,101,51,1766,916,0,0,0,0,0,0,0,0,14
6478,6478,102,51,1782,916,0,0,0,0,0,0,0,0,14
6479,6479,103,51,1798,916,0,0,0,0,0,0,0,0,14
6480,6480,104,51,1814,916,0,0,0,0,0,0,0,0,14
6481,6481,105,51,1830,916,0,0,0,0,0,0,0,0,14
6482,6482,106,51,1846,916,0,0,0,0,0,0,0,0,14
6483,6483,107,51,1862,916,0,0,0,0,0,0,0,0,14
6484,6484,108,51,1878,916,0,0,0,0,0,0,0,0,14
6485,6485,109,51,1894,916,0,0,0,0,0,0,0,0,14
6486,6486,110,51,1910,916,0,0,0,0,0,0,0,0,14
6487,6487,111,51,1926,916,0,0,0,0,0,0,0,0,14
6488,6488,112,51,1942,916,0,0,0,0,0,0,0,0,14
6489,6489,113,51,1958,916,0,0,0,0,0,0,0,0,14
6490,6490,114,51,1974,916,0,0,0,0,0,0,0,0,14
6491,6491,115,51,1990,916,0,0,0,0,0,0,0,0,14
6492,6492,116,51,2006,916,0,0,0,0,0,0,0,0,14
6493,6493,117,51,2022,916,0,0,0,0,0,0,0,0,14
6494,6494,118,51,2038,916,0,0,0,0,0,0,0,0,14
6495,6495,119,51,2054,916,0,0,0,0,0,0,0,0,14
6496,6496,120,51,2070,916,0,0,0,0,0,0,0,0,14
6497,6497,121,51,2086,916,0,0,0,0,0,0,0,0,14
6498,6498,122,51,2102,916,0,0,0,0,0,0,0,0,14
6499,6499,123,51,2118,916,0,0,0,0,0,0,0,0,14
6500,6500,124,51,2134,916,0,0,0,0,0,0,0,0,19
6501,6501,0,52,150,932,0,0,0,0,0,0,0,0,19
6502,6502,1,52,166,932,0,0,0,0,0,0,0,0,19
6503,6503,2,52,182,932,0,0,0,0,0,0,0,0,19
6504,6504,3,52,198,932,0,0,0,0,0,0,0,0,19
6505,6505,4,52,214,932,0,0,0,0,0,0,0,0,19
6506,6506,5,52,230,932,0,0,0,0,0,0,0,0,19
6507,6507,6,52,246,932,0,0,0,0,0,0,0,0,19
6508,6508,7,52,262,932,0,0,0,0,0,0,0,0,19
6509,6509,8,52,278,932,0,0,0,0,0,0,0,0,19
6510,6510,9,52,294,932,0,0,0,0,0,0,0,0,19
6511,6511,10,52,310,932,0,0,0,0,0,0,0,0,19
6512,6512,11,52,326,932,0,0,0,0,0,0,0,0,19
6513,6513,12,52,342,932,0,0,0,0,0,0,0,0,18
6514,6514,13,52,358,932,0,0,0,0,0,0,0,0,18
6515,6515,14,52,374,932,0,0,0,0,0,0,0,0,18
6516,6516,15,52,390,932,0,0,0,0,0,0,0,0,18
6517,6517,16,52,406,932,0,0,0,0,0,0,0,0,18
6518,6518,17,52,422,932,0,0,0,0,0,0,0,0,18
6519,6519,18,52,438,932,0,0,0,0,0,0,0,0,18
6520,6520,19,52,454,932,0,0,0,0,0,0,0,0,18
6521,6521,20,52,470,932,0,0,0,0,0,0,0,0,18
6522,6522,21,52,486,932,0,0,0,0,0,0,0,0,18
6523,6523,22,52,502,932,0,0,0,0,0,0,0,0,18
6524,6524,23,52,518,932,0,0,0,0,0,0,0,0,18
6525,6525,24,52,534,932,0,0,0,0,0,0,0,0,18
6526,6526,25,52,550,932,0,0,0,0,0,0,0,0,18
6527,6527,26,52,566,932,0,0,0,0,0,0,0,0,18
6528,6528,27,52,582,932,0,0,0,0,0,0,0,0,18
6529,6529,28,52,598,932,0,0,0,0,0,0,0,0,18
6530,6530,29,52,614,932,0,0,0,0,0,0,0,0,18
6531,6531,30,52,630,932,0,0,0,0,0,0,0,0,18
6532,6532,31,52,646,932,0,0,0,0,0,0,0,0,18
6533,6533,32,52,662,932,0,0,0,0,0,0,0,0,18
6534,6534,33,52,678,932,0,0,0,0,0,0,0,0,18
6535,6535,34,52,694,932,0,0,0,0,0,0,0,0,18
6536,6536,35,52,710,932,0,0,0,0,0,0,0,0,18
6537,6537,36,52,726,932,0,0,0,0,0,0,0,0,18
6538,6538,37,52,742,932,0,0,0,0,0,0,0,0,18
6539,6539,38,52,758,932,0,0,0,0,0,0,0,0,18
6540,6540,39,52,774,932,0,0,0,0,0,0,0,0,18
6541,6541,40,52,790,932,0,0,0,0,0,0,0,0,18
6542,6542,41,52,806,932,0,0,0,0,0,0,0,0,18
6543,6543,42,52,822,932,0,0,0,0,0,0,0,0,18
6544,6544,43,52,838,932,0,0,0,0,0,0,0,0,18
6545,6545,44,52,854,932,0,0,0,0,0,0,0,0,18
6546,6546,45,52,870,932,0,0,0,0,0,0,0,0,18
6547,6547,46,52,886,932,0,0,0,0,0,0,0,0,18
6548,6548,47,52,902,932,0,0,0,0,0,0,0,0,18
6549,6549,48,52,918,932,0,0,0,0,0,0,0,0,18
6550,6550,49,52,934,932,0,0,0,0,0,0,0,0,2
6551,6551,50,52,950,932,0,0,0,0,0,0,0,0,2
6552,6552,51,52,966,932,0,0,0,0,0,0,0,0,2
6553,6553,52,52,982,932,0,0,0,0,0,0,0,0,2
6554,6554,53,52,998,932,0,0,0,0,0,0,0,0,2
6555,6555,54,52,1014,932,0,0,0,0,0,0,0,0,2
6556,6556,55,52,1030,932,0,0,0,0,0,0,0,0,2
6557,6557,56,52,1046,932,0,0,0,0,0,0,0,0,2
6558,6558,57,52,1062,932,0,0,0,0,0,0,0,0,2
6559,6559,58,52,1078,932,0,0,0,0,0,0,0,0,2
6560,6560,59,52,1094,932,0,0,0,0,0,0,0,0,2
6561,6561,60,52,1110,932,0,0,0,0,0,0,0,0,2
6562,6562,61,52,1126,932,0,0,0,0,0,0,0,0,2
6563,6563,62,52,1142,932,0,0,0,0,0,0,0,0,2
6564,6564,63,52,1158,932,0,0,0,0,0,0,0,0,2
6565,6565,64,52,1174,932,0,0,0,0,0,0,0,0,20
6566,6566,65,52,1190,932,0,0,0,0,0,0,0,0,20
6567,6567,66,52,1206,932,0,0,0,0,0,0,0,0,20
6568,6568,67,52,1222,932,0,0,0,0,0,0,0,0,20
6569,6569,68,52,1238,932,0,0,0,0,0,0,0,0,20
6570,6570,69,52,1254,932,0,0,0,0,0,0,0,0,20
6571,6571,70,52,1270,932,0,0,0,0,0,0,0,0,20
6572,6572,71,52,1286,932,0,0,0,0,0,0,0,0,20
6573,6573,72,52,1302,932,0,0,0,0,0,0,0,0,20
6574,6574,73,52,1318,932,0,0,0,0,0,0,0,0,20
6575,6575,74,52,1334,932,0,0,0,0,0,0,0,0,20
6576,6576,75,52,1350,932,0,0,0,0,0,0,0,0,20
6577,6577,76,52,1366,932,0,0,0,0,0,0,0,0,20
6578,6578,77,52,1382,932,0,0,0,0,0,0,0,0,20
6579,6579,78,52,1398,932,0,0,0,0,0,0,0,0,20
6580,6580,79,52,1414,932,0,0,0,0,0,0,0,0,20
6581,6581,80,52,1430,932,0,0,0,0,0,0,0,0,20
6582,6582,81,52,1446,932,0,0,0,0,0,0,0,0,20
6583,6583,82,52,1462,932,0,0,0,0,0,0,0,0,20
6584,6584,83,52,1478,932,0,0,0,0,0,0,0,0,20
6585,6585,84,52,1494,932,0,0,0,0,0,0,0,0,20
6586,6586,85,52,1510,932,0,0,0,0,0,0,0,0,21
6587,6587,86,52,1526,932,0,0,0,0,0,0,0,0,21
6588,6588,87,52,1542,932,0,0,0,0,0,0,0,0,21
6589,6589,88,52,1558,932,0,0,0,0,0,0,0,0,21
6590,6590,89,52,1574,932,0,0,0,0,0,0,0,0,21
6591,6591,90,52,1590,932,0,0,0,0,0,0,0,0,21
6592,6592,91,52,1606,932,0,0,0,0,0,0,0,0,21
6593,6593,92,52,1622,932,0,0,0,0,0,0,0,0,21
6594,6594,93,52,1638,932,0,0,0,0,0,0,0,0,17
6595,6595,94,52,1654,932,0,0,0,0,0,0,0,0,17
6596,6596,95,52,1670,932,0,0,0,0,0,0,0,0,17
6597,6597,96,52,1686,932,0,0,0,0,0,0,0,0,17
6598,6598,97,52,1702,932,0,0,0,0,0,0,0,0,17
6599,6599,98,52,1718,932,0,0,0,0,0,0,0,0,17
6600,6600,99,52,1734,932,0,0,0,0,0,0,0,0,17
6601,6601,100,52,1750,932,0,0,0,0,0,0,0,0,14
6602,6602,101,52,1766,932,0,0,0,0,0,0,0,0,14
6603,6603,102,52,1782,932,0,0,0,0,0,0,0,0,14
6604,6604,103,52,1798,932,0,0,0,0,0,0,0,0,14
6605,6605,104,52,1814,932,0,0,0,0,0,0,0,0,14
6606,6606,105,52,1830,932,0,0,0,0,0,0,0,0,14
6607,6607,106,52,1846,932,0,0,0,0,0,0,0,0,14
6608,6608,107,52,1862,932,0,0,0,0,0,0,0,0,14
6609,6609,108,52,1878,932,0,0,0,0,0,0,0,0,14
6610,6610,109,52,1894,932,0,0,0,0,0,0,0,0,14
6611,6611,110,52,1910,932,0,0,0,0,0,0,0,0,14
6612,6612,111,52,1926,932,0,0,0,0,0,0,0,0,14
6613,6613,112,52,1942,932,0,0,0,0,0,0,0,0,14
6614,6614,113,52,1958,932,0,0,0,0,0,0,0,0,14
6615,6615,114,52,1974,932,0,0,0,0,0,0,0,0,14
6616,6616,115,52,1990,932,0,0,0,0,0,0,0,0,14
6617,6617,116,52,2006,932,0,0,0,0,0,0,0,0,14
6618,6618,117,52,2022,932,0,0,0,0,0,0,0,0,14
6619,6619,118,52,2038,932,0,0,0,0,0,0,0,0,14
6620,6620,119,52,2054,932,0,0,0,0,0,0,0,0,14
6621,6621,120,52,2070,932,0,0,0,0,0,0,0,0,14
6622,6622,121,52,2086,932,0,0,0,0,0,0,0,0,14
6623,6623,122,52,2102,932,0,0,0,0,0,0,0,0,14
6624,6624,123,52,2118,932,0,0,0,0,0,0,0,0,14
6625,6625,124,52,2134,932,0,0,0,0,0,0,0,0,19
6626,6626,0,53,150,948,0,0,0,0,0,0,0,0,19
6627,6627,1,53,166,948,0,0,0,0,0,0,0,0,19
6628,6628,2,53,182,948,0,0,0,0,0,0,0,0,19
6629,6629,3,53,198,948,0,0,0,0,0,0,0,0,19
6630,6630,4,53,214,948,0,0,0,0,0,0,0,0,19
6631,6631,5,53,230,948,0,0,0,0,0,0,0,0,19
6632,6632,6,53,246,948,0,0,0,0,0,0,0,0,19
6633,6633,7,53,262,948,0,0,0,0,0,0,0,0,19
6634,6634,8,53,278,948,0,0,0,0,0,0,0,0,19
6635,6635,9,53,294,948,0,0,0,0,0,0,0,0,19
6636,6636,10,53,310,948,0,0,0,0,0,0,0,0,19
6637,6637,11,53,326,948,0,0,0,0,0,0,0,0,19
6638,6638,12,53,342,948,0,0,0,0,0,0,0,0,19
6639,6639,13,53,358,948,0,0,0,0,0,0,0,0,19
6640,6640,14,53,374,948,0,0,0,0,0,0,0,0,19
6641,6641,15,53,390,948,0,0,0,0,0,0,0,0,19
6642,6642,16,53,406,948,0,0,0,0,0,0,0,0,18
6643,6643,17,53,422,948,0,0,0,0,0,0,0,0,18
6644,6644,18,53,438,948,0,0,0,0,0,0,0,0,18
6645,6645,19,53,454,948,0,0,0,0,0,0,0,0,18
6646,6646,20,53,470,948,0,0,0,0,0,0,0,0,18
6647,6647,21,53,486,948,0,0,0,0,0,0,0,0,18
6648,6648,22,53,502,948,0,0,0,0,0,0,0,0,18
6649,6649,23,53,518,948,0,0,0,0,0,0,0,0,18
6650,6650,24,53,534,948,0,0,0,0,0,0,0,0,18
6651,6651,25,53,550,948,0,0,0,0,0,0,0,0,18
6652,6652,26,53,566,948,0,0,0,0,0,0,0,0,18
6653,6653,27,53,582,948,0,0,0,0,0,0,0,0,18
6654,6654,28,53,598,948,0,0,0,0,0,0,0,0,18
6655,6655,29,53,614,948,0,0,0,0,0,0,0,0,18
6656,6656,30,53,630,948,0,0,0,0,0,0,0,0,18
6657,6657,31,53,646,948,0,0,0,0,0,0,0,0,18
6658,6658,32,53,662,948,0,0,0,0,0,0,0,0,18
6659,6659,33,53,678,948,0,0,0,0,0,0,0,0,18
6660,6660,34,53,694,948,0,0,0,0,0,0,0,0,18
6661,6661,35,53,710,948,0,0,0,0,0,0,0,0,18
6662,6662,36,53,726,948,0,0,0,0,0,0,0,0,18
6663,6663,37,53,742,948,0,0,0,0,0,0,0,0,18
6664,6664,38,53,758,948,0,0,0,0,0,0,0,0,18
6665,6665,39,53,774,948,0,0,0,0,0,0,0,0,18
6666,6666,40,53,790,948,0,0,0,0,0,0,0,0,18
6667,6667,41,53,806,948,0,0,0,0,0,0,0,0,18
6668,6668,42,53,822,948,0,0,0,0,0,0,0,0,18
6669,6669,43,53,838,948,0,0,0,0,0,0,0,0,18
6670,6670,44,53,854,948,0,0,0,0,0,0,0,0,18
6671,6671,45,53,870,948,0,0,0,0,0,0,0,0,18
6672,6672,46,53,886,948,0,0,0,0,0,0,0,0,18
6673,6673,47,53,902,948,0,0,0,0,0,0,0,0,18
6674,6674,48,53,918,948,0,0,0,0,0,0,0,0,18
6675,6675,49,53,934,948,0,0,0,0,0,0,0,0,18
6676,6676,50,53,950,948,0,0,0,0,0,0,0,0,2
6677,6677,51,53,966,948,0,0,0,0,0,0,0,0,2
6678,6678,52,53,982,948,0,0,0,0,0,0,0,0,2
6679,6679,53,53,998,948,0,0,0,0,0,0,0,0,2
6680,6680,54,53,1014,948,0,0,0,0,0,0,0,0,2
6681,6681,55,53,1030,948,0,0,0,0,0,0,0,0,2
6682,6682,56,53,1046,948,0,0,0,0,0,0,0,0,2
6683,6683,57,53,1062,948,0,0,0,0,0,0,0,0,2
6684,6684,58,53,1078,948,0,0,0,0,0,0,0,0,2
6685,6685,59,53,1094,948,0,0,0,0,0,0,0,0,2
6686,6686,60,53,1110,948,0,0,0,0,0,0,0,0,2
6687,6687,61,53,1126,948,0,0,0,0,0,0,0,0,2
6688,6688,62,53,1142,948,0,0,0,0,0,0,0,0,20
6689,6689,63,53,1158,948,0,0,0,0,0,0,0,0,20
6690,6690,64,53,1174,948,0,0,0,0,0,0,0,0,20
6691,6691,65,53,1190,948,0,0,0,0,0,0,0,0,20
6692,6692,66,53,1206,948,0,0,0,0,0,0,0,0,20
6693,6693,67,53,1222,948,0,0,0,0,0,0,0,0,20
6694,6694,68,53,1238,948,0,0,0,0,0,0,0,0,20
6695,6695,69,53,1254,948,0,0,0,0,0,0,0,0,20
6696,6696,70,53,1270,948,0,0,0,0,0,0,0,0,20
6697,6697,71,53,1286,948,0,0,0,0,0,0,0,0,20
6698,6698,72,53,1302,948,0,0,0,0,0,0,0,0,20
6699,6699,73,53,1318,948,0,0,0,0,0,0,0,0,20
6700,6700,74,53,1334,948,0,0,0,0,0,0,0,0,20
6701,6701,75,53,1350,948,0,0,0,0,0,0,0,0,20
6702,6702,76,53,1366,948,0,0,0,0,0,0,0,0,20
6703,6703,77,53,1382,948,0,0,0,0,0,0,0,0,20
6704,6704,78,53,1398,948,0,0,0,0,0,0,0,0,20
6705,6705,79,53,1414,948,0,0,0,0,0,0,0,0,20
6706,6706,80,53,1430,948,0,0,0,0,0,0,0,0,20
6707,6707,81,53,1446,948,0,0,0,0,0,0,0,0,20
6708,6708,82,53,1462,948,0,0,0,0,0,0,0,0,20
6709,6709,83,53,1478,948,0,0,0,0,0,0,0,0,20
6710,6710,84,53,1494,948,0,0,0,0,0,0,0,0,21
6711,6711,85,53,1510,948,0,0,0,0,0,0,0,0,21
6712,6712,86,53,1526,948,0,0,0,0,0,0,0,0,21
6713,6713,87,53,1542,948,0,0,0,0,0,0,0,0,21
6714,6714,88,53,1558,948,0,0,0,0,0,0,0,0,21
6715,6715,89,53,1574,948,0,0,0,0,0,0,0,0,21
6716,6716,90,53,1590,948,0,0,0,0,0,0,0,0,21
6717,6717,91,53,1606,948,0,0,0,0,0,0,0,0,21
6718,6718,92,53,1622,948,0,0,0,0,0,0,0,0,21
6719,6719,93,53,1638,948,0,0,0,0,0,0,0,0,17
6720,6720,94,53,1654,948,0,0,0,0,0,0,0,0,17
6721,6721,95,53,1670,948,0,0,0,0,0,0,0,0,17
6722,6722,96,53,1686,948,0,0,0,0,0,0,0,0,17
6723,6723,97,53,1702,948,0,0,0,0,0,0,0,0,17
6724,6724,98,53,1718,948,0,0,0,0,0,0,0,0,17
6725,6725,99,53,1734,948,0,0,0,0,0,0,0,0,17
6726,6726,100,53,1750,948,0,0,0,0,0,0,0,0,14
6727,6727,101,53,1766,948,0,0,0,0,0,0,0,0,14
6728,6728,102,53,1782,948,0,0,0,0,0,0,0,0,14
6729,6729,103,53,1798,948,0,0,0,0,0,0,0,0,14
6730,6730,104,53,1814,948,0,0,0,0,0,0,0,0,14
6731,6731,105,53,1830,948,0,0,0,0,0,0,0,0,14
6732,6732,106,53,1846,948,0,0,0,0,0,0,0,0,14
6733,6733,107,53,1862,948,0,0,0,0,0,0,0,0,14
6734,6734,108,53,1878,948,0,0,0,0,0,0,0,0,14
6735,6735,109,53,1894,948,0,0,0,0,0,0,0,0,14
6736,6736,110,53,1910,948,0,0,0,0,0,0,0,0,14
6737,6737,111,53,1926,948,0,0,0,0,0,0,0,0,14
6738,6738,112,53,1942,948,0,0,0,0,0,0,0,0,14
6739,6739,113,53,1958,948,0,0,0,0,0,0,0,0,14
6740,6740,114,53,1974,948,0,0,0,0,0,0,0,0,14
6741,6741,115,53,1990,948,0,0,0,0,0,0,0,0,14
6742,6742,116,53,2006,948,0,0,0,0,0,0,0,0,14
6743,6743,117,53,2022,948,0,0,0,0,0,0,0,0,14
6744,6744,118,53,2038,948,0,0,0,0,0,0,0,0,14
6745,6745,119,53,2054,948,0,0,0,0,0,0,0,0,14
6746,6746,120,53,2070,948,0,0,0,0,0,0,0,0,14
6747,6747,121,53,2086,948,0,0,0,0,0,0,0,0,14
6748,6748,122,53,2102,948,0,0,0,0,0,0,0,0,14
6749,6749,123,53,2118,948,0,0,0,0,0,0,0,0,14
6750,6750,124,53,2134,948,0,0,0,0,0,0,0,0,19
6751,6751,0,54,150,964,0,0,0,0,0,0,0,0,19
6752,6752,1,54,166,964,0,0,0,0,0,0,0,0,19
6753,6753,2,54,182,964,0,0,0,0,0,0,0,0,19
6754,6754,3,54,198,964,0,0,0,0,0,0,0,0,19
6755,6755,4,54,214,964,0,0,0,0,0,0,0,0,19
6756,6756,5,54,230,964,0,0,0,0,0,0,0,0,19
6757,6757,6,54,246,964,0,0,0,0,0,0,0,0,19
6758,6758,7,54,262,964,0,0,0,0,0,0,0,0,19
6759,6759,8,54,278,964,0,0,0,0,0,0,0,0,19
6760,6760,9,54,294,964,0,0,0,0,0,0,0,0,19
6761,6761,10,54,310,964,0,0,0,0,0,0,0,0,19
6762,6762,11,54,326,964,0,0,0,0,0,0,0,0,19
6763,6763,12,54,342,964,0,0,0,0,0,0,0,0,19
6764,6764,13,54,358,964,0,0,0,0,0,0,0,0,19
6765,6765,14,54,374,964,0,0,0,0,0,0,0,0,19
6766,6766,15,54,390,964,0,0,0,0,0,0,0,0,19
6767,6767,16,54,406,964,0,0,0,0,0,0,0,0,19
6768,6768,17,54,422,964,0,0,0,0,0,0,0,0,19
6769,6769,18,54,438,964,0,0,0,0,0,0,0,0,19
6770,6770,19,54,454,964,0,0,0,0,0,0,0,0,19
6771,6771,20,54,470,964,0,0,0,0,0,0,0,0,18
6772,6772,21,54,486,964,0,0,0,0,0,0,0,0,18
6773,6773,22,54,502,964,0,0,0,0,0,0,0,0,18
6774,6774,23,54,518,964,0,0,0,0,0,0,0,0,18
6775,6775,24,54,534,964,0,0,0,0,0,0,0,0,18
6776,6776,25,54,550,964,0,0,0,0,0,0,0,0,18
6777,6777,26,54,566,964,0,0,0,0,0,0,0,0,18
6778,6778,27,54,582,964,0,0,0,0,0,0,0,0,18
6779,6779,28,54,598,964,0,0,0,0,0,0,0,0,18
6780,6780,29,54,614,964,0,0,0,0,0,0,0,0,18
6781,6781,30,54,630,964,0,0,0,0,0,0,0,0,18
6782,6782,31,54,646,964,0,0,0,0,0,0,0,0,18
6783,6783,32,54,662,964,0,0,0,0,0,0,0,0,18
6784,6784,33,54,678,964,0,0,0,0,0,0,0,0,18
6785,6785,34,54,694,964,0,0,0,0,0,0,0,0,18
6786,6786,35,54,710,964,0,0,0,0,0,0,0,0,18
6787,6787,36,54,726,964,0,0,0,0,0,0,0,0,18
6788,6788,37,54,742,964,0,0,0,0,0,0,0,0,18
6789,6789,38,54,758,964,0,0,0,0,0,0,0,0,18
6790,6790,39,54,774,964,0,0,0,0,0,0,0,0,18
6791,6791,40,54,790,964,0,0,0,0,0,0,0,0,18
6792,6792,41,54,806,964,0,0,0,0,0,0,0,0,18
6793,6793,42,54,822,964,0,0,0,0,0,0,0,0,18
6794,6794,43,54,838,964,0,0,0,0,0,0,0,0,18
6795,6795,44,54,854,964,0,0,0,0,0,0,0,0,18
6796,6796,45,54,870,964,0,0,0,0,0,0,0,0,18
6797,6797,46,54,886,964,0,0,0,0,0,0,0,0,18
6798,6798,47,54,902,964,0,0,0,0,0,0,0,0,18
6799,6799,48,54,918,964,0,0,0,0,0,0,0,0,18
6800,6800,49,54,934,964,0,0,0,0,0,0,0,0,18
6801,6801,50,54,950,964,0,0,0,0,0,0,0,0,18
6802,6802,51,54,966,964,0,0,0,0,0,0,0,0,18
6803,6803,52,54,982,964,0,0,0,0,0,0,0,0,2
6804,6804,53,54,998,964,0,0,0,0,0,0,0,0,2
6805,6805,54,54,1014,964,0,0,0,0,0,0,0,0,2
6806,6806,55,54,1030,964,0,0,0,0,0,0,0,0,2
6807,6807,56,54,1046,964,0,0,0,0,0,0,0,0,2
6808,6808,57,54,1062,964,0,0,0,0,0,0,0,0,2
6809,6809,58,54,1078,964,0,0,0,0,0,0,0,0,2
6810,6810,59,54,1094,964,0,0,0,0,0,0,0,0,20
6811,6811,60,54,1110,964,0,0,0,0,0,0,0,0,20
6812,6812,61,54,1126,964,0,0,0,0,0,0,0,0,20
6813,6813,62,54,1142,964,0,0,0,0,0,0,0,0,20
6814,6814,63,54,1158,964,0,0,0,0,0,0,0,0,20
6815,6815,64,54,1174,964,0,0,0,0,0,0,0,0,20
6816,6816,65,54,1190,964,0,0,0,0,0,0,0,0,20
6817,6817,66,54,1206,964,0,0,0,0,0,0,0,0,20
6818,6818,67,54,1222,964,0,0,0,0,0,0,0,0,20
6819,6819,68,54,1238,964,0,0,0,0,0,0,0,0,20
6820,6820,69,54,1254,964,0,0,0,0,0,0,0,0,20
6821,6821,70,54,1270,964,0,0,0,0,0,0,0,0,20
6822,6822,71,54,1286,964,0,0,0,0,0,0,0,0,20
6823,6823,72,54,1302,964,0,0,0,0,0,0,0,0,20
6824,6824,73,54,1318,964,0,0,0,0,0,0,0,0,20
6825,6825,74,54,1334,964,0,0,0,0,0,0,0,0,20
6826,6826,75,54,1350,964,0,0,0,0,0,0,0,0,20
6827,6827,76,54,1366,964,0,0,0,0,0,0,0,0,20
6828,6828,77,54,1382,964,0,0,0,0,0,0,0,0,20
6829,6829,78,54,1398,964,0,0,0,0,0,0,0,0,20
6830,6830,79,54,1414,964,0,0,0,0,0,0,0,0,20
6831,6831,80,54,1430,964,0,0,0,0,0,0,0,0,20
6832,6832,81,54,1446,964,0,0,0,0,0,0,0,0,20
6833,6833,82,54,1462,964,0,0,0,0,0,0,0,0,20
6834,6834,83,54,1478,964,0,0,0,0,0,0,0,0,20
6835,6835,84,54,1494,964,0,0,0,0,0,0,0,0,21
6836,6836,85,54,1510,964,0,0,0,0,0,0,0,0,21
6837,6837,86,54,1526,964,0,0,0,0,0,0,0,0,21
6838,6838,87,54,1542,964,0,0,0,0,0,0,0,0,21
6839,6839,88,54,1558,964,0,0,0,0,0,0,0,0,21
6840,6840,89,54,1574,964,0,0,0,0,0,0,0,0,21
6841,6841,90,54,1590,964,0,0,0,0,0,0,0,0,21
6842,6842,91,54,1606,964,0,0,0,0,0,0,0,0,21
6843,6843,92,54,1622,964,0,0,0,0,0,0,0,0,21
6844,6844,93,54,1638,964,0,0,0,0,0,0,0,0,17
6845,6845,94,54,1654,964,0,0,0,0,0,0,0,0,17
6846,6846,95,54,1670,964,0,0,0,0,0,0,0,0,17
6847,6847,96,54,1686,964,0,0,0,0,0,0,0,0,17
6848,6848,97,54,1702,964,0,0,0,0,0,0,0,0,17
6849,6849,98,54,1718,964,0,0,0,0,0,0,0,0,17
6850,6850,99,54,1734,964,0,0,0,0,0,0,0,0,17
6851,6851,100,54,1750,964,0,0,0,0,0,0,0,0,14
6852,6852,101,54,1766,964,0,0,0,0,0,0,0,0,14
6853,6853,102,54,1782,964,0,0,0,0,0,0,0,0,14
6854,6854,103,54,1798,964,0,0,0,0,0,0,0,0,14
6855,6855,104,54,1814,964,0,0,0,0,0,0,0,0,14
6856,6856,105,54,1830,964,0,0,0,0,0,0,0,0,14
6857,6857,106,54,1846,964,0,0,0,0,0,0,0,0,14
6858,6858,107,54,1862,964,0,0,0,0,0,0,0,0,14
6859,6859,108,54,1878,964,0,0,0,0,0,0,0,0,14
6860,6860,109,54,1894,964,0,0,0,0,0,0,0,0,14
6861,6861,110,54,1910,964,0,0,0,0,0,0,0,0,14
6862,6862,111,54,1926,964,0,0,0,0,0,0,0,0,14
6863,6863,112,54,1942,964,0,0,0,0,0,0,0,0,14
6864,6864,113,54,1958,964,0,0,0,0,0,0,0,0,14
6865,6865,114,54,1974,964,0,0,0,0,0,0,0,0,14
6866,6866,115,54,1990,964,0,0,0,0,0,0,0,0,14
6867,6867,116,54,2006,964,0,0,0,0,0,0,0,0,14
6868,6868,117,54,2022,964,0,0,0,0,0,0,0,0,14
6869,6869,118,54,2038,964,0,0,0,0,0,0,0,0,14
6870,6870,119,54,2054,964,0,0,0,0,0,0,0,0,14
6871,6871,120,54,2070,964,0,0,0,0,0,0,0,0,14
6872,6872,121,54,2086,964,0,0,0,0,0,0,0,0,14
6873,6873,122,54,2102,964,0,0,0,0,0,0,0,0,14
6874,6874,123,54,2118,964,0,0,0,0,0,0,0,0,14
6875,6875,124,54,2134,964,0,0,0,0,0,0,0,0,19
6876,6876,0,55,150,980,0,0,0,0,0,0,0,0,19
6877,6877,1,55,166,980,0,0,0,0,0,0,0,0,19
6878,6878,2,55,182,980,0,0,0,0,0,0,0,0,19
6879,6879,3,55,198,980,0,0,0,0,0,0,0,0,19
6880,6880,4,55,214,980,0,0,0,0,0,0,0,0,19
6881,6881,5,55,230,980,0,0,0,0,0,0,0,0,19
6882,6882,6,55,246,980,0,0,0,0,0,0,0,0,19
6883,6883,7,55,262,980,0,0,0,0,0,0,0,0,19
6884,6884,8,55,278,980,0,0,0,0,0,0,0,0,19
6885,6885,9,55,294,980,0,0,0,0,0,0,0,0,19
6886,6886,10,55,310,980,0,0,0,0,0,0,0,0,19
6887,6887,11,55,326,980,0,0,0,0,0,0,0,0,19
6888,6888,12,55,342,980,0,0,0,0,0,0,0,0,19
6889,6889,13,55,358,980,0,0,0,0,0,0,0,0,19
6890,6890,14,55,374,980,0,0,0,0,0,0,0,0,19
6891,6891,15,55,390,980,0,0,0,0,0,0,0,0,19
6892,6892,16,55,406,980,0,0,0,0,0,0,0,0,19
6893,6893,17,55,422,980,0,0,0,0,0,0,0,0,19
6894,6894,18,55,438,980,0,0,0,0,0,0,0,0,19
6895,6895,19,55,454,980,0,0,0,0,0,0,0,0,19
6896,6896,20,55,470,980,0,0,0,0,0,0,0,0,19
6897,6897,21,55,486,980,0,0,0,0,0,0,0,0,19
6898,6898,22,55,502,980,0,0,0,0,0,0,0,0,19
6899,6899,23,55,518,980,0,0,0,0,0,0,0,0,19
6900,6900,24,55,534,980,0,0,0,0,0,0,0,0,19
6901,6901,25,55,550,980,0,0,0,0,0,0,0,0,18
6902,6902,26,55,566,980,0,0,0,0,0,0,0,0,18
6903,6903,27,55,582,980,0,0,0,0,0,0,0,0,18
6904,6904,28,55,598,980,0,0,0,0,0,0,0,0,18
6905,6905,29,55,614,980,0,0,0,0,0,0,0,0,18
6906,6906,30,55,630,980,0,0,0,0,0,0,0,0,18
6907,6907,31,55,646,980,0,0,0,0,0,0,0,0,18
6908,6908,32,55,662,980,0,0,0,0,0,0,0,0,18
6909,6909,33,55,678,980,0,0,0,0,0,0,0,0,18
6910,6910,34,55,694,980,0,0,0,0,0,0,0,0,18
6911,6911,35,55,710,980,0,0,0,0,0,0,0,0,18
6912,6912,36,55,726,980,0,0,0,0,0,0,0,0,18
6913,6913,37,55,742,980,0,0,0,0,0,0,0,0,18
6914,6914,38,55,758,980,0,0,0,0,0,0,0,0,18
6915,6915,39,55,774,980,0,0,0,0,0,0,0,0,18
6916,6916,40,55,790,980,0,0,0,0,0,0,0,0,18
6917,6917,41,55,806,980,0,0,0,0,0,0,0,0,18
6918,6918,42,55,822,980,0,0,0,0,0,0,0,0,18
6919,6919,43,55,838,980,0,0,0,0,0,0,0,0,18
6920,6920,44,55,854,980,0,0,0,0,0,0,0,0,18
6921,6921,45,55,870,980,0,0,0,0,0,0,0,0,18
6922,6922,46,55,886,980,0,0,0,0,0,0,0,0,18
6923,6923,47,55,902,980,0,0,0,0,0,0,0,0,18
6924,6924,48,55,918,980,0,0,0,0,0,0,0,0,18
6925,6925,49,55,934,980,0,0,0,0,0,0,0,0,18
6926,6926,50,55,950,980,0,0,0,0,0,0,0,0,18
6927,6927,51,55,966,980,0,0,0,0,0,0,0,0,18
6928,6928,52,55,982,980,0,0,0,0,0,0,0,0,18
6929,6929,53,55,998,980,0,0,0,0,0,0,0,0,2
6930,6930,54,55,1014,980,0,0,0,0,0,0,0,0,2
6931,6931,55,55,1030,980,0,0,0,0,0,0,0,0,2
6932,6932,56,55,1046,980,0,0,0,0,0,0,0,0,20
6933,6933,57,55,1062,980,0,0,0,0,0,0,0,0,20
6934,6934,58,55,1078,980,0,0,0,0,0,0,0,0,20
6935,6935,59,55,1094,980,0,0,0,0,0,0,0,0,20
6936,6936,60,55,1110,980,0,0,0,0,0,0,0,0,20
6937,6937,61,55,1126,980,0,0,0,0,0,0,0,0,20
6938,6938,62,55,1142,980,0,0,0,0,0,0,0,0,20
6939,6939,63,55,1158,980,0,0,0,0,0,0,0,0,20
6940,6940,64,55,1174,980,0,0,0,0,0,0,0,0,20
6941,6941,65,55,1190,980,0,0,0,0,0,0,0,0,20
6942,6942,66,55,1206,980,0,0,0,0,0,0,0,0,20
6943,6943,67,55,1222,980,0,0,0,0,0,0,0,0,20
6944,6944,68,55,1238,980,0,0,0,0,0,0,0,0,20
6945,6945,69,55,1254,980,0,0,0,0,0,0,0,0,20
6946,6946,70,55,1270,980,0,0,0,0,0,0,0,0,20
6947,6947,71,55,1286,980,0,0,0,0,0,0,0,0,20
6948,6948,72,55,1302,980,0,0,0,0,0,0,0,0,20
6949,6949,73,55,1318,980,0,0,0,0,0,0,0,0,20
6950,6950,74,55,1334,980,0,0,0,0,0,0,0,0,20
6951,6951,75,55,1350,980,0,0,0,0,0,0,0,0,20
6952,6952,76,55,1366,980,0,0,0,0,0,0,0,0,20
6953,6953,77,55,1382,980,0,0,0,0,0,0,0,0,20
6954,6954,78,55,1398,980,0,0,0,0,0,0,0,0,20
6955,6955,79,55,1414,980,0,0,0,0,0,0,0,0,20
6956,6956,80,55,1430,980,0,0,0,0,0,0,0,0,20
6957,6957,81,55,1446,980,0,0,0,0,0,0,0,0,20
6958,6958,82,55,1462,980,0,0,0,0,0,0,0,0,20
6959,6959,83,55,1478,980,0,0,0,0,0,0,0,0,21
6960,6960,84,55,1494,980,0,0,0,0,0,0,0,0,21
6961,6961,85,55,1510,980,0,0,0,0,0,0,0,0,21
6962,6962,86,55,1526,980,0,0,0,0,0,0,0,0,21
6963,6963,87,55,1542,980,0,0,0,0,0,0,0,0,21
6964,6964,88,55,1558,980,0,0,0,0,0,0,0,0,21
6965,6965,89,55,1574,980,0,0,0,0,0,0,0,0,21
6966,6966,90,55,1590,980,0,0,0,0,0,0,0,0,21
6967,6967,91,55,1606,980,0,0,0,0,0,0,0,0,21
6968,6968,92,55,1622,980,0,0,0,0,0,0,0,0,21
6969,6969,93,55,1638,980,0,0,0,0,0,0,0,0,17
6970,6970,94,55,1654,980,0,0,0,0,0,0,0,0,17
6971,6971,95,55,1670,980,0,0,0,0,0,0,0,0,17
6972,6972,96,55,1686,980,0,0,0,0,0,0,0,0,17
6973,6973,97,55,1702,980,0,0,0,0,0,0,0,0,17
6974,6974,98,55,1718,980,0,0,0,0,0,0,0,0,17
6975,6975,99,55,1734,980,0,0,0,0,0,0,0,0,17
6976,6976,100,55,1750,980,0,0,0,0,0,0,0,0,14
6977,6977,101,55,1766,980,0,0,0,0,0,0,0,0,14
6978,6978,102,55,1782,980,0,0,0,0,0,0,0,0,14
6979,6979,103,55,1798,980,0,0,0,0,0,0,0,0,14
6980,6980,104,55,1814,980,0,0,0,0,0,0,0,0,14
6981,6981,105,55,1830,980,0,0,0,0,0,0,0,0,14
6982,6982,106,55,1846,980,0,0,0,0,0,0,0,0,14
6983,6983,107,55,1862,980,0,0,0,0,0,0,0,0,14
6984,6984,108,55,1878,980,0,0,0,0,0,0,0,0,14
6985,6985,109,55,1894,980,0,0,0,0,0,0,0,0,14
6986,6986,110,55,1910,980,0,0,0,0,0,0,0,0,14
6987,6987,111,55,1926,980,0,0,0,0,0,0,0,0,14
6988,6988,112,55,1942,980,0,0,0,0,0,0,0,0,14
6989,6989,113,55,1958,980,0,0,0,0,0,0,0,0,14
6990,6990,114,55,1974,980,0,0,0,0,0,0,0,0,14
6991,6991,115,55,1990,980,0,0,0,0,0,0,0,0,14
6992,6992,116,55,2006,980,0,0,0,0,0,0,0,0,14
6993,6993,117,55,2022,980,0,0,0,0,0,0,0,0,14
6994,6994,118,55,2038,980,0,0,0,0,0,0,0,0,14
6995,6995,119,55,2054,980,0,0,0,0,0,0,0,0,14
6996,6996,120,55,2070,980,0,0,0,0,0,0,0,0,14
6997,6997,121,55,2086,980,0,0,0,0,0,0,0,0,14
6998,6998,122,55,2102,980,0,0,0,0,0,0,0,0,14
6999,6999,123,55,2118,980,0,0,0,0,0,0,0,0,14
7000,7000,124,55,2134,980,0,0,0,0,0,0,0,0,19
7001,7001,0,56,150,996,0,0,0,0,0,0,0,0,19
7002,7002,1,56,166,996,0,0,0,0,0,0,0,0,19
7003,7003,2,56,182,996,0,0,0,0,0,0,0,0,19
7004,7004,3,56,198,996,0,0,0,0,0,0,0,0,19
7005,7005,4,56,214,996,0,0,0,0,0,0,0,0,19
7006,7006,5,56,230,996,0,0,0,0,0,0,0,0,19
7007,7007,6,56,246,996,0,0,0,0,0,0,0,0,19
7008,7008,7,56,262,996,0,0,0,0,0,0,0,0,19
7009,7009,8,56,278,996,0,0,0,0,0,0,0,0,19
7010,7010,9,56,294,996,0,0,0,0,0,0,0,0,19
7011,7011,10,56,310,996,0,0,0,0,0,0,0,0,19
7012,7012,11,56,326,996,0,0,0,0,0,0,0,0,19
7013,7013,12,56,342,996,0,0,0,0,0,0,0,0,19
7014,7014,13,56,358,996,0,0,0,0,0,0,0,0,19
7015,7015,14,56,374,996,0,0,0,0,0,0,0,0,19
7016,7016,15,56,390,996,0,0,0,0,0,0,0,0,19
7017,7017,16,56,406,996,0,0,0,0,0,0,0,0,19
7018,7018,17,56,422,996,0,0,0,0,0,0,0,0,19
7019,7019,18,56,438,996,0,0,0,0,0,0,0,0,19
7020,7020,19,56,454,996,0,0,0,0,0,0,0,0,19
7021,7021,20,56,470,996,0,0,0,0,0,0,0,0,19
7022,7022,21,56,486,996,0,0,0,0,0,0,0,0,19
7023,7023,22,56,502,996,0,0,0,0,0,0,0,0,19
7024,7024,23,56,518,996,0,0,0,0,0,0,0,0,19
7025,7025,24,56,534,996,0,0,0,0,0,0,0,0,19
7026,7026,25,56,550,996,0,0,0,0,0,0,0,0,19
7027,7027,26,56,566,996,0,0,0,0,0,0,0,0,19
7028,7028,27,56,582,996,0,0,0,0,0,0,0,0,19
7029,7029,28,56,598,996,0,0,0,0,0,0,0,0,19
7030,7030,29,56,614,996,0,0,0,0,0,0,0,0,19
7031,7031,30,56,630,996,0,0,0,0,0,0,0,0,18
7032,7032,31,56,646,996,0,0,0,0,0,0,0,0,18
7033,7033,32,56,662,996,0,0,0,0,0,0,0,0,18
7034,7034,33,56,678,996,0,0,0,0,0,0,0,0,18
7035,7035,34,56,694,996,0,0,0,0,0,0,0,0,18
7036,7036,35,56,710,996,0,0,0,0,0,0,0,0,18
7037,7037,36,56,726,996,0,0,0,0,0,0,0,0,18
7038,7038,37,56,742,996,0,0,0,0,0,0,0,0,18
7039,7039,38,56,758,996,0,0,0,0,0,0,0,0,18
7040,7040,39,56,774,996,0,0,0,0,0,0,0,0,18
7041,7041,40,56,790,996,0,0,0,0,0,0,0,0,18
7042,7042,41,56,806,996,0,0,0,0,0,0,0,0,18
7043,7043,42,56,822,996,0,0,0,0,0,0,0,0,18
7044,7044,43,56,838,996,0,0,0,0,0,0,0,0,18
7045,7045,44,56,854,996,0,0,0,0,0,0,0,0,18
7046,7046,45,56,870,996,0,0,0,0,0,0,0,0,18
7047,7047,46,56,886,996,0,0,0,0,0,0,0,0,18
7048,7048,47,56,902,996,0,0,0,0,0,0,0,0,18
7049,7049,48,56,918,996,0,0,0,0,0,0,0,0,18
7050,7050,49,56,934,996,0,0,0,0,0,0,0,0,18
7051,7051,50,56,950,996,0,0,0,0,0,0,0,0,18
7052,7052,51,56,966,996,0,0,0,0,0,0,0,0,18
7053,7053,52,56,982,996,0,0,0,0,0,0,0,0,18
7054,7054,53,56,998,996,0,0,0,0,0,0,0,0,18
7055,7055,54,56,1014,996,0,0,0,0,0,0,0,0,20
7056,7056,55,56,1030,996,0,0,0,0,0,0,0,0,20
7057,7057,56,56,1046,996,0,0,0,0,0,0,0,0,20
7058,7058,57,56,1062,996,0,0,0,0,0,0,0,0,20
7059,7059,58,56,1078,996,0,0,0,0,0,0,0,0,20
7060,7060,59,56,1094,996,0,0,0,0,0,0,0,0,20
7061,7061,60,56,1110,996,0,0,0,0,0,0,0,0,20
7062,7062,61,56,1126,996,0,0,0,0,0,0,0,0,20
7063,7063,62,56,1142,996,0,0,0,0,0,0,0,0,20
7064,7064,63,56,1158,996,0,0,0,0,0,0,0,0,20
7065,7065,64,56,1174,996,0,0,0,0,0,0,0,0,20
7066,7066,65,56,1190,996,0,0,0,0,0,0,0,0,20
7067,7067,66,56,1206,996,0,0,0,0,0,0,0,0,20
7068,7068,67,56,1222,996,0,0,0,0,0,0,0,0,20
7069,7069,68,56,1238,996,0,0,0,0,0,0,0,0,20
7070,7070,69,56,1254,996,0,0,0,0,0,0,0,0,20
7071,7071,70,56,1270,996,0,0,0,0,0,0,0,0,20
7072,7072,71,56,1286,996,0,0,0,0,0,0,0,0,20
7073,7073,72,56,1302,996,0,0,0,0,0,0,0,0,20
7074,7074,73,56,1318,996,0,0,0,0,0,0,0,0,20
7075,7075,74,56,1334,996,0,0,0,0,0,0,0,0,20
7076,7076,75,56,1350,996,0,0,0,0,0,0,0,0,20
7077,7077,76,56,1366,996,0,0,0,0,0,0,0,0,20
7078,7078,77,56,1382,996,0,0,0,0,0,0,0,0,20
7079,7079,78,56,1398,996,0,0,0,0,0,0,0,0,20
7080,7080,79,56,1414,996,0,0,0,0,0,0,0,0,20
7081,7081,80,56,1430,996,0,0,0,0,0,0,0,0,20
7082,7082,81,56,1446,996,0,0,0,0,0,0,0,0,20
7083,7083,82,56,1462,996,0,0,0,0,0,0,0,0,21
7084,7084,83,56,1478,996,0,0,0,0,0,0,0,0,21
7085,7085,84,56,1494,996,0,0,0,0,0,0,0,0,21
7086,7086,85,56,1510,996,0,0,0,0,0,0,0,0,21
7087,7087,86,56,1526,996,0,0,0,0,0,0,0,0,21
7088,7088,87,56,1542,996,0,0,0,0,0,0,0,0,21
7089,7089,88,56,1558,996,0,0,0,0,0,0,0,0,21
7090,7090,89,56,1574,996,0,0,0,0,0,0,0,0,21
7091,7091,90,56,1590,996,0,0,0,0,0,0,0,0,21
7092,7092,91,56,1606,996,0,0,0,0,0,0,0,0,21
7093,7093,92,56,1622,996,0,0,0,0,0,0,0,0,21
7094,7094,93,56,1638,996,0,0,0,0,0,0,0,0,17
7095,7095,94,56,1654,996,0,0,0,0,0,0,0,0,17
7096,7096,95,56,1670,996,0,0,0,0,0,0,0,0,17
7097,7097,96,56,1686,996,0,0,0,0,0,0,0,0,17
7098,7098,97,56,1702,996,0,0,0,0,0,0,0,0,17
7099,7099,98,56,1718,996,0,0,0,0,0,0,0,0,17
7100,7100,99,56,1734,996,0,0,0,0,0,0,0,0,17
7101,7101,100,56,1750,996,0,0,0,0,0,0,0,0,14
7102,7102,101,56,1766,996,0,0,0,0,0,0,0,0,14
7103,7103,102,56,1782,996,0,0,0,0,0,0,0,0,14
7104,7104,103,56,1798,996,0,0,0,0,0,0,0,0,14
7105,7105,104,56,1814,996,0,0,0,0,0,0,0,0,14
7106,7106,105,56,1830,996,0,0,0,0,0,0,0,0,14
7107,7107,106,56,1846,996,0,0,0,0,0,0,0,0,14
7108,7108,107,56,1862,996,0,0,0,0,0,0,0,0,14
7109,7109,108,56,1878,996,0,0,0,0,0,0,0,0,14
7110,7110,109,56,1894,996,0,0,0,0,0,0,0,0,14
7111,7111,110,56,1910,996,0,0,0,0,0,0,0,0,14
7112,7112,111,56,1926,996,0,0,0,0,0,0,0,0,14
7113,7113,112,56,1942,996,0,0,0,0,0,0,0,0,14
7114,7114,113,56,1958,996,0,0,0,0,0,0,0,0,14
7115,7115,114,56,1974,996,0,0,0,0,0,0,0,0,14
7116,7116,115,56,1990,996,0,0,0,0,0,0,0,0,14
7117,7117,116,56,2006,996,0,0,0,0,0,0,0,0,14
7118,7118,117,56,2022,996,0,0,0,0,0,0,0,0,14
7119,7119,118,56,2038,996,0,0,0,0,0,0,0,0,14
7120,7120,119,56,2054,996,0,0,0,0,0,0,0,0,14
7121,7121,120,56,2070,996,0,0,0,0,0,0,0,0,14
7122,7122,121,56,2086,996,0,0,0,0,0,0,0,0,14
7123,7123,122,56,2102,996,0,0,0,0,0,0,0,0,14
7124,7124,123,56,2118,996,0,0,0,0,0,0,0,0,14
7125,7125,124,56,2134,996,0,0,0,0,0,0,0,0,19
7126,7126,0,57,150,1012,0,0,0,0,0,0,0,0,19
7127,7127,1,57,166,1012,0,0,0,0,0,0,0,0,19
7128,7128,2,57,182,1012,0,0,0,0,0,0,0,0,19
7129,7129,3,57,198,1012,0,0,0,0,0,0,0,0,19
7130,7130,4,57,214,1012,0,0,0,0,0,0,0,0,19
7131,7131,5,57,230,1012,0,0,0,0,0,0,0,0,19
7132,7132,6,57,246,1012,0,0,0,0,0,0,0,0,19
7133,7133,7,57,262,1012,0,0,0,0,0,0,0,0,19
7134,7134,8,57,278,1012,0,0,0,0,0,0,0,0,19
7135,7135,9,57,294,1012,0,0,0,0,0,0,0,0,19
7136,7136,10,57,310,1012,0,0,0,0,0,0,0,0,19
7137,7137,11,57,326,1012,0,0,0,0,0,0,0,0,19
7138,7138,12,57,342,1012,0,0,0,0,0,0,0,0,19
7139,7139,13,57,358,1012,0,0,0,0,0,0,0,0,19
7140,7140,14,57,374,1012,0,0,0,0,0,0,0,0,19
7141,7141,15,57,390,1012,0,0,0,0,0,0,0,0,19
7142,7142,16,57,406,1012,0,0,0,0,0,0,0,0,19
7143,7143,17,57,422,1012,0,0,0,0,0,0,0,0,19
7144,7144,18,57,438,1012,0,0,0,0,0,0,0,0,19
7145,7145,19,57,454,1012,0,0,0,0,0,0,0,0,19
7146,7146,20,57,470,1012,0,0,0,0,0,0,0,0,19
7147,7147,21,57,486,1012,0,0,0,0,0,0,0,0,19
7148,7148,22,57,502,1012,0,0,0,0,0,0,0,0,19
7149,7149,23,57,518,1012,0,0,0,0,0,0,0,0,19
7150,7150,24,57,534,1012,0,0,0,0,0,0,0,0,19
7151,7151,25,57,550,1012,0,0,0,0,0,0,0,0,19
7152,7152,26,57,566,1012,0,0,0,0,0,0,0,0,19
7153,7153,27,57,582,1012,0,0,0,0,0,0,0,0,19
7154,7154,28,57,598,1012,0,0,0,0,0,0,0,0,19
7155,7155,29,57,614,1012,0,0,0,0,0,0,0,0,19
7156,7156,30,57,630,1012,0,0,0,0,0,0,0,0,19
7157,7157,31,57,646,1012,0,0,0,0,0,0,0,0,19
7158,7158,32,57,662,1012,0,0,0,0,0,0,0,0,19
7159,7159,33,57,678,1012,0,0,0,0,0,0,0,0,19
7160,7160,34,57,694,1012,0,0,0,0,0,0,0,0,18
7161,7161,35,57,710,1012,0,0,0,0,0,0,0,0,18
7162,7162,36,57,726,1012,0,0,0,0,0,0,0,0,18
7163,7163,37,57,742,1012,0,0,0,0,0,0,0,0,18
7164,7164,38,57,758,1012,0,0,0,0,0,0,0,0,18
7165,7165,39,57,774,1012,0,0,0,0,0,0,0,0,18
7166,7166,40,57,790,1012,0,0,0,0,0,0,0,0,18
7167,7167,41,57,806,1012,0,0,0,0,0,0,0,0,18
7168,7168,42,57,822,1012,0,0,0,0,0,0,0,0,18
7169,7169,43,57,838,1012,0,0,0,0,0,0,0,0,18
7170,7170,44,57,854,1012,0,0,0,0,0,0,0,0,18
7171,7171,45,57,870,1012,0,0,0,0,0,0,0,0,18
7172,7172,46,57,886,1012,0,0,0,0,0,0,0,0,18
7173,7173,47,57,902,1012,0,0,0,0,0,0,0,0,18
7174,7174,48,57,918,1012,0,0,0,0,0,0,0,0,18
7175,7175,49,57,934,1012,0,0,0,0,0,0,0,0,18
7176,7176,50,57,950,1012,0,0,0,0,0,0,0,0,18
7177,7177,51,57,966,1012,0,0,0,0,0,0,0,0,18
7178,7178,52,57,982,1012,0,0,0,0,0,0,0,0,18
7179,7179,53,57,998,1012,0,0,0,0,0,0,0,0,18
7180,7180,54,57,1014,1012,0,0,0,0,0,0,0,0,18
7181,7181,55,57,1030,1012,0,0,0,0,0,0,0,0,20
7182,7182,56,57,1046,1012,0,0,0,0,0,0,0,0,20
7183,7183,57,57,1062,1012,0,0,0,0,0,0,0,0,20
7184,7184,58,57,1078,1012,0,0,0,0,0,0,0,0,20
7185,7185,59,57,1094,1012,0,0,0,0,0,0,0,0,20
7186,7186,60,57,1110,1012,0,0,0,0,0,0,0,0,20
7187,7187,61,57,1126,1012,0,0,0,0,0,0,0,0,20
7188,7188,62,57,1142,1012,0,0,0,0,0,0,0,0,20
7189,7189,63,57,1158,1012,0,0,0,0,0,0,0,0,20
7190,7190,64,57,1174,1012,0,0,0,0,0,0,0,0,20
7191,7191,65,57,1190,1012,0,0,0,0,0,0,0,0,20
7192,7192,66,57,1206,1012,0,0,0,0,0,0,0,0,20
7193,7193,67,57,1222,1012,0,0,0,0,0,0,0,0,20
7194,7194,68,57,1238,1012,0,0,0,0,0,0,0,0,20
7195,7195,69,57,1254,1012,0,0,0,0,0,0,0,0,20
7196,7196,70,57,1270,1012,0,0,0,0,0,0,0,0,20
7197,7197,71,57,1286,1012,0,0,0,0,0,0,0,0,20
7198,7198,72,57,1302,1012,0,0,0,0,0,0,0,0,20
7199,7199,73,57,1318,1012,0,0,0,0,0,0,0,0,20
7200,7200,74,57,1334,1012,0,0,0,0,0,0,0,0,20
7201,7201,75,57,1350,1012,0,0,0,0,0,0,0,0,20
7202,7202,76,57,1366,1012,0,0,0,0,0,0,0,0,20
7203,7203,77,57,1382,1012,0,0,0,0,0,0,0,0,20
7204,7204,78,57,1398,1012,0,0,0,0,0,0,0,0,20
7205,7205,79,57,1414,1012,0,0,0,0,0,0,0,0,21
7206,7206,80,57,1430,1012,0,0,0,0,0,0,0,0,21
7207,7207,81,57,1446,1012,0,0,0,0,0,0,0,0,21
7208,7208,82,57,1462,1012,0,0,0,0,0,0,0,0,21
7209,7209,83,57,1478,1012,0,0,0,0,0,0,0,0,21
7210,7210,84,57,1494,1012,0,0,0,0,0,0,0,0,21
7211,7211,85,57,1510,1012,0,0,0,0,0,0,0,0,21
7212,7212,86,57,1526,1012,0,0,0,0,0,0,0,0,21
7213,7213,87,57,1542,1012,0,0,0,0,0,0,0,0,21
7214,7214,88,57,1558,1012,0,0,0,0,0,0,0,0,21
7215,7215,89,57,1574,1012,0,0,0,0,0,0,0,0,21
7216,7216,90,57,1590,1012,0,0,0,0,0,0,0,0,21
7217,7217,91,57,1606,1012,0,0,0,0,0,0,0,0,21
7218,7218,92,57,1622,1012,0,0,0,0,0,0,0,0,21
7219,7219,93,57,1638,1012,0,0,0,0,0,0,0,0,17
7220,7220,94,57,1654,1012,0,0,0,0,0,0,0,0,17
7221,7221,95,57,1670,1012,0,0,0,0,0,0,0,0,17
7222,7222,96,57,1686,1012,0,0,0,0,0,0,0,0,17
7223,7223,97,57,1702,1012,0,0,0,0,0,0,0,0,17
7224,7224,98,57,1718,1012,0,0,0,0,0,0,0,0,17
7225,7225,99,57,1734,1012,0,0,0,0,0,0,0,0,14
7226,7226,100,57,1750,1012,0,0,0,0,0,0,0,0,14
7227,7227,101,57,1766,1012,0,0,0,0,0,0,0,0,14
7228,7228,102,57,1782,1012,0,0,0,0,0,0,0,0,14
7229,7229,103,57,1798,1012,0,0,0,0,0,0,0,0,14
7230,7230,104,57,1814,1012,0,0,0,0,0,0,0,0,14
7231,7231,105,57,1830,1012,0,0,0,0,0,0,0,0,14
7232,7232,106,57,1846,1012,0,0,0,0,0,0,0,0,14
7233,7233,107,57,1862,1012,0,0,0,0,0,0,0,0,14
7234,7234,108,57,1878,1012,0,0,0,0,0,0,0,0,14
7235,7235,109,57,1894,1012,0,0,0,0,0,0,0,0,14
7236,7236,110,57,1910,1012,0,0,0,0,0,0,0,0,14
7237,7237,111,57,1926,1012,0,0,0,0,0,0,0,0,14
7238,7238,112,57,1942,1012,0,0,0,0,0,0,0,0,14
7239,7239,113,57,1958,1012,0,0,0,0,0,0,0,0,14
7240,7240,114,57,1974,1012,0,0,0,0,0,0,0,0,14
7241,7241,115,57,1990,1012,0,0,0,0,0,0,0,0,14
7242,7242,116,57,2006,1012,0,0,0,0,0,0,0,0,14
7243,7243,117,57,2022,1012,0,0,0,0,0,0,0,0,14
7244,7244,118,57,2038,1012,0,0,0,0,0,0,0,0,14
7245,7245,119,57,2054,1012,0,0,0,0,0,0,0,0,14
7246,7246,120,57,2070,1012,0,0,0,0,0,0,0,0,14
7247,7247,121,57,2086,1012,0,0,0,0,0,0,0,0,14
7248,7248,122,57,2102,1012,0,0,0,0,0,0,0,0,14
7249,7249,123,57,2118,1012,0,0,0,0,0,0,0,0,14
7250,7250,124,57,2134,1012,0,0,0,0,0,0,0,0,19
7251,7251,0,58,150,1028,0,0,0,0,0,0,0,0,19
7252,7252,1,58,166,1028,0,0,0,0,0,0,0,0,19
7253,7253,2,58,182,1028,0,0,0,0,0,0,0,0,19
7254,7254,3,58,198,1028,0,0,0,0,0,0,0,0,19
7255,7255,4,58,214,1028,0,0,0,0,0,0,0,0,19
7256,7256,5,58,230,1028,0,0,0,0,0,0,0,0,19
7257,7257,6,58,246,1028,0,0,0,0,0,0,0,0,19
7258,7258,7,58,262,1028,0,0,0,0,0,0,0,0,19
7259,7259,8,58,278,1028,0,0,0,0,0,0,0,0,19
7260,7260,9,58,294,1028,0,0,0,0,0,0,0,0,19
7261,7261,10,58,310,1028,0,0,0,0,0,0,0,0,19
7262,7262,11,58,326,1028,0,0,0,0,0,0,0,0,19
7263,7263,12,58,342,1028,0,0,0,0,0,0,0,0,19
7264,7264,13,58,358,1028,0,0,0,0,0,0,0,0,19
7265,7265,14,58,374,1028,0,0,0,0,0,0,0,0,19
7266,7266,15,58,390,1028,0,0,0,0,0,0,0,0,19
7267,7267,16,58,406,1028,0,0,0,0,0,0,0,0,19
7268,7268,17,58,422,1028,0,0,0,0,0,0,0,0,19
7269,7269,18,58,438,1028,0,0,0,0,0,0,0,0,19
7270,7270,19,58,454,1028,0,0,0,0,0,0,0,0,19
7271,7271,20,58,470,1028,0,0,0,0,0,0,0,0,19
7272,7272,21,58,486,1028,0,0,0,0,0,0,0,0,19
7273,7273,22,58,502,1028,0,0,0,0,0,0,0,0,19
7274,7274,23,58,518,1028,0,0,0,0,0,0,0,0,19
7275,7275,24,58,534,1028,0,0,0,0,0,0,0,0,19
7276,7276,25,58,550,1028,0,0,0,0,0,0,0,0,19
7277,7277,26,58,566,1028,0,0,0,0,0,0,0,0,19
7278,7278,27,58,582,1028,0,0,0,0,0,0,0,0,19
7279,7279,28,58,598,1028,0,0,0,0,0,0,0,0,19
7280,7280,29,58,614,1028,0,0,0,0,0,0,0,0,19
7281,7281,30,58,630,1028,0,0,0,0,0,0,0,0,19
7282,7282,31,58,646,1028,0,0,0,0,0,0,0,0,19
7283,7283,32,58,662,1028,0,0,0,0,0,0,0,0,19
7284,7284,33,58,678,1028,0,0,0,0,0,0,0,0,19
7285,7285,34,58,694,1028,0,0,0,0,0,0,0,0,19
7286,7286,35,58,710,1028,0,0,0,0,0,0,0,0,19
7287,7287,36,58,726,1028,0,0,0,0,0,0,0,0,19
7288,7288,37,58,742,1028,0,0,0,0,0,0,0,0,19
7289,7289,38,58,758,1028,0,0,0,0,0,0,0,0,19
7290,7290,39,58,774,1028,0,0,0,0,0,0,0,0,18
7291,7291,40,58,790,1028,0,0,0,0,0,0,0,0,18
7292,7292,41,58,806,1028,0,0,0,0,0,0,0,0,18
7293,7293,42,58,822,1028,0,0,0,0,0,0,0,0,18
7294,7294,43,58,838,1028,0,0,0,0,0,0,0,0,18
7295,7295,44,58,854,1028,0,0,0,0,0,0,0,0,18
7296,7296,45,58,870,1028,0,0,0,0,0,0,0,0,18
7297,7297,46,58,886,1028,0,0,0,0,0,0,0,0,18
7298,7298,47,58,902,1028,0,0,0,0,0,0,0,0,18
7299,7299,48,58,918,1028,0,0,0,0,0,0,0,0,18
7300,7300,49,58,934,1028,0,0,0,0,0,0,0,0,18
7301,7301,50,58,950,1028,0,0,0,0,0,0,0,0,18
7302,7302,51,58,966,1028,0,0,0,0,0,0,0,0,18
7303,7303,52,58,982,1028,0,0,0,0,0,0,0,0,18
7304,7304,53,58,998,1028,0,0,0,0,0,0,0,0,20
7305,7305,54,58,1014,1028,0,0,0,0,0,0,0,0,20
7306,7306,55,58,1030,1028,0,0,0,0,0,0,0,0,20
7307,7307,56,58,1046,1028,0,0,0,0,0,0,0,0,20
7308,7308,57,58,1062,1028,0,0,0,0,0,0,0,0,20
7309,7309,58,58,1078,1028,0,0,0,0,0,0,0,0,20
7310,7310,59,58,1094,1028,0,0,0,0,0,0,0,0,20
7311,7311,60,58,1110,1028,0,0,0,0,0,0,0,0,20
7312,7312,61,58,1126,1028,0,0,0,0,0,0,0,0,20
7313,7313,62,58,1142,1028,0,0,0,0,0,0,0,0,20
7314,7314,63,58,1158,1028,0,0,0,0,0,0,0,0,20
7315,7315,64,58,1174,1028,0,0,0,0,0,0,0,0,20
7316,7316,65,58,1190,1028,0,0,0,0,0,0,0,0,20
7317,7317,66,58,1206,1028,0,0,0,0,0,0,0,0,20
7318,7318,67,58,1222,1028,0,0,0,0,0,0,0,0,20
7319,7319,68,58,1238,1028,0,0,0,0,0,0,0,0,20
7320,7320,69,58,1254,1028,0,0,0,0,0,0,0,0,20
7321,7321,70,58,1270,1028,0,0,0,0,0,0,0,0,20
7322,7322,71,58,1286,1028,0,0,0,0,0,0,0,0,20
7323,7323,72,58,1302,1028,0,0,0,0,0,0,0,0,20
7324,7324,73,58,1318,1028,0,0,0,0,0,0,0,0,20
7325,7325,74,58,1334,1028,0,0,0,0,0,0,0,0,20
7326,7326,75,58,1350,1028,0,0,0,0,0,0,0,0,20
7327,7327,76,58,1366,1028,0,0,0,0,0,0,0,0,20
7328,7328,77,58,1382,1028,0,0,0,0,0,0,0,0,20
7329,7329,78,58,1398,1028,0,0,0,0,0,0,0,0,21
7330,7330,79,58,1414,1028,0,0,0,0,0,0,0,0,21
7331,7331,80,58,1430,1028,0,0,0,0,0,0,0,0,21
7332,7332,81,58,1446,1028,0,0,0,0,0,0,0,0,21
7333,7333,82,58,1462,1028,0,0,0,0,0,0,0,0,21
7334,7334,83,58,1478,1028,0,0,0,0,0,0,0,0,21
7335,7335,84,58,1494,1028,0,0,0,0,0,0,0,0,21
7336,7336,85,58,1510,1028,0,0,0,0,0,0,0,0,21
7337,7337,86,58,1526,1028,0,0,0,0,0,0,0,0,21
7338,7338,87,58,1542,1028,0,0,0,0,0,0,0,0,21
7339,7339,88,58,1558,1028,0,0,0,0,0,0,0,0,21
7340,7340,89,58,1574,1028,0,0,0,0,0,0,0,0,21
7341,7341,90,58,1590,1028,0,0,0,0,0,0,0,0,21
7342,7342,91,58,1606,1028,0,0,0,0,0,0,0,0,21
7343,7343,92,58,1622,1028,0,0,0,0,0,0,0,0,21
7344,7344,93,58,1638,1028,0,0,0,0,0,0,0,0,17
7345,7345,94,58,1654,1028,0,0,0,0,0,0,0,0,17
7346,7346,95,58,1670,1028,0,0,0,0,0,0,0,0,17
7347,7347,96,58,1686,1028,0,0,0,0,0,0,0,0,17
7348,7348,97,58,1702,1028,0,0,0,0,0,0,0,0,17
7349,7349,98,58,1718,1028,0,0,0,0,0,0,0,0,17
7350,7350,99,58,1734,1028,0,0,0,0,0,0,0,0,14
7351,7351,100,58,1750,1028,0,0,0,0,0,0,0,0,14
7352,7352,101,58,1766,1028,0,0,0,0,0,0,0,0,14
7353,7353,102,58,1782,1028,0,0,0,0,0,0,0,0,14
7354,7354,103,58,1798,1028,0,0,0,0,0,0,0,0,14
7355,7355,104,58,1814,1028,0,0,0,0,0,0,0,0,14
7356,7356,105,58,1830,1028,0,0,0,0,0,0,0,0,14
7357,7357,106,58,1846,1028,0,0,0,0,0,0,0,0,14
7358,7358,107,58,1862,1028,0,0,0,0,0,0,0,0,14
7359,7359,108,58,1878,1028,0,0,0,0,0,0,0,0,14
7360,7360,109,58,1894,1028,0,0,0,0,0,0,0,0,14
7361,7361,110,58,1910,1028,0,0,0,0,0,0,0,0,14
7362,7362,111,58,1926,1028,0,0,0,0,0,0,0,0,14
7363,7363,112,58,1942,1028,0,0,0,0,0,0,0,0,14
7364,7364,113,58,1958,1028,0,0,0,0,0,0,0,0,14
7365,7365,114,58,1974,1028,0,0,0,0,0,0,0,0,14
7366,7366,115,58,1990,1028,0,0,0,0,0,0,0,0,14
7367,7367,116,58,2006,1028,0,0,0,0,0,0,0,0,14
7368,7368,117,58,2022,1028,0,0,0,0,0,0,0,0,14
7369,7369,118,58,2038,1028,0,0,0,0,0,0,0,0,14
7370,7370,119,58,2054,1028,0,0,0,0,0,0,0,0,14
7371,7371,120,58,2070,1028,0,0,0,0,0,0,0,0,14
7372,7372,121,58,2086,1028,0,0,0,0,0,0,0,0,14
7373,7373,122,58,2102,1028,0,0,0,0,0,0,0,0,14
7374,7374,123,58,2118,1028,0,0,0,0,0,0,0,0,14
7375,7375,124,58,2134,1028,0,0,0,0,0,0,0,0,19
7376,7376,0,59,150,1044,0,0,0,0,0,0,0,0,19
7377,7377,1,59,166,1044,0,0,0,0,0,0,0,0,19
7378,7378,2,59,182,1044,0,0,0,0,0,0,0,0,19
7379,7379,3,59,198,1044,0,0,0,0,0,0,0,0,19
7380,7380,4,59,214,1044,0,0,0,0,0,0,0,0,19
7381,7381,5,59,230,1044,0,0,0,0,0,0,0,0,19
7382,7382,6,59,246,1044,0,0,0,0,0,0,0,0,19
7383,7383,7,59,262,1044,0,0,0,0,0,0,0,0,19
7384,7384,8,59,278,1044,0,0,0,0,0,0,0,0,19
7385,7385,9,59,294,1044,0,0,0,0,0,0,0,0,19
7386,7386,10,59,310,1044,0,0,0,0,0,0,0,0,19
7387,7387,11,59,326,1044,0,0,0,0,0,0,0,0,19
7388,7388,12,59,342,1044,0,0,0,0,0,0,0,0,19
7389,7389,13,59,358,1044,0,0,0,0,0,0,0,0,19
7390,7390,14,59,374,1044,0,0,0,0,0,0,0,0,19
7391,7391,15,59,390,1044,0,0,0,0,0,0,0,0,19
7392,7392,16,59,406,1044,0,0,0,0,0,0,0,0,19
7393,7393,17,59,422,1044,0,0,0,0,0,0,0,0,19
7394,7394,18,59,438,1044,0,0,0,0,0,0,0,0,19
7395,7395,19,59,454,1044,0,0,0,0,0,0,0,0,19
7396,7396,20,59,470,1044,0,0,0,0,0,0,0,0,19
7397,7397,21,59,486,1044,0,0,0,0,0,0,0,0,19
7398,7398,22,59,502,1044,0,0,0,0,0,0,0,0,19
7399,7399,23,59,518,1044,0,0,0,0,0,0,0,0,19
7400,7400,24,59,534,1044,0,0,0,0,0,0,0,0,19
7401,7401,25,59,550,1044,0,0,0,0,0,0,0,0,19
7402,7402,26,59,566,1044,0,0,0,0,0,0,0,0,19
7403,7403,27,59,582,1044,0,0,0,0,0,0,0,0,19
7404,7404,28,59,598,1044,0,0,0,0,0,0,0,0,19
7405,7405,29,59,614,1044,0,0,0,0,0,0,0,0,19
7406,7406,30,59,630,1044,0,0,0,0,0,0,0,0,19
7407,7407,31,59,646,1044,0,0,0,0,0,0,0,0,19
7408,7408,32,59,662,1044,0,0,0,0,0,0,0,0,19
7409,7409,33,59,678,1044,0,0,0,0,0,0,0,0,19
7410,7410,34,59,694,1044,0,0,0,0,0,0,0,0,19
7411,7411,35,59,710,1044,0,0,0,0,0,0,0,0,19
7412,7412,36,59,726,1044,0,0,0,0,0,0,0,0,19
7413,7413,37,59,742,1044,0,0,0,0,0,0,0,0,19
7414,7414,38,59,758,1044,0,0,0,0,0,0,0,0,19
7415,7415,39,59,774,1044,0,0,0,0,0,0,0,0,19
7416,7416,40,59,790,1044,0,0,0,0,0,0,0,0,19
7417,7417,41,59,806,1044,0,0,0,0,0,0,0,0,19
7418,7418,42,59,822,1044,0,0,0,0,0,0,0,0,19
7419,7419,43,59,838,1044,0,0,0,0,0,0,0,0,18
7420,7420,44,59,854,1044,0,0,0,0,0,0,0,0,18
7421,7421,45,59,870,1044,0,0,0,0,0,0,0,0,18
7422,7422,46,59,886,1044,0,0,0,0,0,0,0,0,18
7423,7423,47,59,902,1044,0,0,0,0,0,0,0,0,18
7424,7424,48,59,918,1044,0,0,0,0,0,0,0,0,18
7425,7425,49,59,934,1044,0,0,0,0,0,0,0,0,18
7426,7426,50,59,950,1044,0,0,0,0,0,0,0,0,18
7427,7427,51,59,966,1044,0,0,0,0,0,0,0,0,18
7428,7428,52,59,982,1044,0,0,0,0,0,0,0,0,20
7429,7429,53,59,998,1044,0,0,0,0,0,0,0,0,20
7430,7430,54,59,1014,1044,0,0,0,0,0,0,0,0,20
7431,7431,55,59,1030,1044,0,0,0,0,0,0,0,0,20
7432,7432,56,59,1046,1044,0,0,0,0,0,0,0,0,20
7433,7433,57,59,1062,1044,0,0,0,0,0,0,0,0,20
7434,7434,58,59,1078,1044,0,0,0,0,0,0,0,0,20
7435,7435,59,59,1094,1044,0,0,0,0,0,0,0,0,20
7436,7436,60,59,1110,1044,0,0,0,0,0,0,0,0,20
7437,7437,61,59,1126,1044,0,0,0,0,0,0,0,0,20
7438,7438,62,59,1142,1044,0,0,0,0,0,0,0,0,20
7439,7439,63,59,1158,1044,0,0,0,0,0,0,0,0,20
7440,7440,64,59,1174,1044,0,0,0,0,0,0,0,0,20
7441,7441,65,59,1190,1044,0,0,0,0,0,0,0,0,20
7442,7442,66,59,1206,1044,0,0,0,0,0,0,0,0,20
7443,7443,67,59,1222,1044,0,0,0,0,0,0,0,0,20
7444,7444,68,59,1238,1044,0,0,0,0,0,0,0,0,20
7445,7445,69,59,1254,1044,0,0,0,0,0,0,0,0,20
7446,7446,70,59,1270,1044,0,0,0,0,0,0,0,0,20
7447,7447,71,59,1286,1044,0,0,0,0,0,0,0,0,20
7448,7448,72,59,1302,1044,0,0,0,0,0,0,0,0,20
7449,7449,73,59,1318,1044,0,0,0,0,0,0,0,0,20
7450,7450,74,59,1334,1044,0,0,0,0,0,0,0,0,20
7451,7451,75,59,1350,1044,0,0,0,0,0,0,0,0,20
7452,7452,76,59,1366,1044,0,0,0,0,0,0,0,0,20
7453,7453,77,59,1382,1044,0,0,0,0,0,0,0,0,21
7454,7454,78,59,1398,1044,0,0,0,0,0,0,0,0,21
7455,7455,79,59,1414,1044,0,0,0,0,0,0,0,0,21
7456,7456,80,59,1430,1044,0,0,0,0,0,0,0,0,21
7457,7457,81,59,1446,1044,0,0,0,0,0,0,0,0,21
7458,7458,82,59,1462,1044,0,0,0,0,0,0,0,0,21
7459,7459,83,59,1478,1044,0,0,0,0,0,0,0,0,21
7460,7460,84,59,1494,1044,0,0,0,0,0,0,0,0,21
7461,7461,85,59,1510,1044,0,0,0,0,0,0,0,0,21
7462,7462,86,59,1526,1044,0,0,0,0,0,0,0,0,21
7463,7463,87,59,1542,1044,0,0,0,0,0,0,0,0,21
7464,7464,88,59,1558,1044,0,0,0,0,0,0,0,0,21
7465,7465,89,59,1574,1044,0,0,0,0,0,0,0,0,21
7466,7466,90,59,1590,1044,0,0,0,0,0,0,0,0,21
7467,7467,91,59,1606,1044,0,0,0,0,0,0,0,0,21
7468,7468,92,59,1622,1044,0,0,0,0,0,0,0,0,21
7469,7469,93,59,1638,1044,0,0,0,0,0,0,0,0,17
7470,7470,94,59,1654,1044,0,0,0,0,0,0,0,0,17
7471,7471,95,59,1670,1044,0,0,0,0,0,0,0,0,17
7472,7472,96,59,1686,1044,0,0,0,0,0,0,0,0,17
7473,7473,97,59,1702,1044,0,0,0,0,0,0,0,0,17
7474,7474,98,59,1718,1044,0,0,0,0,0,0,0,0,17
7475,7475,99,59,1734,1044,0,0,0,0,0,0,0,0,14
7476,7476,100,59,1750,1044,0,0,0,0,0,0,0,0,14
7477,7477,101,59,1766,1044,0,0,0,0,0,0,0,0,14
7478,7478,102,59,1782,1044,0,0,0,0,0,0,0,0,14
7479,7479,103,59,1798,1044,0,0,0,0,0,0,0,0,14
7480,7480,104,59,1814,1044,0,0,0,0,0,0,0,0,14
7481,7481,105,59,1830,1044,0,0,0,0,0,0,0,0,14
7482,7482,106,59,1846,1044,0,0,0,0,0,0,0,0,14
7483,7483,107,59,1862,1044,0,0,0,0,0,0,0,0,14
7484,7484,108,59,1878,1044,0,0,0,0,0,0,0,0,14
7485,7485,109,59,1894,1044,0,0,0,0,0,0,0,0,14
7486,7486,110,59,1910,1044,0,0,0,0,0,0,0,0,14
7487,7487,111,59,1926,1044,0,0,0,0,0,0,0,0,14
7488,7488,112,59,1942,1044,0,0,0,0,0,0,0,0,14
7489,7489,113,59,1958,1044,0,0,0,0,0,0,0,0,14
7490,7490,114,59,1974,1044,0,0,0,0,0,0,0,0,14
7491,7491,115,59,1990,1044,0,0,0,0,0,0,0,0,14
7492,7492,116,59,2006,1044,0,0,0,0,0,0,0,0,14
7493,7493,117,59,2022,1044,0,0,0,0,0,0,0,0,14
7494,7494,118,59,2038,1044,0,0,0,0,0,0,0,0,14
7495,7495,119,59,2054,1044,0,0,0,0,0,0,0,0,14
7496,7496,120,59,2070,1044,0,0,0,0,0,0,0,0,14
7497,7497,121,59,2086,1044,0,0,0,0,0,0,0,0,14
7498,7498,122,59,2102,1044,0,0,0,0,0,0,0,0,23
7499,7499,123,59,2118,1044,0,0,0,0,0,0,0,0,23
7500,7500,124,59,2134,1044,0,0,0,0,0,0,0,0,19
7501,7501,0,60,150,1060,0,0,0,0,0,0,0,0,19
7502,7502,1,60,166,1060,0,0,0,0,0,0,0,0,19
7503,7503,2,60,182,1060,0,0,0,0,0,0,0,0,19
7504,7504,3,60,198,1060,0,0,0,0,0,0,0,0,19
7505,7505,4,60,214,1060,0,0,0,0,0,0,0,0,19
7506,7506,5,60,230,1060,0,0,0,0,0,0,0,0,19
7507,7507,6,60,246,1060,0,0,0,0,0,0,0,0,19
7508,7508,7,60,262,1060,0,0,0,0,0,0,0,0,19
7509,7509,8,60,278,1060,0,0,0,0,0,0,0,0,19
7510,7510,9,60,294,1060,0,0,0,0,0,0,0,0,19
7511,7511,10,60,310,1060,0,0,0,0,0,0,0,0,19
7512,7512,11,60,326,1060,0,0,0,0,0,0,0,0,19
7513,7513,12,60,342,1060,0,0,0,0,0,0,0,0,19
7514,7514,13,60,358,1060,0,0,0,0,0,0,0,0,19
7515,7515,14,60,374,1060,0,0,0,0,0,0,0,0,19
7516,7516,15,60,390,1060,0,0,0,0,0,0,0,0,19
7517,7517,16,60,406,1060,0,0,0,0,0,0,0,0,19
7518,7518,17,60,422,1060,0,0,0,0,0,0,0,0,19
7519,7519,18,60,438,1060,0,0,0,0,0,0,0,0,19
7520,7520,19,60,454,1060,0,0,0,0,0,0,0,0,19
7521,7521,20,60,470,1060,0,0,0,0,0,0,0,0,19
7522,7522,21,60,486,1060,0,0,0,0,0,0,0,0,19
7523,7523,22,60,502,1060,0,0,0,0,0,0,0,0,19
7524,7524,23,60,518,1060,0,0,0,0,0,0,0,0,19
7525,7525,24,60,534,1060,0,0,0,0,0,0,0,0,19
7526,7526,25,60,550,1060,0,0,0,0,0,0,0,0,19
7527,7527,26,60,566,1060,0,0,0,0,0,0,0,0,19
7528,7528,27,60,582,1060,0,0,0,0,0,0,0,0,19
7529,7529,28,60,598,1060,0,0,0,0,0,0,0,0,19
7530,7530,29,60,614,1060,0,0,0,0,0,0,0,0,19
7531,7531,30,60,630,1060,0,0,0,0,0,0,0,0,19
7532,7532,31,60,646,1060,0,0,0,0,0,0,0,0,19
7533,7533,32,60,662,1060,0,0,0,0,0,0,0,0,19
7534,7534,33,60,678,1060,0,0,0,0,0,0,0,0,19
7535,7535,34,60,694,1060,0,0,0,0,0,0,0,0,19
7536,7536,35,60,710,1060,0,0,0,0,0,0,0,0,19
7537,7537,36,60,726,1060,0,0,0,0,0,0,0,0,19
7538,7538,37,60,742,1060,0,0,0,0,0,0,0,0,19
7539,7539,38,60,758,1060,0,0,0,0,0,0,0,0,19
7540,7540,39,60,774,1060,0,0,0,0,0,0,0,0,19
7541,7541,40,60,790,1060,0,0,0,0,0,0,0,0,19
7542,7542,41,60,806,1060,0,0,0,0,0,0,0,0,19
7543,7543,42,60,822,1060,0,0,0,0,0,0,0,0,19
7544,7544,43,60,838,1060,0,0,0,0,0,0,0,0,19
7545,7545,44,60,854,1060,0,0,0,0,0,0,0,0,19
7546,7546,45,60,870,1060,0,0,0,0,0,0,0,0,19
7547,7547,46,60,886,1060,0,0,0,0,0,0,0,0,19
7548,7548,47,60,902,1060,0,0,0,0,0,0,0,0,18
7549,7549,48,60,918,1060,0,0,0,0,0,0,0,0,18
7550,7550,49,60,934,1060,0,0,0,0,0,0,0,0,18
7551,7551,50,60,950,1060,0,0,0,0,0,0,0,0,18
7552,7552,51,60,966,1060,0,0,0,0,0,0,0,0,18
7553,7553,52,60,982,1060,0,0,0,0,0,0,0,0,20
7554,7554,53,60,998,1060,0,0,0,0,0,0,0,0,20
7555,7555,54,60,1014,1060,0,0,0,0,0,0,0,0,20
7556,7556,55,60,1030,1060,0,0,0,0,0,0,0,0,20
7557,7557,56,60,1046,1060,0,0,0,0,0,0,0,0,20
7558,7558,57,60,1062,1060,0,0,0,0,0,0,0,0,20
7559,7559,58,60,1078,1060,0,0,0,0,0,0,0,0,20
7560,7560,59,60,1094,1060,0,0,0,0,0,0,0,0,20
7561,7561,60,60,1110,1060,0,0,0,0,0,0,0,0,20
7562,7562,61,60,1126,1060,0,0,0,0,0,0,0,0,20
7563,7563,62,60,1142,1060,0,0,0,0,0,0,0,0,20
7564,7564,63,60,1158,1060,0,0,0,0,0,0,0,0,20
7565,7565,64,60,1174,1060,0,0,0,0,0,0,0,0,20
7566,7566,65,60,1190,1060,0,0,0,0,0,0,0,0,20
7567,7567,66,60,1206,1060,0,0,0,0,0,0,0,0,20
7568,7568,67,60,1222,1060,0,0,0,0,0,0,0,0,20
7569,7569,68,60,1238,1060,0,0,0,0,0,0,0,0,20
7570,7570,69,60,1254,1060,0,0,0,0,0,0,0,0,20
7571,7571,70,60,1270,1060,0,0,0,0,0,0,0,0,20
7572,7572,71,60,1286,1060,0,0,0,0,0,0,0,0,20
7573,7573,72,60,1302,1060,0,0,0,0,0,0,0,0,20
7574,7574,73,60,1318,1060,0,0,0,0,0,0,0,0,20
7575,7575,74,60,1334,1060,0,0,0,0,0,0,0,0,20
7576,7576,75,60,1350,1060,0,0,0,0,0,0,0,0,20
7577,7577,76,60,1366,1060,0,0,0,0,0,0,0,0,21
7578,7578,77,60,1382,1060,0,0,0,0,0,0,0,0,21
7579,7579,78,60,1398,1060,0,0,0,0,0,0,0,0,21
7580,7580,79,60,1414,1060,0,0,0,0,0,0,0,0,21
7581,7581,80,60,1430,1060,0,0,0,0,0,0,0,0,21
7582,7582,81,60,1446,1060,0,0,0,0,0,0,0,0,21
7583,7583,82,60,1462,1060,0,0,0,0,0,0,0,0,21
7584,7584,83,60,1478,1060,0,0,0,0,0,0,0,0,21
7585,7585,84,60,1494,1060,0,0,0,0,0,0,0,0,21
7586,7586,85,60,1510,1060,0,0,0,0,0,0,0,0,21
7587,7587,86,60,1526,1060,0,0,0,0,0,0,0,0,21
7588,7588,87,60,1542,1060,0,0,0,0,0,0,0,0,21
7589,7589,88,60,1558,1060,0,0,0,0,0,0,0,0,21
7590,7590,89,60,1574,1060,0,0,0,0,0,0,0,0,21
7591,7591,90,60,1590,1060,0,0,0,0,0,0,0,0,21
7592,7592,91,60,1606,1060,0,0,0,0,0,0,0,0,21
7593,7593,92,60,1622,1060,0,0,0,0,0,0,0,0,21
7594,7594,93,60,1638,1060,0,0,0,0,0,0,0,0,17
7595,7595,94,60,1654,1060,0,0,0,0,0,0,0,0,17
7596,7596,95,60,1670,1060,0,0,0,0,0,0,0,0,17
7597,7597,96,60,1686,1060,0,0,0,0,0,0,0,0,17
7598,7598,97,60,1702,1060,0,0,0,0,0,0,0,0,17
7599,7599,98,60,1718,1060,0,0,0,0,0,0,0,0,17
7600,7600,99,60,1734,1060,0,0,0,0,0,0,0,0,14
7601,7601,100,60,1750,1060,0,0,0,0,0,0,0,0,14
7602,7602,101,60,1766,1060,0,0,0,0,0,0,0,0,14
7603,7603,102,60,1782,1060,0,0,0,0,0,0,0,0,14
7604,7604,103,60,1798,1060,0,0,0,0,0,0,0,0,14
7605,7605,104,60,1814,1060,0,0,0,0,0,0,0,0,14
7606,7606,105,60,1830,1060,0,0,0,0,0,0,0,0,14
7607,7607,106,60,1846,1060,0,0,0,0,0,0,0,0,14
7608,7608,107,60,1862,1060,0,0,0,0,0,0,0,0,14
7609,7609,108,60,1878,1060,0,0,0,0,0,0,0,0,14
7610,7610,109,60,1894,1060,0,0,0,0,0,0,0,0,14
7611,7611,110,60,1910,1060,0,0,0,0,0,0,0,0,14
7612,7612,111,60,1926,1060,0,0,0,0,0,0,0,0,14
7613,7613,112,60,1942,1060,0,0,0,0,0,0,0,0,14
7614,7614,113,60,1958,1060,0,0,0,0,0,0,0,0,14
7615,7615,114,60,1974,1060,0,0,0,0,0,0,0,0,14
7616,7616,115,60,1990,1060,0,0,0,0,0,0,0,0,14
7617,7617,116,60,2006,1060,0,0,0,0,0,0,0,0,14
7618,7618,117,60,2022,1060,0,0,0,0,0,0,0,0,14
7619,7619,118,60,2038,1060,0,0,0,0,0,0,0,0,14
7620,7620,119,60,2054,1060,0,0,0,0,0,0,0,0,14
7621,7621,120,60,2070,1060,0,0,0,0,0,0,0,0,14
7622,7622,121,60,2086,1060,0,0,0,0,0,0,0,0,14
7623,7623,122,60,2102,1060,0,0,0,0,0,0,0,0,23
7624,7624,123,60,2118,1060,0,0,0,0,0,0,0,0,23
7625,7625,124,60,2134,1060,0,0,0,0,0,0,0,0,19
7626,7626,0,61,150,1076,0,0,0,0,0,0,0,0,19
7627,7627,1,61,166,1076,0,0,0,0,0,0,0,0,19
7628,7628,2,61,182,1076,0,0,0,0,0,0,0,0,19
7629,7629,3,61,198,1076,0,0,0,0,0,0,0,0,19
7630,7630,4,61,214,1076,0,0,0,0,0,0,0,0,19
7631,7631,5,61,230,1076,0,0,0,0,0,0,0,0,19
7632,7632,6,61,246,1076,0,0,0,0,0,0,0,0,19
7633,7633,7,61,262,1076,0,0,0,0,0,0,0,0,19
7634,7634,8,61,278,1076,0,0,0,0,0,0,0,0,19
7635,7635,9,61,294,1076,0,0,0,0,0,0,0,0,19
7636,7636,10,61,310,1076,0,0,0,0,0,0,0,0,19
7637,7637,11,61,326,1076,0,0,0,0,0,0,0,0,19
7638,7638,12,61,342,1076,0,0,0,0,0,0,0,0,19
7639,7639,13,61,358,1076,0,0,0,0,0,0,0,0,19
7640,7640,14,61,374,1076,0,0,0,0,0,0,0,0,19
7641,7641,15,61,390,1076,0,0,0,0,0,0,0,0,19
7642,7642,16,61,406,1076,0,0,0,0,0,0,0,0,19
7643,7643,17,61,422,1076,0,0,0,0,0,0,0,0,19
7644,7644,18,61,438,1076,0,0,0,0,0,0,0,0,19
7645,7645,19,61,454,1076,0,0,0,0,0,0,0,0,19
7646,7646,20,61,470,1076,0,0,0,0,0,0,0,0,19
7647,7647,21,61,486,1076,0,0,0,0,0,0,0,0,19
7648,7648,22,61,502,1076,0,0,0,0,0,0,0,0,19
7649,7649,23,61,518,1076,0,0,0,0,0,0,0,0,19
7650,7650,24,61,534,1076,0,0,0,0,0,0,0,0,19
7651,7651,25,61,550,1076,0,0,0,0,0,0,0,0,19
7652,7652,26,61,566,1076,0,0,0,0,0,0,0,0,19
7653,7653,27,61,582,1076,0,0,0,0,0,0,0,0,19
7654,7654,28,61,598,1076,0,0,0,0,0,0,0,0,19
7655,7655,29,61,614,1076,0,0,0,0,0,0,0,0,19
7656,7656,30,61,630,1076,0,0,0,0,0,0,0,0,19
7657,7657,31,61,646,1076,0,0,0,0,0,0,0,0,19
7658,7658,32,61,662,1076,0,0,0,0,0,0,0,0,19
7659,7659,33,61,678,1076,0,0,0,0,0,0,0,0,19
7660,7660,34,61,694,1076,0,0,0,0,0,0,0,0,19
7661,7661,35,61,710,1076,0,0,0,0,0,0,0,0,19
7662,7662,36,61,726,1076,0,0,0,0,0,0,0,0,19
7663,7663,37,61,742,1076,0,0,0,0,0,0,0,0,19
7664,7664,38,61,758,1076,0,0,0,0,0,0,0,0,19
7665,7665,39,61,774,1076,0,0,0,0,0,0,0,0,19
7666,7666,40,61,790,1076,0,0,0,0,0,0,0,0,19
7667,7667,41,61,806,1076,0,0,0,0,0,0,0,0,19
7668,7668,42,61,822,1076,0,0,0,0,0,0,0,0,19
7669,7669,43,61,838,1076,0,0,0,0,0,0,0,0,19
7670,7670,44,61,854,1076,0,0,0,0,0,0,0,0,19
7671,7671,45,61,870,1076,0,0,0,0,0,0,0,0,19
7672,7672,46,61,886,1076,0,0,0,0,0,0,0,0,19
7673,7673,47,61,902,1076,0,0,0,0,0,0,0,0,19
7674,7674,48,61,918,1076,0,0,0,0,0,0,0,0,19
7675,7675,49,61,934,1076,0,0,0,0,0,0,0,0,19
7676,7676,50,61,950,1076,0,0,0,0,0,0,0,0,19
7677,7677,51,61,966,1076,0,0,0,0,0,0,0,0,18
7678,7678,52,61,982,1076,0,0,0,0,0,0,0,0,18
7679,7679,53,61,998,1076,0,0,0,0,0,0,0,0,20
7680,7680,54,61,1014,1076,0,0,0,0,0,0,0,0,20
7681,7681,55,61,1030,1076,0,0,0,0,0,0,0,0,20
7682,7682,56,61,1046,1076,0,0,0,0,0,0,0,0,20
7683,7683,57,61,1062,1076,0,0,0,0,0,0,0,0,20
7684,7684,58,61,1078,1076,0,0,0,0,0,0,0,0,20
7685,7685,59,61,1094,1076,0,0,0,0,0,0,0,0,20
7686,7686,60,61,1110,1076,0,0,0,0,0,0,0,0,20
7687,7687,61,61,1126,1076,0,0,0,0,0,0,0,0,20
7688,7688,62,61,1142,1076,0,0,0,0,0,0,0,0,20
7689,7689,63,61,1158,1076,0,0,0,0,0,0,0,0,20
7690,7690,64,61,1174,1076,0,0,0,0,0,0,0,0,20
7691,7691,65,61,1190,1076,0,0,0,0,0,0,0,0,20
7692,7692,66,61,1206,1076,0,0,0,0,0,0,0,0,20
7693,7693,67,61,1222,1076,0,0,0,0,0,0,0,0,20
7694,7694,68,61,1238,1076,0,0,0,0,0,0,0,0,20
7695,7695,69,61,1254,1076,0,0,0,0,0,0,0,0,20
7696,7696,70,61,1270,1076,0,0,0,0,0,0,0,0,20
7697,7697,71,61,1286,1076,0,0,0,0,0,0,0,0,20
7698,7698,72,61,1302,1076,0,0,0,0,0,0,0,0,20
7699,7699,73,61,1318,1076,0,0,0,0,0,0,0,0,20
7700,7700,74,61,1334,1076,0,0,0,0,0,0,0,0,20
7701,7701,75,61,1350,1076,0,0,0,0,0,0,0,0,21
7702,7702,76,61,1366,1076,0,0,0,0,0,0,0,0,21
7703,7703,77,61,1382,1076,0,0,0,0,0,0,0,0,21
7704,7704,78,61,1398,1076,0,0,0,0,0,0,0,0,21
7705,7705,79,61,1414,1076,0,0,0,0,0,0,0,0,21
7706,7706,80,61,1430,1076,0,0,0,0,0,0,0,0,21
7707,7707,81,61,1446,1076,0,0,0,0,0,0,0,0,21
7708,7708,82,61,1462,1076,0,0,0,0,0,0,0,0,21
7709,7709,83,61,1478,1076,0,0,0,0,0,0,0,0,21
7710,7710,84,61,1494,1076,0,0,0,0,0,0,0,0,21
7711,7711,85,61,1510,1076,0,0,0,0,0,0,0,0,21
7712,7712,86,61,1526,1076,0,0,0,0,0,0,0,0,21
7713,7713,87,61,1542,1076,0,0,0,0,0,0,0,0,21
7714,7714,88,61,1558,1076,0,0,0,0,0,0,0,0,21
7715,7715,89,61,1574,1076,0,0,0,0,0,0,0,0,21
7716,7716,90,61,1590,1076,0,0,0,0,0,0,0,0,21
7717,7717,91,61,1606,1076,0,0,0,0,0,0,0,0,21
7718,7718,92,61,1622,1076,0,0,0,0,0,0,0,0,21
7719,7719,93,61,1638,1076,0,0,0,0,0,0,0,0,17
7720,7720,94,61,1654,1076,0,0,0,0,0,0,0,0,17
7721,7721,95,61,1670,1076,0,0,0,0,0,0,0,0,17
7722,7722,96,61,1686,1076,0,0,0,0,0,0,0,0,17
7723,7723,97,61,1702,1076,0,0,0,0,0,0,0,0,17
7724,7724,98,61,1718,1076,0,0,0,0,0,0,0,0,17
7725,7725,99,61,1734,1076,0,0,0,0,0,0,0,0,14
7726,7726,100,61,1750,1076,0,0,0,0,0,0,0,0,14
7727,7727,101,61,1766,1076,0,0,0,0,0,0,0,0,14
7728,7728,102,61,1782,1076,0,0,0,0,0,0,0,0,14
7729,7729,103,61,1798,1076,0,0,0,0,0,0,0,0,14
7730,7730,104,61,1814,1076,0,0,0,0,0,0,0,0,14
7731,7731,105,61,1830,1076,0,0,0,0,0,0,0,0,14
7732,7732,106,61,1846,1076,0,0,0,0,0,0,0,0,14
7733,7733,107,61,1862,1076,0,0,0,0,0,0,0,0,14
7734,7734,108,61,1878,1076,0,0,0,0,0,0,0,0,14
7735,7735,109,61,1894,1076,0,0,0,0,0,0,0,0,14
7736,7736,110,61,1910,1076,0,0,0,0,0,0,0,0,14
7737,7737,111,61,1926,1076,0,0,0,0,0,0,0,0,14
7738,7738,112,61,1942,1076,0,0,0,0,0,0,0,0,14
7739,7739,113,61,1958,1076,0,0,0,0,0,0,0,0,14
7740,7740,114,61,1974,1076,0,0,0,0,0,0,0,0,14
7741,7741,115,61,1990,1076,0,0,0,0,0,0,0,0,14
7742,7742,116,61,2006,1076,0,0,0,0,0,0,0,0,14
7743,7743,117,61,2022,1076,0,0,0,0,0,0,0,0,14
7744,7744,118,61,2038,1076,0,0,0,0,0,0,0,0,14
7745,7745,119,61,2054,1076,0,0,0,0,0,0,0,0,14
7746,7746,120,61,2070,1076,0,0,0,0,0,0,0,0,14
7747,7747,121,61,2086,1076,0,0,0,0,0,0,0,0,23
7748,7748,122,61,2102,1076,0,0,0,0,0,0,0,0,23
7749,7749,123,61,2118,1076,0,0,0,0,0,0,0,0,22
7750,7750,124,61,2134,1076,0,0,0,0,0,0,0,0,19
7751,7751,0,62,150,1092,0,0,0,0,0,0,0,0,19
7752,7752,1,62,166,1092,0,0,0,0,0,0,0,0,19
7753,7753,2,62,182,1092,0,0,0,0,0,0,0,0,19
7754,7754,3,62,198,1092,0,0,0,0,0,0,0,0,19
7755,7755,4,62,214,1092,0,0,0,0,0,0,0,0,19
7756,7756,5,62,230,1092,0,0,0,0,0,0,0,0,19
7757,7757,6,62,246,1092,0,0,0,0,0,0,0,0,19
7758,7758,7,62,262,1092,0,0,0,0,0,0,0,0,19
7759,7759,8,62,278,1092,0,0,0,0,0,0,0,0,19
7760,7760,9,62,294,1092,0,0,0,0,0,0,0,0,19
7761,7761,10,62,310,1092,0,0,0,0,0,0,0,0,19
7762,7762,11,62,326,1092,0,0,0,0,0,0,0,0,19
7763,7763,12,62,342,1092,0,0,0,0,0,0,0,0,19
7764,7764,13,62,358,1092,0,0,0,0,0,0,0,0,19
7765,7765,14,62,374,1092,0,0,0,0,0,0,0,0,19
7766,7766,15,62,390,1092,0,0,0,0,0,0,0,0,19
7767,7767,16,62,406,1092,0,0,0,0,0,0,0,0,19
7768,7768,17,62,422,1092,0,0,0,0,0,0,0,0,19
7769,7769,18,62,438,1092,0,0,0,0,0,0,0,0,19
7770,7770,19,62,454,1092,0,0,0,0,0,0,0,0,19
7771,7771,20,62,470,1092,0,0,0,0,0,0,0,0,19
7772,7772,21,62,486,1092,0,0,0,0,0,0,0,0,19
7773,7773,22,62,502,1092,0,0,0,0,0,0,0,0,19
7774,7774,23,62,518,1092,0,0,0,0,0,0,0,0,19
7775,7775,24,62,534,1092,0,0,0,0,0,0,0,0,19
7776,7776,25,62,550,1092,0,0,0,0,0,0,0,0,19
7777,7777,26,62,566,1092,0,0,0,0,0,0,0,0,19
7778,7778,27,62,582,1092,0,0,0,0,0,0,0,0,19
7779,7779,28,62,598,1092,0,0,0,0,0,0,0,0,19
7780,7780,29,62,614,1092,0,0,0,0,0,0,0,0,19
7781,7781,30,62,630,1092,0,0,0,0,0,0,0,0,19
7782,7782,31,62,646,1092,0,0,0,0,0,0,0,0,19
7783,7783,32,62,662,1092,0,0,0,0,0,0,0,0,19
7784,7784,33,62,678,1092,0,0,0,0,0,0,0,0,19
7785,7785,34,62,694,1092,0,0,0,0,0,0,0,0,19
7786,7786,35,62,710,1092,0,0,0,0,0,0,0,0,19
7787,7787,36,62,726,1092,0,0,0,0,0,0,0,0,19
7788,7788,37,62,742,1092,0,0,0,0,0,0,0,0,19
7789,7789,38,62,758,1092,0,0,0,0,0,0,0,0,19
7790,7790,39,62,774,1092,0,0,0,0,0,0,0,0,19
7791,7791,40,62,790,1092,0,0,0,0,0,0,0,0,19
7792,7792,41,62,806,1092,0,0,0,0,0,0,0,0,19
7793,7793,42,62,822,1092,0,0,0,0,0,0,0,0,19
7794,7794,43,62,838,1092,0,0,0,0,0,0,0,0,19
7795,7795,44,62,854,1092,0,0,0,0,0,0,0,0,19
7796,7796,45,62,870,1092,0,0,0,0,0,0,0,0,19
7797,7797,46,62,886,1092,0,0,0,0,0,0,0,0,19
7798,7798,47,62,902,1092,0,0,0,0,0,0,0,0,19
7799,7799,48,62,918,1092,0,0,0,0,0,0,0,0,19
7800,7800,49,62,934,1092,0,0,0,0,0,0,0,0,19
7801,7801,50,62,950,1092,0,0,0,0,0,0,0,0,19
7802,7802,51,62,966,1092,0,0,0,0,0,0,0,0,20
7803,7803,52,62,982,1092,0,0,0,0,0,0,0,0,20
7804,7804,53,62,998,1092,0,0,0,0,0,0,0,0,20
7805,7805,54,62,1014,1092,0,0,0,0,0,0,0,0,20
7806,7806,55,62,1030,1092,0,0,0,0,0,0,0,0,20
7807,7807,56,62,1046,1092,0,0,0,0,0,0,0,0,20
7808,7808,57,62,1062,1092,0,0,0,0,0,0,0,0,20
7809,7809,58,62,1078,1092,0,0,0,0,0,0,0,0,20
7810,7810,59,62,1094,1092,0,0,0,0,0,0,0,0,20
7811,7811,60,62,1110,1092,0,0,0,0,0,0,0,0,20
7812,7812,61,62,1126,1092,0,0,0,0,0,0,0,0,20
7813,7813,62,62,1142,1092,0,0,0,0,0,0,0,0,20
7814,7814,63,62,1158,1092,0,0,0,0,0,0,0,0,20
7815,7815,64,62,1174,1092,0,0,0,0,0,0,0,0,20
7816,7816,65,62,1190,1092,0,0,0,0,0,0,0,0,20
7817,7817,66,62,1206,1092,0,0,0,0,0,0,0,0,20
7818,7818,67,62,1222,1092,0,0,0,0,0,0,0,0,20
7819,7819,68,62,1238,1092,0,0,0,0,0,0,0,0,20
7820,7820,69,62,1254,1092,0,0,0,0,0,0,0,0,20
7821,7821,70,62,1270,1092,0,0,0,0,0,0,0,0,20
7822,7822,71,62,1286,1092,0,0,0,0,0,0,0,0,20
7823,7823,72,62,1302,1092,0,0,0,0,0,0,0,0,20
7824,7824,73,62,1318,1092,0,0,0,0,0,0,0,0,20
7825,7825,74,62,1334,1092,0,0,0,0,0,0,0,0,21
7826,7826,75,62,1350,1092,0,0,0,0,0,0,0,0,21
7827,7827,76,62,1366,1092,0,0,0,0,0,0,0,0,21
7828,7828,77,62,1382,1092,0,0,0,0,0,0,0,0,21
7829,7829,78,62,1398,1092,0,0,0,0,0,0,0,0,21
7830,7830,79,62,1414,1092,0,0,0,0,0,0,0,0,21
7831,7831,80,62,1430,1092,0,0,0,0,0,0,0,0,21
7832,7832,81,62,1446,1092,0,0,0,0,0,0,0,0,21
7833,7833,82,62,1462,1092,0,0,0,0,0,0,0,0,21
7834,7834,83,62,1478,1092,0,0,0,0,0,0,0,0,21
7835,7835,84,62,1494,1092,0,0,0,0,0,0,0,0,21
7836,7836,85,62,1510,1092,0,0,0,0,0,0,0,0,21
7837,7837,86,62,1526,1092,0,0,0,0,0,0,0,0,21
7838,7838,87,62,1542,1092,0,0,0,0,0,0,0,0,21
7839,7839,88,62,1558,1092,0,0,0,0,0,0,0,0,21
7840,7840,89,62,1574,1092,0,0,0,0,0,0,0,0,21
7841,7841,90,62,1590,1092,0,0,0,0,0,0,0,0,21
7842,7842,91,62,1606,1092,0,0,0,0,0,0,0,0,21
7843,7843,92,62,1622,1092,0,0,0,0,0,0,0,0,21
7844,7844,93,62,1638,1092,0,0,0,0,0,0,0,0,17
7845,7845,94,62,1654,1092,0,0,0,0,0,0,0,0,17
7846,7846,95,62,1670,1092,0,0,0,0,0,0,0,0,17
7847,7847,96,62,1686,1092,0,0,0,0,0,0,0,0,17
7848,7848,97,62,1702,1092,0,0,0,0,0,0,0,0,17
7849,7849,98,62,1718,1092,0,0,0,0,0,0,0,0,17
7850,7850,99,62,1734,1092,0,0,0,0,0,0,0,0,14
7851,7851,100,62,1750,1092,0,0,0,0,0,0,0,0,14
7852,7852,101,62,1766,1092,0,0,0,0,0,0,0,0,14
7853,7853,102,62,1782,1092,0,0,0,0,0,0,0,0,14
7854,7854,103,62,1798,1092,0,0,0,0,0,0,0,0,14
7855,7855,104,62,1814,1092,0,0,0,0,0,0,0,0,14
7856,7856,105,62,1830,1092,0,0,0,0,0,0,0,0,14
7857,7857,106,62,1846,1092,0,0,0,0,0,0,0,0,14
7858,7858,107,62,1862,1092,0,0,0,0,0,0,0,0,14
7859,7859,108,62,1878,1092,0,0,0,0,0,0,0,0,14
7860,7860,109,62,1894,1092,0,0,0,0,0,0,0,0,14
7861,7861,110,62,1910,1092,0,0,0,0,0,0,0,0,14
7862,7862,111,62,1926,1092,0,0,0,0,0,0,0,0,14
7863,7863,112,62,1942,1092,0,0,0,0,0,0,0,0,14
7864,7864,113,62,1958,1092,0,0,0,0,0,0,0,0,14
7865,7865,114,62,1974,1092,0,0,0,0,0,0,0,0,14
7866,7866,115,62,1990,1092,0,0,0,0,0,0,0,0,14
7867,7867,116,62,2006,1092,0,0,0,0,0,0,0,0,14
7868,7868,117,62,2022,1092,0,0,0,0,0,0,0,0,14
7869,7869,118,62,2038,1092,0,0,0,0,0,0,0,0,14
7870,7870,119,62,2054,1092,0,0,0,0,0,0,0,0,23
7871,7871,120,62,2070,1092,0,0,0,0,0,0,0,0,23
7872,7872,121,62,2086,1092,0,0,0,0,0,0,0,0,23
7873,7873,122,62,2102,1092,0,0,0,0,0,0,0,0,23
7874,7874,123,62,2118,1092,0,0,0,0,0,0,0,0,22
7875,7875,124,62,2134,1092,0,0,0,0,0,0,0,0,19
7876,7876,0,63,150,1108,0,0,0,0,0,0,0,0,19
7877,7877,1,63,166,1108,0,0,0,0,0,0,0,0,19
7878,7878,2,63,182,1108,0,0,0,0,0,0,0,0,19
7879,7879,3,63,198,1108,0,0,0,0,0,0,0,0,19
7880,7880,4,63,214,1108,0,0,0,0,0,0,0,0,19
7881,7881,5,63,230,1108,0,0,0,0,0,0,0,0,19
7882,7882,6,63,246,1108,0,0,0,0,0,0,0,0,19
7883,7883,7,63,262,1108,0,0,0,0,0,0,0,0,19
7884,7884,8,63,278,1108,0,0,0,0,0,0,0,0,19
7885,7885,9,63,294,1108,0,0,0,0,0,0,0,0,19
7886,7886,10,63,310,1108,0,0,0,0,0,0,0,0,19
7887,7887,11,63,326,1108,0,0,0,0,0,0,0,0,19
7888,7888,12,63,342,1108,0,0,0,0,0,0,0,0,19
7889,7889,13,63,358,1108,0,0,0,0,0,0,0,0,19
7890,7890,14,63,374,1108,0,0,0,0,0,0,0,0,19
7891,7891,15,63,390,1108,0,0,0,0,0,0,0,0,19
7892,7892,16,63,406,1108,0,0,0,0,0,0,0,0,19
7893,7893,17,63,422,1108,0,0,0,0,0,0,0,0,19
7894,7894,18,63,438,1108,0,0,0,0,0,0,0,0,19
7895,7895,19,63,454,1108,0,0,0,0,0,0,0,0,19
7896,7896,20,63,470,1108,0,0,0,0,0,0,0,0,19
7897,7897,21,63,486,1108,0,0,0,0,0,0,0,0,19
7898,7898,22,63,502,1108,0,0,0,0,0,0,0,0,19
7899,7899,23,63,518,1108,0,0,0,0,0,0,0,0,19
7900,7900,24,63,534,1108,0,0,0,0,0,0,0,0,19
7901,7901,25,63,550,1108,0,0,0,0,0,0,0,0,19
7902,7902,26,63,566,1108,0,0,0,0,0,0,0,0,19
7903,7903,27,63,582,1108,0,0,0,0,0,0,0,0,19
7904,7904,28,63,598,1108,0,0,0,0,0,0,0,0,19
7905,7905,29,63,614,1108,0,0,0,0,0,0,0,0,19
7906,7906,30,63,630,1108,0,0,0,0,0,0,0,0,19
7907,7907,31,63,646,1108,0,0,0,0,0,0,0,0,19
7908,7908,32,63,662,1108,0,0,0,0,0,0,0,0,19
7909,7909,33,63,678,1108,0,0,0,0,0,0,0,0,19
7910,7910,34,63,694,1108,0,0,0,0,0,0,0,0,19
7911,7911,35,63,710,1108,0,0,0,0,0,0,0,0,19
7912,7912,36,63,726,1108,0,0,0,0,0,0,0,0,19
7913,7913,37,63,742,1108,0,0,0,0,0,0,0,0,19
7914,7914,38,63,758,1108,0,0,0,0,0,0,0,0,19
7915,7915,39,63,774,1108,0,0,0,0,0,0,0,0,19
7916,7916,40,63,790,1108,0,0,0,0,0,0,0,0,19
7917,7917,41,63,806,1108,0,0,0,0,0,0,0,0,19
7918,7918,42,63,822,1108,0,0,0,0,0,0,0,0,19
7919,7919,43,63,838,1108,0,0,0,0,0,0,0,0,19
7920,7920,44,63,854,1108,0,0,0,0,0,0,0,0,19
7921,7921,45,63,870,1108,0,0,0,0,0,0,0,0,19
7922,7922,46,63,886,1108,0,0,0,0,0,0,0,0,3
7923,7923,47,63,902,1108,0,0,0,0,0,0,0,0,3
7924,7924,48,63,918,1108,0,0,0,0,0,0,0,0,3
7925,7925,49,63,934,1108,0,0,0,0,0,0,0,0,3
7926,7926,50,63,950,1108,0,0,0,0,0,0,0,0,3
7927,7927,51,63,966,1108,0,0,0,0,0,0,0,0,3
7928,7928,52,63,982,1108,0,0,0,0,0,0,0,0,20
7929,7929,53,63,998,1108,0,0,0,0,0,0,0,0,20
7930,7930,54,63,1014,1108,0,0,0,0,0,0,0,0,20
7931,7931,55,63,1030,1108,0,0,0,0,0,0,0,0,20
7932,7932,56,63,1046,1108,0,0,0,0,0,0,0,0,20
7933,7933,57,63,1062,1108,0,0,0,0,0,0,0,0,20
7934,7934,58,63,1078,1108,0,0,0,0,0,0,0,0,20
7935,7935,59,63,1094,1108,0,0,0,0,0,0,0,0,20
7936,7936,60,63,1110,1108,0,0,0,0,0,0,0,0,20
7937,7937,61,63,1126,1108,0,0,0,0,0,0,0,0,20
7938,7938,62,63,1142,1108,0,0,0,0,0,0,0,0,20
7939,7939,63,63,1158,1108,0,0,0,0,0,0,0,0,20
7940,7940,64,63,1174,1108,0,0,0,0,0,0,0,0,20
7941,7941,65,63,1190,1108,0,0,0,0,0,0,0,0,20
7942,7942,66,63,1206,1108,0,0,0,0,0,0,0,0,20
7943,7943,67,63,1222,1108,0,0,0,0,0,0,0,0,20
7944,7944,68,63,1238,1108,0,0,0,0,0,0,0,0,20
7945,7945,69,63,1254,1108,0,0,0,0,0,0,0,0,20
7946,7946,70,63,1270,1108,0,0,0,0,0,0,0,0,20
7947,7947,71,63,1286,1108,0,0,0,0,0,0,0,0,20
7948,7948,72,63,1302,1108,0,0,0,0,0,0,0,0,20
7949,7949,73,63,1318,1108,0,0,0,0,0,0,0,0,21
7950,7950,74,63,1334,1108,0,0,0,0,0,0,0,0,21
7951,7951,75,63,1350,1108,0,0,0,0,0,0,0,0,21
7952,7952,76,63,1366,1108,0,0,0,0,0,0,0,0,21
7953,7953,77,63,1382,1108,0,0,0,0,0,0,0,0,21
7954,7954,78,63,1398,1108,0,0,0,0,0,0,0,0,21
7955,7955,79,63,1414,1108,0,0,0,0,0,0,0,0,21
7956,7956,80,63,1430,1108,0,0,0,0,0,0,0,0,21
7957,7957,81,63,1446,1108,0,0,0,0,0,0,0,0,21
7958,7958,82,63,1462,1108,0,0,0,0,0,0,0,0,21
7959,7959,83,63,1478,1108,0,0,0,0,0,0,0,0,21
7960,7960,84,63,1494,1108,0,0,0,0,0,0,0,0,21
7961,7961,85,63,1510,1108,0,0,0,0,0,0,0,0,21
7962,7962,86,63,1526,1108,0,0,0,0,0,0,0,0,21
7963,7963,87,63,1542,1108,0,0,0,0,0,0,0,0,21
7964,7964,88,63,1558,1108,0,0,0,0,0,0,0,0,21
7965,7965,89,63,1574,1108,0,0,0,0,0,0,0,0,21
7966,7966,90,63,1590,1108,0,0,0,0,0,0,0,0,21
7967,7967,91,63,1606,1108,0,0,0,0,0,0,0,0,21
7968,7968,92,63,1622,1108,0,0,0,0,0,0,0,0,21
7969,7969,93,63,1638,1108,0,0,0,0,0,0,0,0,17
7970,7970,94,63,1654,1108,0,0,0,0,0,0,0,0,17
7971,7971,95,63,1670,1108,0,0,0,0,0,0,0,0,17
7972,7972,96,63,1686,1108,0,0,0,0,0,0,0,0,17
7973,7973,97,63,1702,1108,0,0,0,0,0,0,0,0,17
7974,7974,98,63,1718,1108,0,0,0,0,0,0,0,0,17
7975,7975,99,63,1734,1108,0,0,0,0,0,0,0,0,14
7976,7976,100,63,1750,1108,0,0,0,0,0,0,0,0,14
7977,7977,101,63,1766,1108,0,0,0,0,0,0,0,0,14
7978,7978,102,63,1782,1108,0,0,0,0,0,0,0,0,14
7979,7979,103,63,1798,1108,0,0,0,0,0,0,0,0,14
7980,7980,104,63,1814,1108,0,0,0,0,0,0,0,0,14
7981,7981,105,63,1830,1108,0,0,0,0,0,0,0,0,14
7982,7982,106,63,1846,1108,0,0,0,0,0,0,0,0,14
7983,7983,107,63,1862,1108,0,0,0,0,0,0,0,0,14
7984,7984,108,63,1878,1108,0,0,0,0,0,0,0,0,14
7985,7985,109,63,1894,1108,0,0,0,0,0,0,0,0,14
7986,7986,110,63,1910,1108,0,0,0,0,0,0,0,0,14
7987,7987,111,63,1926,1108,0,0,0,0,0,0,0,0,14
7988,7988,112,63,1942,1108,0,0,0,0,0,0,0,0,14
7989,7989,113,63,1958,1108,0,0,0,0,0,0,0,0,14
7990,7990,114,63,1974,1108,0,0,0,0,0,0,0,0,14
7991,7991,115,63,1990,1108,0,0,0,0,0,0,0,0,14
7992,7992,116,63,2006,1108,0,0,0,0,0,0,0,0,14
7993,7993,117,63,2022,1108,0,0,0,0,0,0,0,0,14
7994,7994,118,63,2038,1108,0,0,0,0,0,0,0,0,23
7995,7995,119,63,2054,1108,0,0,0,0,0,0,0,0,23
7996,7996,120,63,2070,1108,0,0,0,0,0,0,0,0,23
7997,7997,121,63,2086,1108,0,0,0,0,0,0,0,0,23
7998,7998,122,63,2102,1108,0,0,0,0,0,0,0,0,22
7999,7999,123,63,2118,1108,0,0,0,0,0,0,0,0,22
8000,8000,124,63,2134,1108,0,0,0,0,0,0,0,0,19
8001,8001,0,64,150,1124,0,0,0,0,0,0,0,0,19
8002,8002,1,64,166,1124,0,0,0,0,0,0,0,0,19
8003,8003,2,64,182,1124,0,0,0,0,0,0,0,0,19
8004,8004,3,64,198,1124,0,0,0,0,0,0,0,0,19
8005,8005,4,64,214,1124,0,0,0,0,0,0,0,0,19
8006,8006,5,64,230,1124,0,0,0,0,0,0,0,0,19
8007,8007,6,64,246,1124,0,0,0,0,0,0,0,0,19
8008,8008,7,64,262,1124,0,0,0,0,0,0,0,0,19
8009,8009,8,64,278,1124,0,0,0,0,0,0,0,0,19
8010,8010,9,64,294,1124,0,0,0,0,0,0,0,0,19
8011,8011,10,64,310,1124,0,0,0,0,0,0,0,0,19
8012,8012,11,64,326,1124,0,0,0,0,0,0,0,0,19
8013,8013,12,64,342,1124,0,0,0,0,0,0,0,0,19
8014,8014,13,64,358,1124,0,0,0,0,0,0,0,0,19
8015,8015,14,64,374,1124,0,0,0,0,0,0,0,0,19
8016,8016,15,64,390,1124,0,0,0,0,0,0,0,0,19
8017,8017,16,64,406,1124,0,0,0,0,0,0,0,0,19
8018,8018,17,64,422,1124,0,0,0,0,0,0,0,0,19
8019,8019,18,64,438,1124,0,0,0,0,0,0,0,0,19
8020,8020,19,64,454,1124,0,0,0,0,0,0,0,0,19
8021,8021,20,64,470,1124,0,0,0,0,0,0,0,0,19
8022,8022,21,64,486,1124,0,0,0,0,0,0,0,0,19
8023,8023,22,64,502,1124,0,0,0,0,0,0,0,0,19
8024,8024,23,64,518,1124,0,0,0,0,0,0,0,0,19
8025,8025,24,64,534,1124,0,0,0,0,0,0,0,0,19
8026,8026,25,64,550,1124,0,0,0,0,0,0,0,0,19
8027,8027,26,64,566,1124,0,0,0,0,0,0,0,0,19
8028,8028,27,64,582,1124,0,0,0,0,0,0,0,0,19
8029,8029,28,64,598,1124,0,0,0,0,0,0,0,0,19
8030,8030,29,64,614,1124,0,0,0,0,0,0,0,0,19
8031,8031,30,64,630,1124,0,0,0,0,0,0,0,0,19
8032,8032,31,64,646,1124,0,0,0,0,0,0,0,0,19
8033,8033,32,64,662,1124,0,0,0,0,0,0,0,0,19
8034,8034,33,64,678,1124,0,0,0,0,0,0,0,0,19
8035,8035,34,64,694,1124,0,0,0,0,0,0,0,0,19
8036,8036,35,64,710,1124,0,0,0,0,0,0,0,0,19
8037,8037,36,64,726,1124,0,0,0,0,0,0,0,0,19
8038,8038,37,64,742,1124,0,0,0,0,0,0,0,0,19
8039,8039,38,64,758,1124,0,0,0,0,0,0,0,0,19
8040,8040,39,64,774,1124,0,0,0,0,0,0,0,0,19
8041,8041,40,64,790,1124,0,0,0,0,0,0,0,0,19
8042,8042,41,64,806,1124,0,0,0,0,0,0,0,0,19
8043,8043,42,64,822,1124,0,0,0,0,0,0,0,0,19
8044,8044,43,64,838,1124,0,0,0,0,0,0,0,0,19
8045,8045,44,64,854,1124,0,0,0,0,0,0,0,0,19
8046,8046,45,64,870,1124,0,0,0,0,0,0,0,0,19
8047,8047,46,64,886,1124,0,0,0,0,0,0,0,0,19
8048,8048,47,64,902,1124,0,0,0,0,0,0,0,0,19
8049,8049,48,64,918,1124,0,0,0,0,0,0,0,0,19
8050,8050,49,64,934,1124,0,0,0,0,0,0,0,0,19
8051,8051,50,64,950,1124,0,0,0,0,0,0,0,0,20
8052,8052,51,64,966,1124,0,0,0,0,0,0,0,0,20
8053,8053,52,64,982,1124,0,0,0,0,0,0,0,0,20
8054,8054,53,64,998,1124,0,0,0,0,0,0,0,0,20
8055,8055,54,64,1014,1124,0,0,0,0,0,0,0,0,20
8056,8056,55,64,1030,1124,0,0,0,0,0,0,0,0,20
8057,8057,56,64,1046,1124,0,0,0,0,0,0,0,0,20
8058,8058,57,64,1062,1124,0,0,0,0,0,0,0,0,20
8059,8059,58,64,1078,1124,0,0,0,0,0,0,0,0,20
8060,8060,59,64,1094,1124,0,0,0,0,0,0,0,0,20
8061,8061,60,64,1110,1124,0,0,0,0,0,0,0,0,20
8062,8062,61,64,1126,1124,0,0,0,0,0,0,0,0,20
8063,8063,62,64,1142,1124,0,0,0,0,0,0,0,0,20
8064,8064,63,64,1158,1124,0,0,0,0,0,0,0,0,20
8065,8065,64,64,1174,1124,0,0,0,0,0,0,0,0,20
8066,8066,65,64,1190,1124,0,0,0,0,0,0,0,0,20
8067,8067,66,64,1206,1124,0,0,0,0,0,0,0,0,20
8068,8068,67,64,1222,1124,0,0,0,0,0,0,0,0,20
8069,8069,68,64,1238,1124,0,0,0,0,0,0,0,0,20
8070,8070,69,64,1254,1124,0,0,0,0,0,0,0,0,20
8071,8071,70,64,1270,1124,0,0,0,0,0,0,0,0,20
8072,8072,71,64,1286,1124,0,0,0,0,0,0,0,0,20
8073,8073,72,64,1302,1124,0,0,0,0,0,0,0,0,21
8074,8074,73,64,1318,1124,0,0,0,0,0,0,0,0,21
8075,8075,74,64,1334,1124,0,0,0,0,0,0,0,0,21
8076,8076,75,64,1350,1124,0,0,0,0,0,0,0,0,21
8077,8077,76,64,1366,1124,0,0,0,0,0,0,0,0,21
8078,8078,77,64,1382,1124,0,0,0,0,0,0,0,0,21
8079,8079,78,64,1398,1124,0,0,0,0,0,0,0,0,21
8080,8080,79,64,1414,1124,0,0,0,0,0,0,0,0,21
8081,8081,80,64,1430,1124,0,0,0,0,0,0,0,0,21
8082,8082,81,64,1446,1124,0,0,0,0,0,0,0,0,21
8083,8083,82,64,1462,1124,0,0,0,0,0,0,0,0,21
8084,8084,83,64,1478,1124,0,0,0,0,0,0,0,0,21
8085,8085,84,64,1494,1124,0,0,0,0,0,0,0,0,21
8086,8086,85,64,1510,1124,0,0,0,0,0,0,0,0,21
8087,8087,86,64,1526,1124,0,0,0,0,0,0,0,0,21
8088,8088,87,64,1542,1124,0,0,0,0,0,0,0,0,21
8089,8089,88,64,1558,1124,0,0,0,0,0,0,0,0,21
8090,8090,89,64,1574,1124,0,0,0,0,0,0,0,0,21
8091,8091,90,64,1590,1124,0,0,0,0,0,0,0,0,21
8092,8092,91,64,1606,1124,0,0,0,0,0,0,0,0,21
8093,8093,92,64,1622,1124,0,0,0,0,0,0,0,0,21
8094,8094,93,64,1638,1124,0,0,0,0,0,0,0,0,17
8095,8095,94,64,1654,1124,0,0,0,0,0,0,0,0,17
8096,8096,95,64,1670,1124,0,0,0,0,0,0,0,0,17
8097,8097,96,64,1686,1124,0,0,0,0,0,0,0,0,17
8098,8098,97,64,1702,1124,0,0,0,0,0,0,0,0,17
8099,8099,98,64,1718,1124,0,0,0,0,0,0,0,0,17
8100,8100,99,64,1734,1124,0,0,0,0,0,0,0,0,14
8101,8101,100,64,1750,1124,0,0,0,0,0,0,0,0,14
8102,8102,101,64,1766,1124,0,0,0,0,0,0,0,0,14
8103,8103,102,64,1782,1124,0,0,0,0,0,0,0,0,14
8104,8104,103,64,1798,1124,0,0,0,0,0,0,0,0,14
8105,8105,104,64,1814,1124,0,0,0,0,0,0,0,0,14
8106,8106,105,64,1830,1124,0,0,0,0,0,0,0,0,14
8107,8107,106,64,1846,1124,0,0,0,0,0,0,0,0,14
8108,8108,107,64,1862,1124,0,0,0,0,0,0,0,0,14
8109,8109,108,64,1878,1124,0,0,0,0,0,0,0,0,14
8110,8110,109,64,1894,1124,0,0,0,0,0,0,0,0,14
8111,8111,110,64,1910,1124,0,0,0,0,0,0,0,0,14
8112,8112,111,64,1926,1124,0,0,0,0,0,0,0,0,14
8113,8113,112,64,1942,1124,0,0,0,0,0,0,0,0,14
8114,8114,113,64,1958,1124,0,0,0,0,0,0,0,0,14
8115,8115,114,64,1974,1124,0,0,0,0,0,0,0,0,14
8116,8116,115,64,1990,1124,0,0,0,0,0,0,0,0,14
8117,8117,116,64,2006,1124,0,0,0,0,0,0,0,0,14
8118,8118,117,64,2022,1124,0,0,0,0,0,0,0,0,23
8119,8119,118,64,2038,1124,0,0,0,0,0,0,0,0,23
8120,8120,119,64,2054,1124,0,0,0,0,0,0,0,0,23
8121,8121,120,64,2070,1124,0,0,0,0,0,0,0,0,23
8122,8122,121,64,2086,1124,0,0,0,0,0,0,0,0,23
8123,8123,122,64,2102,1124,0,0,0,0,0,0,0,0,22
8124,8124,123,64,2118,1124,0,0,0,0,0,0,0,0,22
8125,8125,124,64,2134,1124,0,0,0,0,0,0,0,0,19
8126,8126,0,65,150,1140,0,0,0,0,0,0,0,0,19
8127,8127,1,65,166,1140,0,0,0,0,0,0,0,0,19
8128,8128,2,65,182,1140,0,0,0,0,0,0,0,0,19
8129,8129,3,65,198,1140,0,0,0,0,0,0,0,0,19
8130,8130,4,65,214,1140,0,0,0,0,0,0,0,0,19
8131,8131,5,65,230,1140,0,0,0,0,0,0,0,0,19
8132,8132,6,65,246,1140,0,0,0,0,0,0,0,0,19
8133,8133,7,65,262,1140,0,0,0,0,0,0,0,0,19
8134,8134,8,65,278,1140,0,0,0,0,0,0,0,0,19
8135,8135,9,65,294,1140,0,0,0,0,0,0,0,0,19
8136,8136,10,65,310,1140,0,0,0,0,0,0,0,0,19
8137,8137,11,65,326,1140,0,0,0,0,0,0,0,0,19
8138,8138,12,65,342,1140,0,0,0,0,0,0,0,0,19
8139,8139,13,65,358,1140,0,0,0,0,0,0,0,0,19
8140,8140,14,65,374,1140,0,0,0,0,0,0,0,0,19
8141,8141,15,65,390,1140,0,0,0,0,0,0,0,0,19
8142,8142,16,65,406,1140,0,0,0,0,0,0,0,0,19
8143,8143,17,65,422,1140,0,0,0,0,0,0,0,0,19
8144,8144,18,65,438,1140,0,0,0,0,0,0,0,0,19
8145,8145,19,65,454,1140,0,0,0,0,0,0,0,0,19
8146,8146,20,65,470,1140,0,0,0,0,0,0,0,0,19
8147,8147,21,65,486,1140,0,0,0,0,0,0,0,0,19
8148,8148,22,65,502,1140,0,0,0,0,0,0,0,0,19
8149,8149,23,65,518,1140,0,0,0,0,0,0,0,0,19
8150,8150,24,65,534,1140,0,0,0,0,0,0,0,0,19
8151,8151,25,65,550,1140,0,0,0,0,0,0,0,0,19
8152,8152,26,65,566,1140,0,0,0,0,0,0,0,0,19
8153,8153,27,65,582,1140,0,0,0,0,0,0,0,0,19
8154,8154,28,65,598,1140,0,0,0,0,0,0,0,0,19
8155,8155,29,65,614,1140,0,0,0,0,0,0,0,0,19
8156,8156,30,65,630,1140,0,0,0,0,0,0,0,0,19
8157,8157,31,65,646,1140,0,0,0,0,0,0,0,0,19
8158,8158,32,65,662,1140,0,0,0,0,0,0,0,0,19
8159,8159,33,65,678,1140,0,0,0,0,0,0,0,0,19
8160,8160,34,65,694,1140,0,0,0,0,0,0,0,0,19
8161,8161,35,65,710,1140,0,0,0,0,0,0,0,0,19
8162,8162,36,65,726,1140,0,0,0,0,0,0,0,0,19
8163,8163,37,65,742,1140,0,0,0,0,0,0,0,0,19
8164,8164,38,65,758,1140,0,0,0,0,0,0,0,0,19
8165,8165,39,65,774,1140,0,0,0,0,0,0,0,0,19
8166,8166,40,65,790,1140,0,0,0,0,0,0,0,0,19
8167,8167,41,65,806,1140,0,0,0,0,0,0,0,0,19
8168,8168,42,65,822,1140,0,0,0,0,0,0,0,0,19
8169,8169,43,65,838,1140,0,0,0,0,0,0,0,0,19
8170,8170,44,65,854,1140,0,0,0,0,0,0,0,0,19
8171,8171,45,65,870,1140,0,0,0,0,0,0,0,0,19
8172,8172,46,65,886,1140,0,0,0,0,0,0,0,0,19
8173,8173,47,65,902,1140,0,0,0,0,0,0,0,0,19
8174,8174,48,65,918,1140,0,0,0,0,0,0,0,0,19
8175,8175,49,65,934,1140,0,0,0,0,0,0,0,0,19
8176,8176,50,65,950,1140,0,0,0,0,0,0,0,0,19
8177,8177,51,65,966,1140,0,0,0,0,0,0,0,0,20
8178,8178,52,65,982,1140,0,0,0,0,0,0,0,0,20
8179,8179,53,65,998,1140,0,0,0,0,0,0,0,0,20
8180,8180,54,65,1014,1140,0,0,0,0,0,0,0,0,20
8181,8181,55,65,1030,1140,0,0,0,0,0,0,0,0,20
8182,8182,56,65,1046,1140,0,0,0,0,0,0,0,0,20
8183,8183,57,65,1062,1140,0,0,0,0,0,0,0,0,20
8184,8184,58,65,1078,1140,0,0,0,0,0,0,0,0,20
8185,8185,59,65,1094,1140,0,0,0,0,0,0,0,0,20
8186,8186,60,65,1110,1140,0,0,0,0,0,0,0,0,20
8187,8187,61,65,1126,1140,0,0,0,0,0,0,0,0,20
8188,8188,62,65,1142,1140,0,0,0,0,0,0,0,0,20
8189,8189,63,65,1158,1140,0,0,0,0,0,0,0,0,20
8190,8190,64,65,1174,1140,0,0,0,0,0,0,0,0,20
8191,8191,65,65,1190,1140,0,0,0,0,0,0,0,0,20
8192,8192,66,65,1206,1140,0,0,0,0,0,0,0,0,20
8193,8193,67,65,1222,1140,0,0,0,0,0,0,0,0,20
8194,8194,68,65,1238,1140,0,0,0,0,0,0,0,0,20
8195,8195,69,65,1254,1140,0,0,0,0,0,0,0,0,20
8196,8196,70,65,1270,1140,0,0,0,0,0,0,0,0,20
8197,8197,71,65,1286,1140,0,0,0,0,0,0,0,0,21
8198,8198,72,65,1302,1140,0,0,0,0,0,0,0,0,21
8199,8199,73,65,1318,1140,0,0,0,0,0,0,0,0,21
8200,8200,74,65,1334,1140,0,0,0,0,0,0,0,0,21
8201,8201,75,65,1350,1140,0,0,0,0,0,0,0,0,21
8202,8202,76,65,1366,1140,0,0,0,0,0,0,0,0,21
8203,8203,77,65,1382,1140,0,0,0,0,0,0,0,0,21
8204,8204,78,65,1398,1140,0,0,0,0,0,0,0,0,21
8205,8205,79,65,1414,1140,0,0,0,0,0,0,0,0,21
8206,8206,80,65,1430,1140,0,0,0,0,0,0,0,0,21
8207,8207,81,65,1446,1140,0,0,0,0,0,0,0,0,21
8208,8208,82,65,1462,1140,0,0,0,0,0,0,0,0,21
8209,8209,83,65,1478,1140,0,0,0,0,0,0,0,0,21
8210,8210,84,65,1494,1140,0,0,0,0,0,0,0,0,21
8211,8211,85,65,1510,1140,0,0,0,0,0,0,0,0,21
8212,8212,86,65,1526,1140,0,0,0,0,0,0,0,0,21
8213,8213,87,65,1542,1140,0,0,0,0,0,0,0,0,21
8214,8214,88,65,1558,1140,0,0,0,0,0,0,0,0,21
8215,8215,89,65,1574,1140,0,0,0,0,0,0,0,0,21
8216,8216,90,65,1590,1140,0,0,0,0,0,0,0,0,21
8217,8217,91,65,1606,1140,0,0,0,0,0,0,0,0,21
8218,8218,92,65,1622,1140,0,0,0,0,0,0,0,0,21
8219,8219,93,65,1638,1140,0,0,0,0,0,0,0,0,21
8220,8220,94,65,1654,1140,0,0,0,0,0,0,0,0,17
8221,8221,95,65,1670,1140,0,0,0,0,0,0,0,0,17
8222,8222,96,65,1686,1140,0,0,0,0,0,0,0,0,17
8223,8223,97,65,1702,1140,0,0,0,0,0,0,0,0,17
8224,8224,98,65,1718,1140,0,0,0,0,0,0,0,0,17
8225,8225,99,65,1734,1140,0,0,0,0,0,0,0,0,14
8226,8226,100,65,1750,1140,0,0,0,0,0,0,0,0,14
8227,8227,101,65,1766,1140,0,0,0,0,0,0,0,0,14
8228,8228,102,65,1782,1140,0,0,0,0,0,0,0,0,14
8229,8229,103,65,1798,1140,0,0,0,0,0,0,0,0,14
8230,8230,104,65,1814,1140,0,0,0,0,0,0,0,0,14
8231,8231,105,65,1830,1140,0,0,0,0,0,0,0,0,14
8232,8232,106,65,1846,1140,0,0,0,0,0,0,0,0,14
8233,8233,107,65,1862,1140,0,0,0,0,0,0,0,0,14
8234,8234,108,65,1878,1140,0,0,0,0,0,0,0,0,14
8235,8235,109,65,1894,1140,0,0,0,0,0,0,0,0,14
8236,8236,110,65,1910,1140,0,0,0,0,0,0,0,0,14
8237,8237,111,65,1926,1140,0,0,0,0,0,0,0,0,14
8238,8238,112,65,1942,1140,0,0,0,0,0,0,0,0,14
8239,8239,113,65,1958,1140,0,0,0,0,0,0,0,0,14
8240,8240,114,65,1974,1140,0,0,0,0,0,0,0,0,14
8241,8241,115,65,1990,1140,0,0,0,0,0,0,0,0,14
8242,8242,116,65,2006,1140,0,0,0,0,0,0,0,0,14
8243,8243,117,65,2022,1140,0,0,0,0,0,0,0,0,23
8244,8244,118,65,2038,1140,0,0,0,0,0,0,0,0,23
8245,8245,119,65,2054,1140,0,0,0,0,0,0,0,0,23
8246,8246,120,65,2070,1140,0,0,0,0,0,0,0,0,23
8247,8247,121,65,2086,1140,0,0,0,0,0,0,0,0,22
8248,8248,122,65,2102,1140,0,0,0,0,0,0,0,0,22
8249,8249,123,65,2118,1140,0,0,0,0,0,0,0,0,22
8250,8250,124,65,2134,1140,0,0,0,0,0,0,0,0,19
8251,8251,0,66,150,1156,0,0,0,0,0,0,0,0,19
8252,8252,1,66,166,1156,0,0,0,0,0,0,0,0,19
8253,8253,2,66,182,1156,0,0,0,0,0,0,0,0,19
8254,8254,3,66,198,1156,0,0,0,0,0,0,0,0,19
8255,8255,4,66,214,1156,0,0,0,0,0,0,0,0,19
8256,8256,5,66,230,1156,0,0,0,0,0,0,0,0,19
8257,8257,6,66,246,1156,0,0,0,0,0,0,0,0,19
8258,8258,7,66,262,1156,0,0,0,0,0,0,0,0,19
8259,8259,8,66,278,1156,0,0,0,0,0,0,0,0,19
8260,8260,9,66,294,1156,0,0,0,0,0,0,0,0,19
8261,8261,10,66,310,1156,0,0,0,0,0,0,0,0,19
8262,8262,11,66,326,1156,0,0,0,0,0,0,0,0,19
8263,8263,12,66,342,1156,0,0,0,0,0,0,0,0,19
8264,8264,13,66,358,1156,0,0,0,0,0,0,0,0,19
8265,8265,14,66,374,1156,0,0,0,0,0,0,0,0,19
8266,8266,15,66,390,1156,0,0,0,0,0,0,0,0,19
8267,8267,16,66,406,1156,0,0,0,0,0,0,0,0,19
8268,8268,17,66,422,1156,0,0,0,0,0,0,0,0,19
8269,8269,18,66,438,1156,0,0,0,0,0,0,0,0,19
8270,8270,19,66,454,1156,0,0,0,0,0,0,0,0,19
8271,8271,20,66,470,1156,0,0,0,0,0,0,0,0,19
8272,8272,21,66,486,1156,0,0,0,0,0,0,0,0,19
8273,8273,22,66,502,1156,0,0,0,0,0,0,0,0,19
8274,8274,23,66,518,1156,0,0,0,0,0,0,0,0,19
8275,8275,24,66,534,1156,0,0,0,0,0,0,0,0,19
8276,8276,25,66,550,1156,0,0,0,0,0,0,0,0,19
8277,8277,26,66,566,1156,0,0,0,0,0,0,0,0,19
8278,8278,27,66,582,1156,0,0,0,0,0,0,0,0,19
8279,8279,28,66,598,1156,0,0,0,0,0,0,0,0,19
8280,8280,29,66,614,1156,0,0,0,0,0,0,0,0,19
8281,8281,30,66,630,1156,0,0,0,0,0,0,0,0,19
8282,8282,31,66,646,1156,0,0,0,0,0,0,0,0,19
8283,8283,32,66,662,1156,0,0,0,0,0,0,0,0,19
8284,8284,33,66,678,1156,0,0,0,0,0,0,0,0,19
8285,8285,34,66,694,1156,0,0,0,0,0,0,0,0,19
8286,8286,35,66,710,1156,0,0,0,0,0,0,0,0,19
8287,8287,36,66,726,1156,0,0,0,0,0,0,0,0,19
8288,8288,37,66,742,1156,0,0,0,0,0,0,0,0,19
8289,8289,38,66,758,1156,0,0,0,0,0,0,0,0,19
8290,8290,39,66,774,1156,0,0,0,0,0,0,0,0,19
8291,8291,40,66,790,1156,0,0,0,0,0,0,0,0,19
8292,8292,41,66,806,1156,0,0,0,0,0,0,0,0,19
8293,8293,42,66,822,1156,0,0,0,0,0,0,0,0,19
8294,8294,43,66,838,1156,0,0,0,0,0,0,0,0,19
8295,8295,44,66,854,1156,0,0,0,0,0,0,0,0,19
8296,8296,45,66,870,1156,0,0,0,0,0,0,0,0,19
8297,8297,46,66,886,1156,0,0,0,0,0,0,0,0,19
8298,8298,47,66,902,1156,0,0,0,0,0,0,0,0,19
8299,8299,48,66,918,1156,0,0,0,0,0,0,0,0,19
8300,8300,49,66,934,1156,0,0,0,0,0,0,0,0,20
8301,8301,50,66,950,1156,0,0,0,0,0,0,0,0,20
8302,8302,51,66,966,1156,0,0,0,0,0,0,0,0,20
8303,8303,52,66,982,1156,0,0,0,0,0,0,0,0,20
8304,8304,53,66,998,1156,0,0,0,0,0,0,0,0,20
8305,8305,54,66,1014,1156,0,0,0,0,0,0,0,0,20
8306,8306,55,66,1030,1156,0,0,0,0,0,0,0,0,20
8307,8307,56,66,1046,1156,0,0,0,0,0,0,0,0,20
8308,8308,57,66,1062,1156,0,0,0,0,0,0,0,0,20
8309,8309,58,66,1078,1156,0,0,0,0,0,0,0,0,20
8310,8310,59,66,1094,1156,0,0,0,0,0,0,0,0,20
8311,8311,60,66,1110,1156,0,0,0,0,0,0,0,0,20
8312,8312,61,66,1126,1156,0,0,0,0,0,0,0,0,20
8313,8313,62,66,1142,1156,0,0,0,0,0,0,0,0,20
8314,8314,63,66,1158,1156,0,0,0,0,0,0,0,0,20
8315,8315,64,66,1174,1156,0,0,0,0,0,0,0,0,20
8316,8316,65,66,1190,1156,0,0,0,0,0,0,0,0,20
8317,8317,66,66,1206,1156,0,0,0,0,0,0,0,0,20
8318,8318,67,66,1222,1156,0,0,0,0,0,0,0,0,20
8319,8319,68,66,1238,1156,0,0,0,0,0,0,0,0,20
8320,8320,69,66,1254,1156,0,0,0,0,0,0,0,0,20
8321,8321,70,66,1270,1156,0,0,0,0,0,0,0,0,20
8322,8322,71,66,1286,1156,0,0,0,0,0,0,0,0,21
8323,8323,72,66,1302,1156,0,0,0,0,0,0,0,0,21
8324,8324,73,66,1318,1156,0,0,0,0,0,0,0,0,21
8325,8325,74,66,1334,1156,0,0,0,0,0,0,0,0,21
8326,8326,75,66,1350,1156,0,0,0,0,0,0,0,0,21
8327,8327,76,66,1366,1156,0,0,0,0,0,0,0,0,21
8328,8328,77,66,1382,1156,0,0,0,0,0,0,0,0,21
8329,8329,78,66,1398,1156,0,0,0,0,0,0,0,0,21
8330,8330,79,66,1414,1156,0,0,0,0,0,0,0,0,21
8331,8331,80,66,1430,1156,0,0,0,0,0,0,0,0,21
8332,8332,81,66,1446,1156,0,0,0,0,0,0,0,0,21
8333,8333,82,66,1462,1156,0,0,0,0,0,0,0,0,21
8334,8334,83,66,1478,1156,0,0,0,0,0,0,0,0,21
8335,8335,84,66,1494,1156,0,0,0,0,0,0,0,0,21
8336,8336,85,66,1510,1156,0,0,0,0,0,0,0,0,21
8337,8337,86,66,1526,1156,0,0,0,0,0,0,0,0,21
8338,8338,87,66,1542,1156,0,0,0,0,0,0,0,0,21
8339,8339,88,66,1558,1156,0,0,0,0,0,0,0,0,21
8340,8340,89,66,1574,1156,0,0,0,0,0,0,0,0,21
8341,8341,90,66,1590,1156,0,0,0,0,0,0,0,0,21
8342,8342,91,66,1606,1156,0,0,0,0,0,0,0,0,21
8343,8343,92,66,1622,1156,0,0,0,0,0,0,0,0,21
8344,8344,93,66,1638,1156,0,0,0,0,0,0,0,0,21
8345,8345,94,66,1654,1156,0,0,0,0,0,0,0,0,17
8346,8346,95,66,1670,1156,0,0,0,0,0,0,0,0,17
8347,8347,96,66,1686,1156,0,0,0,0,0,0,0,0,17
8348,8348,97,66,1702,1156,0,0,0,0,0,0,0,0,17
8349,8349,98,66,1718,1156,0,0,0,0,0,0,0,0,17
8350,8350,99,66,1734,1156,0,0,0,0,0,0,0,0,14
8351,8351,100,66,1750,1156,0,0,0,0,0,0,0,0,14
8352,8352,101,66,1766,1156,0,0,0,0,0,0,0,0,14
8353,8353,102,66,1782,1156,0,0,0,0,0,0,0,0,14
8354,8354,103,66,1798,1156,0,0,0,0,0,0,0,0,14
8355,8355,104,66,1814,1156,0,0,0,0,0,0,0,0,14
8356,8356,105,66,1830,1156,0,0,0,0,0,0,0,0,14
8357,8357,106,66,1846,1156,0,0,0,0,0,0,0,0,14
8358,8358,107,66,1862,1156,0,0,0,0,0,0,0,0,14
8359,8359,108,66,1878,1156,0,0,0,0,0,0,0,0,14
8360,8360,109,66,1894,1156,0,0,0,0,0,0,0,0,14
8361,8361,110,66,1910,1156,0,0,0,0,0,0,0,0,14
8362,8362,111,66,1926,1156,0,0,0,0,0,0,0,0,14
8363,8363,112,66,1942,1156,0,0,0,0,0,0,0,0,14
8364,8364,113,66,1958,1156,0,0,0,0,0,0,0,0,14
8365,8365,114,66,1974,1156,0,0,0,0,0,0,0,0,14
8366,8366,115,66,1990,1156,0,0,0,0,0,0,0,0,14
8367,8367,116,66,2006,1156,0,0,0,0,0,0,0,0,23
8368,8368,117,66,2022,1156,0,0,0,0,0,0,0,0,23
8369,8369,118,66,2038,1156,0,0,0,0,0,0,0,0,23
8370,8370,119,66,2054,1156,0,0,0,0,0,0,0,0,23
8371,8371,120,66,2070,1156,0,0,0,0,0,0,0,0,23
8372,8372,121,66,2086,1156,0,0,0,0,0,0,0,0,22
8373,8373,122,66,2102,1156,0,0,0,0,0,0,0,0,22
8374,8374,123,66,2118,1156,0,0,0,0,0,0,0,0,22
8375,8375,124,66,2134,1156,0,0,0,0,0,0,0,0,19
8376,8376,0,67,150,1172,0,0,0,0,0,0,0,0,19
8377,8377,1,67,166,1172,0,0,0,0,0,0,0,0,19
8378,8378,2,67,182,1172,0,0,0,0,0,0,0,0,19
8379,8379,3,67,198,1172,0,0,0,0,0,0,0,0,19
8380,8380,4,67,214,1172,0,0,0,0,0,0,0,0,19
8381,8381,5,67,230,1172,0,0,0,0,0,0,0,0,19
8382,8382,6,67,246,1172,0,0,0,0,0,0,0,0,19
8383,8383,7,67,262,1172,0,0,0,0,0,0,0,0,19
8384,8384,8,67,278,1172,0,0,0,0,0,0,0,0,19
8385,8385,9,67,294,1172,0,0,0,0,0,0,0,0,19
8386,8386,10,67,310,1172,0,0,0,0,0,0,0,0,19
8387,8387,11,67,326,1172,0,0,0,0,0,0,0,0,19
8388,8388,12,67,342,1172,0,0,0,0,0,0,0,0,19
8389,8389,13,67,358,1172,0,0,0,0,0,0,0,0,19
8390,8390,14,67,374,1172,0,0,0,0,0,0,0,0,19
8391,8391,15,67,390,1172,0,0,0,0,0,0,0,0,19
8392,8392,16,67,406,1172,0,0,0,0,0,0,0,0,19
8393,8393,17,67,422,1172,0,0,0,0,0,0,0,0,19
8394,8394,18,67,438,1172,0,0,0,0,0,0,0,0,19
8395,8395,19,67,454,1172,0,0,0,0,0,0,0,0,19
8396,8396,20,67,470,1172,0,0,0,0,0,0,0,0,19
8397,8397,21,67,486,1172,0,0,0,0,0,0,0,0,19
8398,8398,22,67,502,1172,0,0,0,0,0,0,0,0,19
8399,8399,23,67,518,1172,0,0,0,0,0,0,0,0,19
8400,8400,24,67,534,1172,0,0,0,0,0,0,0,0,19
8401,8401,25,67,550,1172,0,0,0,0,0,0,0,0,19
8402,8402,26,67,566,1172,0,0,0,0,0,0,0,0,19
8403,8403,27,67,582,1172,0,0,0,0,0,0,0,0,19
8404,8404,28,67,598,1172,0,0,0,0,0,0,0,0,19
8405,8405,29,67,614,1172,0,0,0,0,0,0,0,0,19
8406,8406,30,67,630,1172,0,0,0,0,0,0,0,0,19
8407,8407,31,67,646,1172,0,0,0,0,0,0,0,0,19
8408,8408,32,67,662,1172,0,0,0,0,0,0,0,0,19
8409,8409,33,67,678,1172,0,0,0,0,0,0,0,0,19
8410,8410,34,67,694,1172,0,0,0,0,0,0,0,0,19
8411,8411,35,67,710,1172,0,0,0,0,0,0,0,0,19
8412,8412,36,67,726,1172,0,0,0,0,0,0,0,0,19
8413,8413,37,67,742,1172,0,0,0,0,0,0,0,0,19
8414,8414,38,67,758,1172,0,0,0,0,0,0,0,0,19
8415,8415,39,67,774,1172,0,0,0,0,0,0,0,0,19
8416,8416,40,67,790,1172,0,0,0,0,0,0,0,0,19
8417,8417,41,67,806,1172,0,0,0,0,0,0,0,0,19
8418,8418,42,67,822,1172,0,0,0,0,0,0,0,0,19
8419,8419,43,67,838,1172,0,0,0,0,0,0,0,0,19
8420,8420,44,67,854,1172,0,0,0,0,0,0,0,0,19
8421,8421,45,67,870,1172,0,0,0,0,0,0,0,0,19
8422,8422,46,67,886,1172,0,0,0,0,0,0,0,0,19
8423,8423,47,67,902,1172,0,0,0,0,0,0,0,0,19
8424,8424,48,67,918,1172,0,0,0,0,0,0,0,0,19
8425,8425,49,67,934,1172,0,0,0,0,0,0,0,0,19
8426,8426,50,67,950,1172,0,0,0,0,0,0,0,0,20
8427,8427,51,67,966,1172,0,0,0,0,0,0,0,0,20
8428,8428,52,67,982,1172,0,0,0,0,0,0,0,0,20
8429,8429,53,67,998,1172,0,0,0,0,0,0,0,0,20
8430,8430,54,67,1014,1172,0,0,0,0,0,0,0,0,20
8431,8431,55,67,1030,1172,0,0,0,0,0,0,0,0,20
8432,8432,56,67,1046,1172,0,0,0,0,0,0,0,0,20
8433,8433,57,67,1062,1172,0,0,0,0,0,0,0,0,20
8434,8434,58,67,1078,1172,0,0,0,0,0,0,0,0,20
8435,8435,59,67,1094,1172,0,0,0,0,0,0,0,0,20
8436,8436,60,67,1110,1172,0,0,0,0,0,0,0,0,20
8437,8437,61,67,1126,1172,0,0,0,0,0,0,0,0,20
8438,8438,62,67,1142,1172,0,0,0,0,0,0,0,0,20
8439,8439,63,67,1158,1172,0,0,0,0,0,0,0,0,20
8440,8440,64,67,1174,1172,0,0,0,0,0,0,0,0,20
8441,8441,65,67,1190,1172,0,0,0,0,0,0,0,0,20
8442,8442,66,67,1206,1172,0,0,0,0,0,0,0,0,20
8443,8443,67,67,1222,1172,0,0,0,0,0,0,0,0,20
8444,8444,68,67,1238,1172,0,0,0,0,0,0,0,0,20
8445,8445,69,67,1254,1172,0,0,0,0,0,0,0,0,20
8446,8446,70,67,1270,1172,0,0,0,0,0,0,0,0,21
8447,8447,71,67,1286,1172,0,0,0,0,0,0,0,0,21
8448,8448,72,67,1302,1172,0,0,0,0,0,0,0,0,21
8449,8449,73,67,1318,1172,0,0,0,0,0,0,0,0,21
8450,8450,74,67,1334,1172,0,0,0,0,0,0,0,0,21
8451,8451,75,67,1350,1172,0,0,0,0,0,0,0,0,21
8452,8452,76,67,1366,1172,0,0,0,0,0,0,0,0,21
8453,8453,77,67,1382,1172,0,0,0,0,0,0,0,0,21
8454,8454,78,67,1398,1172,0,0,0,0,0,0,0,0,21
8455,8455,79,67,1414,1172,0,0,0,0,0,0,0,0,21
8456,8456,80,67,1430,1172,0,0,0,0,0,0,0,0,21
8457,8457,81,67,1446,1172,0,0,0,0,0,0,0,0,21
8458,8458,82,67,1462,1172,0,0,0,0,0,0,0,0,21
8459,8459,83,67,1478,1172,0,0,0,0,0,0,0,0,21
8460,8460,84,67,1494,1172,0,0,0,0,0,0,0,0,21
8461,8461,85,67,1510,1172,0,0,0,0,0,0,0,0,21
8462,8462,86,67,1526,1172,0,0,0,0,0,0,0,0,21
8463,8463,87,67,1542,1172,0,0,0,0,0,0,0,0,21
8464,8464,88,67,1558,1172,0,0,0,0,0,0,0,0,21
8465,8465,89,67,1574,1172,0,0,0,0,0,0,0,0,21
8466,8466,90,67,1590,1172,0,0,0,0,0,0,0,0,21
8467,8467,91,67,1606,1172,0,0,0,0,0,0,0,0,21
8468,8468,92,67,1622,1172,0,0,0,0,0,0,0,0,21
8469,8469,93,67,1638,1172,0,0,0,0,0,0,0,0,21
8470,8470,94,67,1654,1172,0,0,0,0,0,0,0,0,17
8471,8471,95,67,1670,1172,0,0,0,0,0,0,0,0,17
8472,8472,96,67,1686,1172,0,0,0,0,0,0,0,0,17
8473,8473,97,67,1702,1172,0,0,0,0,0,0,0,0,17
8474,8474,98,67,1718,1172,0,0,0,0,0,0,0,0,17
8475,8475,99,67,1734,1172,0,0,0,0,0,0,0,0,14
8476,8476,100,67,1750,1172,0,0,0,0,0,0,0,0,14
8477,8477,101,67,1766,1172,0,0,0,0,0,0,0,0,14
8478,8478,102,67,1782,1172,0,0,0,0,0,0,0,0,14
8479,8479,103,67,1798,1172,0,0,0,0,0,0,0,0,14
8480,8480,104,67,1814,1172,0,0,0,0,0,0,0,0,14
8481,8481,105,67,1830,1172,0,0,0,0,0,0,0,0,14
8482,8482,106,67,1846,1172,0,0,0,0,0,0,0,0,14
8483,8483,107,67,1862,1172,0,0,0,0,0,0,0,0,14
8484,8484,108,67,1878,1172,0,0,0,0,0,0,0,0,14
8485,8485,109,67,1894,1172,0,0,0,0,0,0,0,0,14
8486,8486,110,67,1910,1172,0,0,0,0,0,0,0,0,14
8487,8487,111,67,1926,1172,0,0,0,0,0,0,0,0,14
8488,8488,112,67,1942,1172,0,0,0,0,0,0,0,0,14
8489,8489,113,67,1958,1172,0,0,0,0,0,0,0,0,14
8490,8490,114,67,1974,1172,0,0,0,0,0,0,0,0,14
8491,8491,115,67,1990,1172,0,0,0,0,0,0,0,0,23
8492,8492,116,67,2006,1172,0,0,0,0,0,0,0,0,23
8493,8493,117,67,2022,1172,0,0,0,0,0,0,0,0,23
8494,8494,118,67,2038,1172,0,0,0,0,0,0,0,0,23
8495,8495,119,67,2054,1172,0,0,0,0,0,0,0,0,23
8496,8496,120,67,2070,1172,0,0,0,0,0,0,0,0,23
8497,8497,121,67,2086,1172,0,0,0,0,0,0,0,0,22
8498,8498,122,67,2102,1172,0,0,0,0,0,0,0,0,22
8499,8499,123,67,2118,1172,0,0,0,0,0,0,0,0,22
8500,8500,124,67,2134,1172,0,0,0,0,0,0,0,0,19
8501,8501,0,68,150,1188,0,0,0,0,0,0,0,0,19
8502,8502,1,68,166,1188,0,0,0,0,0,0,0,0,19
8503,8503,2,68,182,1188,0,0,0,0,0,0,0,0,19
8504,8504,3,68,198,1188,0,0,0,0,0,0,0,0,19
8505,8505,4,68,214,1188,0,0,0,0,0,0,0,0,19
8506,8506,5,68,230,1188,0,0,0,0,0,0,0,0,19
8507,8507,6,68,246,1188,0,0,0,0,0,0,0,0,19
8508,8508,7,68,262,1188,0,0,0,0,0,0,0,0,19
8509,8509,8,68,278,1188,0,0,0,0,0,0,0,0,19
8510,8510,9,68,294,1188,0,0,0,0,0,0,0,0,19
8511,8511,10,68,310,1188,0,0,0,0,0,0,0,0,19
8512,8512,11,68,326,1188,0,0,0,0,0,0,0,0,19
8513,8513,12,68,342,1188,0,0,0,0,0,0,0,0,19
8514,8514,13,68,358,1188,0,0,0,0,0,0,0,0,19
8515,8515,14,68,374,1188,0,0,0,0,0,0,0,0,19
8516,8516,15,68,390,1188,0,0,0,0,0,0,0,0,19
8517,8517,16,68,406,1188,0,0,0,0,0,0,0,0,19
8518,8518,17,68,422,1188,0,0,0,0,0,0,0,0,19
8519,8519,18,68,438,1188,0,0,0,0,0,0,0,0,19
8520,8520,19,68,454,1188,0,0,0,0,0,0,0,0,19
8521,8521,20,68,470,1188,0,0,0,0,0,0,0,0,19
8522,8522,21,68,486,1188,0,0,0,0,0,0,0,0,19
8523,8523,22,68,502,1188,0,0,0,0,0,0,0,0,19
8524,8524,23,68,518,1188,0,0,0,0,0,0,0,0,19
8525,8525,24,68,534,1188,0,0,0,0,0,0,0,0,19
8526,8526,25,68,550,1188,0,0,0,0,0,0,0,0,19
8527,8527,26,68,566,1188,0,0,0,0,0,0,0,0,19
8528,8528,27,68,582,1188,0,0,0,0,0,0,0,0,19
8529,8529,28,68,598,1188,0,0,0,0,0,0,0,0,19
8530,8530,29,68,614,1188,0,0,0,0,0,0,0,0,19
8531,8531,30,68,630,1188,0,0,0,0,0,0,0,0,19
8532,8532,31,68,646,1188,0,0,0,0,0,0,0,0,19
8533,8533,32,68,662,1188,0,0,0,0,0,0,0,0,19
8534,8534,33,68,678,1188,0,0,0,0,0,0,0,0,19
8535,8535,34,68,694,1188,0,0,0,0,0,0,0,0,19
8536,8536,35,68,710,1188,0,0,0,0,0,0,0,0,19
8537,8537,36,68,726,1188,0,0,0,0,0,0,0,0,19
8538,8538,37,68,742,1188,0,0,0,0,0,0,0,0,19
8539,8539,38,68,758,1188,0,0,0,0,0,0,0,0,19
8540,8540,39,68,774,1188,0,0,0,0,0,0,0,0,19
8541,8541,40,68,790,1188,0,0,0,0,0,0,0,0,19
8542,8542,41,68,806,1188,0,0,0,0,0,0,0,0,19
8543,8543,42,68,822,1188,0,0,0,0,0,0,0,0,19
8544,8544,43,68,838,1188,0,0,0,0,0,0,0,0,19
8545,8545,44,68,854,1188,0,0,0,0,0,0,0,0,19
8546,8546,45,68,870,1188,0,0,0,0,0,0,0,0,19
8547,8547,46,68,886,1188,0,0,0,0,0,0,0,0,19
8548,8548,47,68,902,1188,0,0,0,0,0,0,0,0,19
8549,8549,48,68,918,1188,0,0,0,0,0,0,0,0,19
8550,8550,49,68,934,1188,0,0,0,0,0,0,0,0,19
8551,8551,50,68,950,1188,0,0,0,0,0,0,0,0,20
8552,8552,51,68,966,1188,0,0,0,0,0,0,0,0,20
8553,8553,52,68,982,1188,0,0,0,0,0,0,0,0,20
8554,8554,53,68,998,1188,0,0,0,0,0,0,0,0,20
8555,8555,54,68,1014,1188,0,0,0,0,0,0,0,0,20
8556,8556,55,68,1030,1188,0,0,0,0,0,0,0,0,20
8557,8557,56,68,1046,1188,0,0,0,0,0,0,0,0,20
8558,8558,57,68,1062,1188,0,0,0,0,0,0,0,0,20
8559,8559,58,68,1078,1188,0,0,0,0,0,0,0,0,20
8560,8560,59,68,1094,1188,0,0,0,0,0,0,0,0,20
8561,8561,60,68,1110,1188,0,0,0,0,0,0,0,0,20
8562,8562,61,68,1126,1188,0,0,0,0,0,0,0,0,20
8563,8563,62,68,1142,1188,0,0,0,0,0,0,0,0,20
8564,8564,63,68,1158,1188,0,0,0,0,0,0,0,0,20
8565,8565,64,68,1174,1188,0,0,0,0,0,0,0,0,20
8566,8566,65,68,1190,1188,0,0,0,0,0,0,0,0,20
8567,8567,66,68,1206,1188,0,0,0,0,0,0,0,0,20
8568,8568,67,68,1222,1188,0,0,0,0,0,0,0,0,20
8569,8569,68,68,1238,1188,0,0,0,0,0,0,0,0,20
8570,8570,69,68,1254,1188,0,0,0,0,0,0,0,0,21
8571,8571,70,68,1270,1188,0,0,0,0,0,0,0,0,21
8572,8572,71,68,1286,1188,0,0,0,0,0,0,0,0,21
8573,8573,72,68,1302,1188,0,0,0,0,0,0,0,0,21
8574,8574,73,68,1318,1188,0,0,0,0,0,0,0,0,21
8575,8575,74,68,1334,1188,0,0,0,0,0,0,0,0,21
8576,8576,75,68,1350,1188,0,0,0,0,0,0,0,0,21
8577,8577,76,68,1366,1188,0,0,0,0,0,0,0,0,21
8578,8578,77,68,1382,1188,0,0,0,0,0,0,0,0,21
8579,8579,78,68,1398,1188,0,0,0,0,0,0,0,0,21
8580,8580,79,68,1414,1188,0,0,0,0,0,0,0,0,21
8581,8581,80,68,1430,1188,0,0,0,0,0,0,0,0,21
8582,8582,81,68,1446,1188,0,0,0,0,0,0,0,0,21
8583,8583,82,68,1462,1188,0,0,0,0,0,0,0,0,21
8584,8584,83,68,1478,1188,0,0,0,0,0,0,0,0,21
8585,8585,84,68,1494,1188,0,0,0,0,0,0,0,0,21
8586,8586,85,68,1510,1188,0,0,0,0,0,0,0,0,21
8587,8587,86,68,1526,1188,0,0,0,0,0,0,0,0,21
8588,8588,87,68,1542,1188,0,0,0,0,0,0,0,0,21
8589,8589,88,68,1558,1188,0,0,0,0,0,0,0,0,21
8590,8590,89,68,1574,1188,0,0,0,0,0,0,0,0,21
8591,8591,90,68,1590,1188,0,0,0,0,0,0,0,0,21
8592,8592,91,68,1606,1188,0,0,0,0,0,0,0,0,21
8593,8593,92,68,1622,1188,0,0,0,0,0,0,0,0,21
8594,8594,93,68,1638,1188,0,0,0,0,0,0,0,0,21
8595,8595,94,68,1654,1188,0,0,0,0,0,0,0,0,17
8596,8596,95,68,1670,1188,0,0,0,0,0,0,0,0,17
8597,8597,96,68,1686,1188,0,0,0,0,0,0,0,0,17
8598,8598,97,68,1702,1188,0,0,0,0,0,0,0,0,17
8599,8599,98,68,1718,1188,0,0,0,0,0,0,0,0,17
8600,8600,99,68,1734,1188,0,0,0,0,0,0,0,0,17
8601,8601,100,68,1750,1188,0,0,0,0,0,0,0,0,14
8602,8602,101,68,1766,1188,0,0,0,0,0,0,0,0,14
8603,8603,102,68,1782,1188,0,0,0,0,0,0,0,0,14
8604,8604,103,68,1798,1188,0,0,0,0,0,0,0,0,14
8605,8605,104,68,1814,1188,0,0,0,0,0,0,0,0,14
8606,8606,105,68,1830,1188,0,0,0,0,0,0,0,0,14
8607,8607,106,68,1846,1188,0,0,0,0,0,0,0,0,14
8608,8608,107,68,1862,1188,0,0,0,0,0,0,0,0,14
8609,8609,108,68,1878,1188,0,0,0,0,0,0,0,0,14
8610,8610,109,68,1894,1188,0,0,0,0,0,0,0,0,14
8611,8611,110,68,1910,1188,0,0,0,0,0,0,0,0,14
8612,8612,111,68,1926,1188,0,0,0,0,0,0,0,0,14
8613,8613,112,68,1942,1188,0,0,0,0,0,0,0,0,14
8614,8614,113,68,1958,1188,0,0,0,0,0,0,0,0,14
8615,8615,114,68,1974,1188,0,0,0,0,0,0,0,0,23
8616,8616,115,68,1990,1188,0,0,0,0,0,0,0,0,23
8617,8617,116,68,2006,1188,0,0,0,0,0,0,0,0,23
8618,8618,117,68,2022,1188,0,0,0,0,0,0,0,0,23
8619,8619,118,68,2038,1188,0,0,0,0,0,0,0,0,23
8620,8620,119,68,2054,1188,0,0,0,0,0,0,0,0,23
8621,8621,120,68,2070,1188,0,0,0,0,0,0,0,0,22
8622,8622,121,68,2086,1188,0,0,0,0,0,0,0,0,22
8623,8623,122,68,2102,1188,0,0,0,0,0,0,0,0,22
8624,8624,123,68,2118,1188,0,0,0,0,0,0,0,0,22
8625,8625,124,68,2134,1188,0,0,0,0,0,0,0,0,19
8626,8626,0,69,150,1204,0,0,0,0,0,0,0,0,19
8627,8627,1,69,166,1204,0,0,0,0,0,0,0,0,19
8628,8628,2,69,182,1204,0,0,0,0,0,0,0,0,19
8629,8629,3,69,198,1204,0,0,0,0,0,0,0,0,19
8630,8630,4,69,214,1204,0,0,0,0,0,0,0,0,19
8631,8631,5,69,230,1204,0,0,0,0,0,0,0,0,19
8632,8632,6,69,246,1204,0,0,0,0,0,0,0,0,19
8633,8633,7,69,262,1204,0,0,0,0,0,0,0,0,19
8634,8634,8,69,278,1204,0,0,0,0,0,0,0,0,19
8635,8635,9,69,294,1204,0,0,0,0,0,0,0,0,19
8636,8636,10,69,310,1204,0,0,0,0,0,0,0,0,19
8637,8637,11,69,326,1204,0,0,0,0,0,0,0,0,19
8638,8638,12,69,342,1204,0,0,0,0,0,0,0,0,19
8639,8639,13,69,358,1204,0,0,0,0,0,0,0,0,19
8640,8640,14,69,374,1204,0,0,0,0,0,0,0,0,19
8641,8641,15,69,390,1204,0,0,0,0,0,0,0,0,19
8642,8642,16,69,406,1204,0,0,0,0,0,0,0,0,19
8643,8643,17,69,422,1204,0,0,0,0,0,0,0,0,19
8644,8644,18,69,438,1204,0,0,0,0,0,0,0,0,19
8645,8645,19,69,454,1204,0,0,0,0,0,0,0,0,19
8646,8646,20,69,470,1204,0,0,0,0,0,0,0,0,19
8647,8647,21,69,486,1204,0,0,0,0,0,0,0,0,19
8648,8648,22,69,502,1204,0,0,0,0,0,0,0,0,19
8649,8649,23,69,518,1204,0,0,0,0,0,0,0,0,19
8650,8650,24,69,534,1204,0,0,0,0,0,0,0,0,19
8651,8651,25,69,550,1204,0,0,0,0,0,0,0,0,19
8652,8652,26,69,566,1204,0,0,0,0,0,0,0,0,19
8653,8653,27,69,582,1204,0,0,0,0,0,0,0,0,19
8654,8654,28,69,598,1204,0,0,0,0,0,0,0,0,19
8655,8655,29,69,614,1204,0,0,0,0,0,0,0,0,19
8656,8656,30,69,630,1204,0,0,0,0,0,0,0,0,19
8657,8657,31,69,646,1204,0,0,0,0,0,0,0,0,19
8658,8658,32,69,662,1204,0,0,0,0,0,0,0,0,19
8659,8659,33,69,678,1204,0,0,0,0,0,0,0,0,19
8660,8660,34,69,694,1204,0,0,0,0,0,0,0,0,19
8661,8661,35,69,710,1204,0,0,0,0,0,0,0,0,19
8662,8662,36,69,726,1204,0,0,0,0,0,0,0,0,19
8663,8663,37,69,742,1204,0,0,0,0,0,0,0,0,19
8664,8664,38,69,758,1204,0,0,0,0,0,0,0,0,19
8665,8665,39,69,774,1204,0,0,0,0,0,0,0,0,19
8666,8666,40,69,790,1204,0,0,0,0,0,0,0,0,19
8667,8667,41,69,806,1204,0,0,0,0,0,0,0,0,19
8668,8668,42,69,822,1204,0,0,0,0,0,0,0,0,19
8669,8669,43,69,838,1204,0,0,0,0,0,0,0,0,19
8670,8670,44,69,854,1204,0,0,0,0,0,0,0,0,19
8671,8671,45,69,870,1204,0,0,0,0,0,0,0,0,19
8672,8672,46,69,886,1204,0,0,0,0,0,0,0,0,19
8673,8673,47,69,902,1204,0,0,0,0,0,0,0,0,19
8674,8674,48,69,918,1204,0,0,0,0,0,0,0,0,19
8675,8675,49,69,934,1204,0,0,0,0,0,0,0,0,19
8676,8676,50,69,950,1204,0,0,0,0,0,0,0,0,20
8677,8677,51,69,966,1204,0,0,0,0,0,0,0,0,20
8678,8678,52,69,982,1204,0,0,0,0,0,0,0,0,20
8679,8679,53,69,998,1204,0,0,0,0,0,0,0,0,20
8680,8680,54,69,1014,1204,0,0,0,0,0,0,0,0,20
8681,8681,55,69,1030,1204,0,0,0,0,0,0,0,0,20
8682,8682,56,69,1046,1204,0,0,0,0,0,0,0,0,20
8683,8683,57,69,1062,1204,0,0,0,0,0,0,0,0,20
8684,8684,58,69,1078,1204,0,0,0,0,0,0,0,0,20
8685,8685,59,69,1094,1204,0,0,0,0,0,0,0,0,20
8686,8686,60,69,1110,1204,0,0,0,0,0,0,0,0,20
8687,8687,61,69,1126,1204,0,0,0,0,0,0,0,0,20
8688,8688,62,69,1142,1204,0,0,0,0,0,0,0,0,20
8689,8689,63,69,1158,1204,0,0,0,0,0,0,0,0,20
8690,8690,64,69,1174,1204,0,0,0,0,0,0,0,0,20
8691,8691,65,69,1190,1204,0,0,0,0,0,0,0,0,20
8692,8692,66,69,1206,1204,0,0,0,0,0,0,0,0,20
8693,8693,67,69,1222,1204,0,0,0,0,0,0,0,0,20
8694,8694,68,69,1238,1204,0,0,0,0,0,0,0,0,21
8695,8695,69,69,1254,1204,0,0,0,0,0,0,0,0,21
8696,8696,70,69,1270,1204,0,0,0,0,0,0,0,0,21
8697,8697,71,69,1286,1204,0,0,0,0,0,0,0,0,21
8698,8698,72,69,1302,1204,0,0,0,0,0,0,0,0,21
8699,8699,73,69,1318,1204,0,0,0,0,0,0,0,0,21
8700,8700,74,69,1334,1204,0,0,0,0,0,0,0,0,21
8701,8701,75,69,1350,1204,0,0,0,0,0,0,0,0,21
8702,8702,76,69,1366,1204,0,0,0,0,0,0,0,0,21
8703,8703,77,69,1382,1204,0,0,0,0,0,0,0,0,21
8704,8704,78,69,1398,1204,0,0,0,0,0,0,0,0,21
8705,8705,79,69,1414,1204,0,0,0,0,0,0,0,0,21
8706,8706,80,69,1430,1204,0,0,0,0,0,0,0,0,21
8707,8707,81,69,1446,1204,0,0,0,0,0,0,0,0,21
8708,8708,82,69,1462,1204,0,0,0,0,0,0,0,0,21
8709,8709,83,69,1478,1204,0,0,0,0,0,0,0,0,21
8710,8710,84,69,1494,1204,0,0,0,0,0,0,0,0,21
8711,8711,85,69,1510,1204,0,0,0,0,0,0,0,0,21
8712,8712,86,69,1526,1204,0,0,0,0,0,0,0,0,21
8713,8713,87,69,1542,1204,0,0,0,0,0,0,0,0,21
8714,8714,88,69,1558,1204,0,0,0,0,0,0,0,0,21
8715,8715,89,69,1574,1204,0,0,0,0,0,0,0,0,21
8716,8716,90,69,1590,1204,0,0,0,0,0,0,0,0,21
8717,8717,91,69,1606,1204,0,0,0,0,0,0,0,0,21
8718,8718,92,69,1622,1204,0,0,0,0,0,0,0,0,21
8719,8719,93,69,1638,1204,0,0,0,0,0,0,0,0,21
8720,8720,94,69,1654,1204,0,0,0,0,0,0,0,0,17
8721,8721,95,69,1670,1204,0,0,0,0,0,0,0,0,17
8722,8722,96,69,1686,1204,0,0,0,0,0,0,0,0,17
8723,8723,97,69,1702,1204,0,0,0,0,0,0,0,0,17
8724,8724,98,69,1718,1204,0,0,0,0,0,0,0,0,17
8725,8725,99,69,1734,1204,0,0,0,0,0,0,0,0,17
8726,8726,100,69,1750,1204,0,0,0,0,0,0,0,0,14
8727,8727,101,69,1766,1204,0,0,0,0,0,0,0,0,14
8728,8728,102,69,1782,1204,0,0,0,0,0,0,0,0,14
8729,8729,103,69,1798,1204,0,0,0,0,0,0,0,0,14
8730,8730,104,69,1814,1204,0,0,0,0,0,0,0,0,14
8731,8731,105,69,1830,1204,0,0,0,0,0,0,0,0,14
8732,8732,106,69,1846,1204,0,0,0,0,0,0,0,0,14
8733,8733,107,69,1862,1204,0,0,0,0,0,0,0,0,14
8734,8734,108,69,1878,1204,0,0,0,0,0,0,0,0,14
8735,8735,109,69,1894,1204,0,0,0,0,0,0,0,0,14
8736,8736,110,69,1910,1204,0,0,0,0,0,0,0,0,14
8737,8737,111,69,1926,1204,0,0,0,0,0,0,0,0,14
8738,8738,112,69,1942,1204,0,0,0,0,0,0,0,0,14
8739,8739,113,69,1958,1204,0,0,0,0,0,0,0,0,23
8740,8740,114,69,1974,1204,0,0,0,0,0,0,0,0,23
8741,8741,115,69,1990,1204,0,0,0,0,0,0,0,0,23
8742,8742,116,69,2006,1204,0,0,0,0,0,0,0,0,23
8743,8743,117,69,2022,1204,0,0,0,0,0,0,0,0,23
8744,8744,118,69,2038,1204,0,0,0,0,0,0,0,0,23
8745,8745,119,69,2054,1204,0,0,0,0,0,0,0,0,23
8746,8746,120,69,2070,1204,0,0,0,0,0,0,0,0,22
8747,8747,121,69,2086,1204,0,0,0,0,0,0,0,0,22
8748,8748,122,69,2102,1204,0,0,0,0,0,0,0,0,22
8749,8749,123,69,2118,1204,0,0,0,0,0,0,0,0,22
8750,8750,124,69,2134,1204,0,0,0,0,0,0,0,0,19
8751,8751,0,70,150,1220,0,0,0,0,0,0,0,0,19
8752,8752,1,70,166,1220,0,0,0,0,0,0,0,0,19
8753,8753,2,70,182,1220,0,0,0,0,0,0,0,0,19
8754,8754,3,70,198,1220,0,0,0,0,0,0,0,0,19
8755,8755,4,70,214,1220,0,0,0,0,0,0,0,0,19
8756,8756,5,70,230,1220,0,0,0,0,0,0,0,0,19
8757,8757,6,70,246,1220,0,0,0,0,0,0,0,0,19
8758,8758,7,70,262,1220,0,0,0,0,0,0,0,0,19
8759,8759,8,70,278,1220,0,0,0,0,0,0,0,0,19
8760,8760,9,70,294,1220,0,0,0,0,0,0,0,0,19
8761,8761,10,70,310,1220,0,0,0,0,0,0,0,0,19
8762,8762,11,70,326,1220,0,0,0,0,0,0,0,0,19
8763,8763,12,70,342,1220,0,0,0,0,0,0,0,0,19
8764,8764,13,70,358,1220,0,0,0,0,0,0,0,0,19
8765,8765,14,70,374,1220,0,0,0,0,0,0,0,0,19
8766,8766,15,70,390,1220,0,0,0,0,0,0,0,0,19
8767,8767,16,70,406,1220,0,0,0,0,0,0,0,0,19
8768,8768,17,70,422,1220,0,0,0,0,0,0,0,0,19
8769,8769,18,70,438,1220,0,0,0,0,0,0,0,0,19
8770,8770,19,70,454,1220,0,0,0,0,0,0,0,0,19
8771,8771,20,70,470,1220,0,0,0,0,0,0,0,0,19
8772,8772,21,70,486,1220,0,0,0,0,0,0,0,0,19
8773,8773,22,70,502,1220,0,0,0,0,0,0,0,0,19
8774,8774,23,70,518,1220,0,0,0,0,0,0,0,0,19
8775,8775,24,70,534,1220,0,0,0,0,0,0,0,0,19
8776,8776,25,70,550,1220,0,0,0,0,0,0,0,0,19
8777,8777,26,70,566,1220,0,0,0,0,0,0,0,0,19
8778,8778,27,70,582,1220,0,0,0,0,0,0,0,0,19
8779,8779,28,70,598,1220,0,0,0,0,0,0,0,0,19
8780,8780,29,70,614,1220,0,0,0,0,0,0,0,0,19
8781,8781,30,70,630,1220,0,0,0,0,0,0,0,0,19
8782,8782,31,70,646,1220,0,0,0,0,0,0,0,0,19
8783,8783,32,70,662,1220,0,0,0,0,0,0,0,0,19
8784,8784,33,70,678,1220,0,0,0,0,0,0,0,0,19
8785,8785,34,70,694,1220,0,0,0,0,0,0,0,0,19
8786,8786,35,70,710,1220,0,0,0,0,0,0,0,0,19
8787,8787,36,70,726,1220,0,0,0,0,0,0,0,0,19
8788,8788,37,70,742,1220,0,0,0,0,0,0,0,0,19
8789,8789,38,70,758,1220,0,0,0,0,0,0,0,0,19
8790,8790,39,70,774,1220,0,0,0,0,0,0,0,0,19
8791,8791,40,70,790,1220,0,0,0,0,0,0,0,0,19
8792,8792,41,70,806,1220,0,0,0,0,0,0,0,0,19
8793,8793,42,70,822,1220,0,0,0,0,0,0,0,0,19
8794,8794,43,70,838,1220,0,0,0,0,0,0,0,0,19
8795,8795,44,70,854,1220,0,0,0,0,0,0,0,0,19
8796,8796,45,70,870,1220,0,0,0,0,0,0,0,0,19
8797,8797,46,70,886,1220,0,0,0,0,0,0,0,0,19
8798,8798,47,70,902,1220,0,0,0,0,0,0,0,0,19
8799,8799,48,70,918,1220,0,0,0,0,0,0,0,0,19
8800,8800,49,70,934,1220,0,0,0,0,0,0,0,0,19
8801,8801,50,70,950,1220,0,0,0,0,0,0,0,0,20
8802,8802,51,70,966,1220,0,0,0,0,0,0,0,0,20
8803,8803,52,70,982,1220,0,0,0,0,0,0,0,0,20
8804,8804,53,70,998,1220,0,0,0,0,0,0,0,0,20
8805,8805,54,70,1014,1220,0,0,0,0,0,0,0,0,20
8806,8806,55,70,1030,1220,0,0,0,0,0,0,0,0,20
8807,8807,56,70,1046,1220,0,0,0,0,0,0,0,0,20
8808,8808,57,70,1062,1220,0,0,0,0,0,0,0,0,20
8809,8809,58,70,1078,1220,0,0,0,0,0,0,0,0,20
8810,8810,59,70,1094,1220,0,0,0,0,0,0,0,0,20
8811,8811,60,70,1110,1220,0,0,0,0,0,0,0,0,20
8812,8812,61,70,1126,1220,0,0,0,0,0,0,0,0,20
8813,8813,62,70,1142,1220,0,0,0,0,0,0,0,0,20
8814,8814,63,70,1158,1220,0,0,0,0,0,0,0,0,20
8815,8815,64,70,1174,1220,0,0,0,0,0,0,0,0,20
8816,8816,65,70,1190,1220,0,0,0,0,0,0,0,0,20
8817,8817,66,70,1206,1220,0,0,0,0,0,0,0,0,20
8818,8818,67,70,1222,1220,0,0,0,0,0,0,0,0,20
8819,8819,68,70,1238,1220,0,0,0,0,0,0,0,0,21
8820,8820,69,70,1254,1220,0,0,0,0,0,0,0,0,21
8821,8821,70,70,1270,1220,0,0,0,0,0,0,0,0,21
8822,8822,71,70,1286,1220,0,0,0,0,0,0,0,0,21
8823,8823,72,70,1302,1220,0,0,0,0,0,0,0,0,21
8824,8824,73,70,1318,1220,0,0,0,0,0,0,0,0,21
8825,8825,74,70,1334,1220,0,0,0,0,0,0,0,0,21
8826,8826,75,70,1350,1220,0,0,0,0,0,0,0,0,21
8827,8827,76,70,1366,1220,0,0,0,0,0,0,0,0,21
8828,8828,77,70,1382,1220,0,0,0,0,0,0,0,0,21
8829,8829,78,70,1398,1220,0,0,0,0,0,0,0,0,21
8830,8830,79,70,1414,1220,0,0,0,0,0,0,0,0,21
8831,8831,80,70,1430,1220,0,0,0,0,0,0,0,0,21
8832,8832,81,70,1446,1220,0,0,0,0,0,0,0,0,21
8833,8833,82,70,1462,1220,0,0,0,0,0,0,0,0,21
8834,8834,83,70,1478,1220,0,0,0,0,0,0,0,0,21
8835,8835,84,70,1494,1220,0,0,0,0,0,0,0,0,21
8836,8836,85,70,1510,1220,0,0,0,0,0,0,0,0,21
8837,8837,86,70,1526,1220,0,0,0,0,0,0,0,0,21
8838,8838,87,70,1542,1220,0,0,0,0,0,0,0,0,21
8839,8839,88,70,1558,1220,0,0,0,0,0,0,0,0,21
8840,8840,89,70,1574,1220,0,0,0,0,0,0,0,0,21
8841,8841,90,70,1590,1220,0,0,0,0,0,0,0,0,21
8842,8842,91,70,1606,1220,0,0,0,0,0,0,0,0,21
8843,8843,92,70,1622,1220,0,0,0,0,0,0,0,0,21
8844,8844,93,70,1638,1220,0,0,0,0,0,0,0,0,21
8845,8845,94,70,1654,1220,0,0,0,0,0,0,0,0,17
8846,8846,95,70,1670,1220,0,0,0,0,0,0,0,0,17
8847,8847,96,70,1686,1220,0,0,0,0,0,0,0,0,17
8848,8848,97,70,1702,1220,0,0,0,0,0,0,0,0,17
8849,8849,98,70,1718,1220,0,0,0,0,0,0,0,0,17
8850,8850,99,70,1734,1220,0,0,0,0,0,0,0,0,17
8851,8851,100,70,1750,1220,0,0,0,0,0,0,0,0,14
8852,8852,101,70,1766,1220,0,0,0,0,0,0,0,0,14
8853,8853,102,70,1782,1220,0,0,0,0,0,0,0,0,14
8854,8854,103,70,1798,1220,0,0,0,0,0,0,0,0,14
8855,8855,104,70,1814,1220,0,0,0,0,0,0,0,0,14
8856,8856,105,70,1830,1220,0,0,0,0,0,0,0,0,14
8857,8857,106,70,1846,1220,0,0,0,0,0,0,0,0,14
8858,8858,107,70,1862,1220,0,0,0,0,0,0,0,0,14
8859,8859,108,70,1878,1220,0,0,0,0,0,0,0,0,14
8860,8860,109,70,1894,1220,0,0,0,0,0,0,0,0,14
8861,8861,110,70,1910,1220,0,0,0,0,0,0,0,0,14
8862,8862,111,70,1926,1220,0,0,0,0,0,0,0,0,14
8863,8863,112,70,1942,1220,0,0,0,0,0,0,0,0,23
8864,8864,113,70,1958,1220,0,0,0,0,0,0,0,0,23
8865,8865,114,70,1974,1220,0,0,0,0,0,0,0,0,23
8866,8866,115,70,1990,1220,0,0,0,0,0,0,0,0,23
8867,8867,116,70,2006,1220,0,0,0,0,0,0,0,0,23
8868,8868,117,70,2022,1220,0,0,0,0,0,0,0,0,23
8869,8869,118,70,2038,1220,0,0,0,0,0,0,0,0,23
8870,8870,119,70,2054,1220,0,0,0,0,0,0,0,0,22
8871,8871,120,70,2070,1220,0,0,0,0,0,0,0,0,22
8872,8872,121,70,2086,1220,0,0,0,0,0,0,0,0,22
8873,8873,122,70,2102,1220,0,0,0,0,0,0,0,0,22
8874,8874,123,70,2118,1220,0,0,0,0,0,0,0,0,22
8875,8875,124,70,2134,1220,0,0,0,0,0,0,0,0,24
8876,8876,0,71,150,1236,0,0,0,0,0,0,0,0,24
8877,8877,1,71,166,1236,0,0,0,0,0,0,0,0,19
8878,8878,2,71,182,1236,0,0,0,0,0,0,0,0,19
8879,8879,3,71,198,1236,0,0,0,0,0,0,0,0,19
8880,8880,4,71,214,1236,0,0,0,0,0,0,0,0,19
8881,8881,5,71,230,1236,0,0,0,0,0,0,0,0,19
8882,8882,6,71,246,1236,0,0,0,0,0,0,0,0,19
8883,8883,7,71,262,1236,0,0,0,0,0,0,0,0,19
8884,8884,8,71,278,1236,0,0,0,0,0,0,0,0,19
8885,8885,9,71,294,1236,0,0,0,0,0,0,0,0,19
8886,8886,10,71,310,1236,0,0,0,0,0,0,0,0,19
8887,8887,11,71,326,1236,0,0,0,0,0,0,0,0,19
8888,8888,12,71,342,1236,0,0,0,0,0,0,0,0,19
8889,8889,13,71,358,1236,0,0,0,0,0,0,0,0,19
8890,8890,14,71,374,1236,0,0,0,0,0,0,0,0,19
8891,8891,15,71,390,1236,0,0,0,0,0,0,0,0,19
8892,8892,16,71,406,1236,0,0,0,0,0,0,0,0,19
8893,8893,17,71,422,1236,0,0,0,0,0,0,0,0,19
8894,8894,18,71,438,1236,0,0,0,0,0,0,0,0,19
8895,8895,19,71,454,1236,0,0,0,0,0,0,0,0,19
8896,8896,20,71,470,1236,0,0,0,0,0,0,0,0,19
8897,8897,21,71,486,1236,0,0,0,0,0,0,0,0,19
8898,8898,22,71,502,1236,0,0,0,0,0,0,0,0,19
8899,8899,23,71,518,1236,0,0,0,0,0,0,0,0,19
8900,8900,24,71,534,1236,0,0,0,0,0,0,0,0,19
8901,8901,25,71,550,1236,0,0,0,0,0,0,0,0,19
8902,8902,26,71,566,1236,0,0,0,0,0,0,0,0,19
8903,8903,27,71,582,1236,0,0,0,0,0,0,0,0,19
8904,8904,28,71,598,1236,0,0,0,0,0,0,0,0,19
8905,8905,29,71,614,1236,0,0,0,0,0,0,0,0,19
8906,8906,30,71,630,1236,0,0,0,0,0,0,0,0,19
8907,8907,31,71,646,1236,0,0,0,0,0,0,0,0,19
8908,8908,32,71,662,1236,0,0,0,0,0,0,0,0,19
8909,8909,33,71,678,1236,0,0,0,0,0,0,0,0,19
8910,8910,34,71,694,1236,0,0,0,0,0,0,0,0,19
8911,8911,35,71,710,1236,0,0,0,0,0,0,0,0,19
8912,8912,36,71,726,1236,0,0,0,0,0,0,0,0,19
8913,8913,37,71,742,1236,0,0,0,0,0,0,0,0,19
8914,8914,38,71,758,1236,0,0,0,0,0,0,0,0,19
8915,8915,39,71,774,1236,0,0,0,0,0,0,0,0,19
8916,8916,40,71,790,1236,0,0,0,0,0,0,0,0,19
8917,8917,41,71,806,1236,0,0,0,0,0,0,0,0,19
8918,8918,42,71,822,1236,0,0,0,0,0,0,0,0,19
8919,8919,43,71,838,1236,0,0,0,0,0,0,0,0,19
8920,8920,44,71,854,1236,0,0,0,0,0,0,0,0,19
8921,8921,45,71,870,1236,0,0,0,0,0,0,0,0,19
8922,8922,46,71,886,1236,0,0,0,0,0,0,0,0,19
8923,8923,47,71,902,1236,0,0,0,0,0,0,0,0,19
8924,8924,48,71,918,1236,0,0,0,0,0,0,0,0,19
8925,8925,49,71,934,1236,0,0,0,0,0,0,0,0,20
8926,8926,50,71,950,1236,0,0,0,0,0,0,0,0,20
8927,8927,51,71,966,1236,0,0,0,0,0,0,0,0,20
8928,8928,52,71,982,1236,0,0,0,0,0,0,0,0,20
8929,8929,53,71,998,1236,0,0,0,0,0,0,0,0,20
8930,8930,54,71,1014,1236,0,0,0,0,0,0,0,0,20
8931,8931,55,71,1030,1236,0,0,0,0,0,0,0,0,20
8932,8932,56,71,1046,1236,0,0,0,0,0,0,0,0,20
8933,8933,57,71,1062,1236,0,0,0,0,0,0,0,0,20
8934,8934,58,71,1078,1236,0,0,0,0,0,0,0,0,20
8935,8935,59,71,1094,1236,0,0,0,0,0,0,0,0,20
8936,8936,60,71,1110,1236,0,0,0,0,0,0,0,0,20
8937,8937,61,71,1126,1236,0,0,0,0,0,0,0,0,20
8938,8938,62,71,1142,1236,0,0,0,0,0,0,0,0,20
8939,8939,63,71,1158,1236,0,0,0,0,0,0,0,0,20
8940,8940,64,71,1174,1236,0,0,0,0,0,0,0,0,20
8941,8941,65,71,1190,1236,0,0,0,0,0,0,0,0,20
8942,8942,66,71,1206,1236,0,0,0,0,0,0,0,0,20
8943,8943,67,71,1222,1236,0,0,0,0,0,0,0,0,21
8944,8944,68,71,1238,1236,0,0,0,0,0,0,0,0,21
8945,8945,69,71,1254,1236,0,0,0,0,0,0,0,0,21
8946,8946,70,71,1270,1236,0,0,0,0,0,0,0,0,21
8947,8947,71,71,1286,1236,0,0,0,0,0,0,0,0,21
8948,8948,72,71,1302,1236,0,0,0,0,0,0,0,0,21
8949,8949,73,71,1318,1236,0,0,0,0,0,0,0,0,21
8950,8950,74,71,1334,1236,0,0,0,0,0,0,0,0,21
8951,8951,75,71,1350,1236,0,0,0,0,0,0,0,0,21
8952,8952,76,71,1366,1236,0,0,0,0,0,0,0,0,21
8953,8953,77,71,1382,1236,0,0,0,0,0,0,0,0,21
8954,8954,78,71,1398,1236,0,0,0,0,0,0,0,0,21
8955,8955,79,71,1414,1236,0,0,0,0,0,0,0,0,21
8956,8956,80,71,1430,1236,0,0,0,0,0,0,0,0,21
8957,8957,81,71,1446,1236,0,0,0,0,0,0,0,0,21
8958,8958,82,71,1462,1236,0,0,0,0,0,0,0,0,21
8959,8959,83,71,1478,1236,0,0,0,0,0,0,0,0,21
8960,8960,84,71,1494,1236,0,0,0,0,0,0,0,0,21
8961,8961,85,71,1510,1236,0,0,0,0,0,0,0,0,21
8962,8962,86,71,1526,1236,0,0,0,0,0,0,0,0,21
8963,8963,87,71,1542,1236,0,0,0,0,0,0,0,0,21
8964,8964,88,71,1558,1236,0,0,0,0,0,0,0,0,21
8965,8965,89,71,1574,1236,0,0,0,0,0,0,0,0,21
8966,8966,90,71,1590,1236,0,0,0,0,0,0,0,0,21
8967,8967,91,71,1606,1236,0,0,0,0,0,0,0,0,21
8968,8968,92,71,1622,1236,0,0,0,0,0,0,0,0,21
8969,8969,93,71,1638,1236,0,0,0,0,0,0,0,0,21
8970,8970,94,71,1654,1236,0,0,0,0,0,0,0,0,22
8971,8971,95,71,1670,1236,0,0,0,0,0,0,0,0,22
8972,8972,96,71,1686,1236,0,0,0,0,0,0,0,0,22
8973,8973,97,71,1702,1236,0,0,0,0,0,0,0,0,17
8974,8974,98,71,1718,1236,0,0,0,0,0,0,0,0,17
8975,8975,99,71,1734,1236,0,0,0,0,0,0,0,0,17
8976,8976,100,71,1750,1236,0,0,0,0,0,0,0,0,14
8977,8977,101,71,1766,1236,0,0,0,0,0,0,0,0,14
8978,8978,102,71,1782,1236,0,0,0,0,0,0,0,0,14
8979,8979,103,71,1798,1236,0,0,0,0,0,0,0,0,14
8980,8980,104,71,1814,1236,0,0,0,0,0,0,0,0,14
8981,8981,105,71,1830,1236,0,0,0,0,0,0,0,0,14
8982,8982,106,71,1846,1236,0,0,0,0,0,0,0,0,14
8983,8983,107,71,1862,1236,0,0,0,0,0,0,0,0,14
8984,8984,108,71,1878,1236,0,0,0,0,0,0,0,0,14
8985,8985,109,71,1894,1236,0,0,0,0,0,0,0,0,14
8986,8986,110,71,1910,1236,0,0,0,0,0,0,0,0,14
8987,8987,111,71,1926,1236,0,0,0,0,0,0,0,0,23
8988,8988,112,71,1942,1236,0,0,0,0,0,0,0,0,23
8989,8989,113,71,1958,1236,0,0,0,0,0,0,0,0,23
8990,8990,114,71,1974,1236,0,0,0,0,0,0,0,0,23
8991,8991,115,71,1990,1236,0,0,0,0,0,0,0,0,23
8992,8992,116,71,2006,1236,0,0,0,0,0,0,0,0,23
8993,8993,117,71,2022,1236,0,0,0,0,0,0,0,0,23
8994,8994,118,71,2038,1236,0,0,0,0,0,0,0,0,23
8995,8995,119,71,2054,1236,0,0,0,0,0,0,0,0,22
8996,8996,120,71,2070,1236,0,0,0,0,0,0,0,0,22
8997,8997,121,71,2086,1236,0,0,0,0,0,0,0,0,22
8998,8998,122,71,2102,1236,0,0,0,0,0,0,0,0,22
8999,8999,123,71,2118,1236,0,0,0,0,0,0,0,0,22
9000,9000,124,71,2134,1236,0,0,0,0,0,0,0,0,24
9001,9001,0,72,150,1252,0,0,0,0,0,0,0,0,24
9002,9002,1,72,166,1252,0,0,0,0,0,0,0,0,24
9003,9003,2,72,182,1252,0,0,0,0,0,0,0,0,24
9004,9004,3,72,198,1252,0,0,0,0,0,0,0,0,19
9005,9005,4,72,214,1252,0,0,0,0,0,0,0,0,19
9006,9006,5,72,230,1252,0,0,0,0,0,0,0,0,19
9007,9007,6,72,246,1252,0,0,0,0,0,0,0,0,19
9008,9008,7,72,262,1252,0,0,0,0,0,0,0,0,19
9009,9009,8,72,278,1252,0,0,0,0,0,0,0,0,19
9010,9010,9,72,294,1252,0,0,0,0,0,0,0,0,19
9011,9011,10,72,310,1252,0,0,0,0,0,0,0,0,19
9012,9012,11,72,326,1252,0,0,0,0,0,0,0,0,19
9013,9013,12,72,342,1252,0,0,0,0,0,0,0,0,19
9014,9014,13,72,358,1252,0,0,0,0,0,0,0,0,19
9015,9015,14,72,374,1252,0,0,0,0,0,0,0,0,19
9016,9016,15,72,390,1252,0,0,0,0,0,0,0,0,19
9017,9017,16,72,406,1252,0,0,0,0,0,0,0,0,19
9018,9018,17,72,422,1252,0,0,0,0,0,0,0,0,19
9019,9019,18,72,438,1252,0,0,0,0,0,0,0,0,19
9020,9020,19,72,454,1252,0,0,0,0,0,0,0,0,19
9021,9021,20,72,470,1252,0,0,0,0,0,0,0,0,19
9022,9022,21,72,486,1252,0,0,0,0,0,0,0,0,19
9023,9023,22,72,502,1252,0,0,0,0,0,0,0,0,19
9024,9024,23,72,518,1252,0,0,0,0,0,0,0,0,19
9025,9025,24,72,534,1252,0,0,0,0,0,0,0,0,19
9026,9026,25,72,550,1252,0,0,0,0,0,0,0,0,19
9027,9027,26,72,566,1252,0,0,0,0,0,0,0,0,19
9028,9028,27,72,582,1252,0,0,0,0,0,0,0,0,19
9029,9029,28,72,598,1252,0,0,0,0,0,0,0,0,19
9030,9030,29,72,614,1252,0,0,0,0,0,0,0,0,19
9031,9031,30,72,630,1252,0,0,0,0,0,0,0,0,19
9032,9032,31,72,646,1252,0,0,0,0,0,0,0,0,19
9033,9033,32,72,662,1252,0,0,0,0,0,0,0,0,19
9034,9034,33,72,678,1252,0,0,0,0,0,0,0,0,19
9035,9035,34,72,694,1252,0,0,0,0,0,0,0,0,19
9036,9036,35,72,710,1252,0,0,0,0,0,0,0,0,19
9037,9037,36,72,726,1252,0,0,0,0,0,0,0,0,19
9038,9038,37,72,742,1252,0,0,0,0,0,0,0,0,19
9039,9039,38,72,758,1252,0,0,0,0,0,0,0,0,19
9040,9040,39,72,774,1252,0,0,0,0,0,0,0,0,19
9041,9041,40,72,790,1252,0,0,0,0,0,0,0,0,19
9042,9042,41,72,806,1252,0,0,0,0,0,0,0,0,19
9043,9043,42,72,822,1252,0,0,0,0,0,0,0,0,19
9044,9044,43,72,838,1252,0,0,0,0,0,0,0,0,19
9045,9045,44,72,854,1252,0,0,0,0,0,0,0,0,19
9046,9046,45,72,870,1252,0,0,0,0,0,0,0,0,19
9047,9047,46,72,886,1252,0,0,0,0,0,0,0,0,19
9048,9048,47,72,902,1252,0,0,0,0,0,0,0,0,19
9049,9049,48,72,918,1252,0,0,0,0,0,0,0,0,19
9050,9050,49,72,934,1252,0,0,0,0,0,0,0,0,20
9051,9051,50,72,950,1252,0,0,0,0,0,0,0,0,20
9052,9052,51,72,966,1252,0,0,0,0,0,0,0,0,20
9053,9053,52,72,982,1252,0,0,0,0,0,0,0,0,20
9054,9054,53,72,998,1252,0,0,0,0,0,0,0,0,20
9055,9055,54,72,1014,1252,0,0,0,0,0,0,0,0,20
9056,9056,55,72,1030,1252,0,0,0,0,0,0,0,0,20
9057,9057,56,72,1046,1252,0,0,0,0,0,0,0,0,20
9058,9058,57,72,1062,1252,0,0,0,0,0,0,0,0,20
9059,9059,58,72,1078,1252,0,0,0,0,0,0,0,0,20
9060,9060,59,72,1094,1252,0,0,0,0,0,0,0,0,20
9061,9061,60,72,1110,1252,0,0,0,0,0,0,0,0,20
9062,9062,61,72,1126,1252,0,0,0,0,0,0,0,0,20
9063,9063,62,72,1142,1252,0,0,0,0,0,0,0,0,20
9064,9064,63,72,1158,1252,0,0,0,0,0,0,0,0,20
9065,9065,64,72,1174,1252,0,0,0,0,0,0,0,0,20
9066,9066,65,72,1190,1252,0,0,0,0,0,0,0,0,20
9067,9067,66,72,1206,1252,0,0,0,0,0,0,0,0,21
9068,9068,67,72,1222,1252,0,0,0,0,0,0,0,0,21
9069,9069,68,72,1238,1252,0,0,0,0,0,0,0,0,21
9070,9070,69,72,1254,1252,0,0,0,0,0,0,0,0,21
9071,9071,70,72,1270,1252,0,0,0,0,0,0,0,0,21
9072,9072,71,72,1286,1252,0,0,0,0,0,0,0,0,21
9073,9073,72,72,1302,1252,0,0,0,0,0,0,0,0,21
9074,9074,73,72,1318,1252,0,0,0,0,0,0,0,0,21
9075,9075,74,72,1334,1252,0,0,0,0,0,0,0,0,21
9076,9076,75,72,1350,1252,0,0,0,0,0,0,0,0,21
9077,9077,76,72,1366,1252,0,0,0,0,0,0,0,0,21
9078,9078,77,72,1382,1252,0,0,0,0,0,0,0,0,21
9079,9079,78,72,1398,1252,0,0,0,0,0,0,0,0,21
9080,9080,79,72,1414,1252,0,0,0,0,0,0,0,0,21
9081,9081,80,72,1430,1252,0,0,0,0,0,0,0,0,21
9082,9082,81,72,1446,1252,0,0,0,0,0,0,0,0,21
9083,9083,82,72,1462,1252,0,0,0,0,0,0,0,0,21
9084,9084,83,72,1478,1252,0,0,0,0,0,0,0,0,21
9085,9085,84,72,1494,1252,0,0,0,0,0,0,0,0,21
9086,9086,85,72,1510,1252,0,0,0,0,0,0,0,0,21
9087,9087,86,72,1526,1252,0,0,0,0,0,0,0,0,21
9088,9088,87,72,1542,1252,0,0,0,0,0,0,0,0,21
9089,9089,88,72,1558,1252,0,0,0,0,0,0,0,0,21
9090,9090,89,72,1574,1252,0,0,0,0,0,0,0,0,21
9091,9091,90,72,1590,1252,0,0,0,0,0,0,0,0,21
9092,9092,91,72,1606,1252,0,0,0,0,0,0,0,0,21
9093,9093,92,72,1622,1252,0,0,0,0,0,0,0,0,21
9094,9094,93,72,1638,1252,0,0,0,0,0,0,0,0,22
9095,9095,94,72,1654,1252,0,0,0,0,0,0,0,0,22
9096,9096,95,72,1670,1252,0,0,0,0,0,0,0,0,22
9097,9097,96,72,1686,1252,0,0,0,0,0,0,0,0,22
9098,9098,97,72,1702,1252,0,0,0,0,0,0,0,0,22
9099,9099,98,72,1718,1252,0,0,0,0,0,0,0,0,22
9100,9100,99,72,1734,1252,0,0,0,0,0,0,0,0,17
9101,9101,100,72,1750,1252,0,0,0,0,0,0,0,0,14
9102,9102,101,72,1766,1252,0,0,0,0,0,0,0,0,14
9103,9103,102,72,1782,1252,0,0,0,0,0,0,0,0,14
9104,9104,103,72,1798,1252,0,0,0,0,0,0,0,0,14
9105,9105,104,72,1814,1252,0,0,0,0,0,0,0,0,14
9106,9106,105,72,1830,1252,0,0,0,0,0,0,0,0,14
9107,9107,106,72,1846,1252,0,0,0,0,0,0,0,0,14
9108,9108,107,72,1862,1252,0,0,0,0,0,0,0,0,14
9109,9109,108,72,1878,1252,0,0,0,0,0,0,0,0,14
9110,9110,109,72,1894,1252,0,0,0,0,0,0,0,0,14
9111,9111,110,72,1910,1252,0,0,0,0,0,0,0,0,23
9112,9112,111,72,1926,1252,0,0,0,0,0,0,0,0,23
9113,9113,112,72,1942,1252,0,0,0,0,0,0,0,0,23
9114,9114,113,72,1958,1252,0,0,0,0,0,0,0,0,23
9115,9115,114,72,1974,1252,0,0,0,0,0,0,0,0,23
9116,9116,115,72,1990,1252,0,0,0,0,0,0,0,0,23
9117,9117,116,72,2006,1252,0,0,0,0,0,0,0,0,23
9118,9118,117,72,2022,1252,0,0,0,0,0,0,0,0,23
9119,9119,118,72,2038,1252,0,0,0,0,0,0,0,0,22
9120,9120,119,72,2054,1252,0,0,0,0,0,0,0,0,22
9121,9121,120,72,2070,1252,0,0,0,0,0,0,0,0,22
9122,9122,121,72,2086,1252,0,0,0,0,0,0,0,0,22
9123,9123,122,72,2102,1252,0,0,0,0,0,0,0,0,22
9124,9124,123,72,2118,1252,0,0,0,0,0,0,0,0,22
9125,9125,124,72,2134,1252,0,0,0,0,0,0,0,0,24
9126,9126,0,73,150,1268,0,0,0,0,0,0,0,0,24
9127,9127,1,73,166,1268,0,0,0,0,0,0,0,0,24
9128,9128,2,73,182,1268,0,0,0,0,0,0,0,0,24
9129,9129,3,73,198,1268,0,0,0,0,0,0,0,0,24
9130,9130,4,73,214,1268,0,0,0,0,0,0,0,0,25
9131,9131,5,73,230,1268,0,0,0,0,0,0,0,0,3
9132,9132,6,73,246,1268,0,0,0,0,0,0,0,0,19
9133,9133,7,73,262,1268,0,0,0,0,0,0,0,0,19
9134,9134,8,73,278,1268,0,0,0,0,0,0,0,0,19
9135,9135,9,73,294,1268,0,0,0,0,0,0,0,0,19
9136,9136,10,73,310,1268,0,0,0,0,0,0,0,0,19
9137,9137,11,73,326,1268,0,0,0,0,0,0,0,0,19
9138,9138,12,73,342,1268,0,0,0,0,0,0,0,0,19
9139,9139,13,73,358,1268,0,0,0,0,0,0,0,0,19
9140,9140,14,73,374,1268,0,0,0,0,0,0,0,0,19
9141,9141,15,73,390,1268,0,0,0,0,0,0,0,0,19
9142,9142,16,73,406,1268,0,0,0,0,0,0,0,0,19
9143,9143,17,73,422,1268,0,0,0,0,0,0,0,0,19
9144,9144,18,73,438,1268,0,0,0,0,0,0,0,0,19
9145,9145,19,73,454,1268,0,0,0,0,0,0,0,0,19
9146,9146,20,73,470,1268,0,0,0,0,0,0,0,0,19
9147,9147,21,73,486,1268,0,0,0,0,0,0,0,0,19
9148,9148,22,73,502,1268,0,0,0,0,0,0,0,0,19
9149,9149,23,73,518,1268,0,0,0,0,0,0,0,0,19
9150,9150,24,73,534,1268,0,0,0,0,0,0,0,0,19
9151,9151,25,73,550,1268,0,0,0,0,0,0,0,0,19
9152,9152,26,73,566,1268,0,0,0,0,0,0,0,0,19
9153,9153,27,73,582,1268,0,0,0,0,0,0,0,0,19
9154,9154,28,73,598,1268,0,0,0,0,0,0,0,0,19
9155,9155,29,73,614,1268,0,0,0,0,0,0,0,0,19
9156,9156,30,73,630,1268,0,0,0,0,0,0,0,0,19
9157,9157,31,73,646,1268,0,0,0,0,0,0,0,0,19
9158,9158,32,73,662,1268,0,0,0,0,0,0,0,0,19
9159,9159,33,73,678,1268,0,0,0,0,0,0,0,0,19
9160,9160,34,73,694,1268,0,0,0,0,0,0,0,0,19
9161,9161,35,73,710,1268,0,0,0,0,0,0,0,0,19
9162,9162,36,73,726,1268,0,0,0,0,0,0,0,0,19
9163,9163,37,73,742,1268,0,0,0,0,0,0,0,0,19
9164,9164,38,73,758,1268,0,0,0,0,0,0,0,0,19
9165,9165,39,73,774,1268,0,0,0,0,0,0,0,0,19
9166,9166,40,73,790,1268,0,0,0,0,0,0,0,0,19
9167,9167,41,73,806,1268,0,0,0,0,0,0,0,0,19
9168,9168,42,73,822,1268,0,0,0,0,0,0,0,0,19
9169,9169,43,73,838,1268,0,0,0,0,0,0,0,0,19
9170,9170,44,73,854,1268,0,0,0,0,0,0,0,0,19
9171,9171,45,73,870,1268,0,0,0,0,0,0,0,0,19
9172,9172,46,73,886,1268,0,0,0,0,0,0,0,0,19
9173,9173,47,73,902,1268,0,0,0,0,0,0,0,0,19
9174,9174,48,73,918,1268,0,0,0,0,0,0,0,0,19
9175,9175,49,73,934,1268,0,0,0,0,0,0,0,0,20
9176,9176,50,73,950,1268,0,0,0,0,0,0,0,0,20
9177,9177,51,73,966,1268,0,0,0,0,0,0,0,0,20
9178,9178,52,73,982,1268,0,0,0,0,0,0,0,0,20
9179,9179,53,73,998,1268,0,0,0,0,0,0,0,0,20
9180,9180,54,73,1014,1268,0,0,0,0,0,0,0,0,20
9181,9181,55,73,1030,1268,0,0,0,0,0,0,0,0,20
9182,9182,56,73,1046,1268,0,0,0,0,0,0,0,0,20
9183,9183,57,73,1062,1268,0,0,0,0,0,0,0,0,20
9184,9184,58,73,1078,1268,0,0,0,0,0,0,0,0,20
9185,9185,59,73,1094,1268,0,0,0,0,0,0,0,0,20
9186,9186,60,73,1110,1268,0,0,0,0,0,0,0,0,20
9187,9187,61,73,1126,1268,0,0,0,0,0,0,0,0,20
9188,9188,62,73,1142,1268,0,0,0,0,0,0,0,0,20
9189,9189,63,73,1158,1268,0,0,0,0,0,0,0,0,20
9190,9190,64,73,1174,1268,0,0,0,0,0,0,0,0,20
9191,9191,65,73,1190,1268,0,0,0,0,0,0,0,0,21
9192,9192,66,73,1206,1268,0,0,0,0,0,0,0,0,21
9193,9193,67,73,1222,1268,0,0,0,0,0,0,0,0,21
9194,9194,68,73,1238,1268,0,0,0,0,0,0,0,0,21
9195,9195,69,73,1254,1268,0,0,0,0,0,0,0,0,21
9196,9196,70,73,1270,1268,0,0,0,0,0,0,0,0,21
9197,9197,71,73,1286,1268,0,0,0,0,0,0,0,0,21
9198,9198,72,73,1302,1268,0,0,0,0,0,0,0,0,21
9199,9199,73,73,1318,1268,0,0,0,0,0,0,0,0,21
9200,9200,74,73,1334,1268,0,0,0,0,0,0,0,0,21
9201,9201,75,73,1350,1268,0,0,0,0,0,0,0,0,21
9202,9202,76,73,1366,1268,0,0,0,0,0,0,0,0,21
9203,9203,77,73,1382,1268,0,0,0,0,0,0,0,0,21
9204,9204,78,73,1398,1268,0,0,0,0,0,0,0,0,21
9205,9205,79,73,1414,1268,0,0,0,0,0,0,0,0,21
9206,9206,80,73,1430,1268,0,0,0,0,0,0,0,0,21
9207,9207,81,73,1446,1268,0,0,0,0,0,0,0,0,21
9208,9208,82,73,1462,1268,0,0,0,0,0,0,0,0,21
9209,9209,83,73,1478,1268,0,0,0,0,0,0,0,0,21
9210,9210,84,73,1494,1268,0,0,0,0,0,0,0,0,21
9211,9211,85,73,1510,1268,0,0,0,0,0,0,0,0,21
9212,9212,86,73,1526,1268,0,0,0,0,0,0,0,0,21
9213,9213,87,73,1542,1268,0,0,0,0,0,0,0,0,21
9214,9214,88,73,1558,1268,0,0,0,0,0,0,0,0,21
9215,9215,89,73,1574,1268,0,0,0,0,0,0,0,0,21
9216,9216,90,73,1590,1268,0,0,0,0,0,0,0,0,21
9217,9217,91,73,1606,1268,0,0,0,0,0,0,0,0,21
9218,9218,92,73,1622,1268,0,0,0,0,0,0,0,0,21
9219,9219,93,73,1638,1268,0,0,0,0,0,0,0,0,22
9220,9220,94,73,1654,1268,0,0,0,0,0,0,0,0,22
9221,9221,95,73,1670,1268,0,0,0,0,0,0,0,0,22
9222,9222,96,73,1686,1268,0,0,0,0,0,0,0,0,22
9223,9223,97,73,1702,1268,0,0,0,0,0,0,0,0,22
9224,9224,98,73,1718,1268,0,0,0,0,0,0,0,0,22
9225,9225,99,73,1734,1268,0,0,0,0,0,0,0,0,22
9226,9226,100,73,1750,1268,0,0,0,0,0,0,0,0,22
9227,9227,101,73,1766,1268,0,0,0,0,0,0,0,0,14
9228,9228,102,73,1782,1268,0,0,0,0,0,0,0,0,14
9229,9229,103,73,1798,1268,0,0,0,0,0,0,0,0,14
9230,9230,104,73,1814,1268,0,0,0,0,0,0,0,0,14
9231,9231,105,73,1830,1268,0,0,0,0,0,0,0,0,14
9232,9232,106,73,1846,1268,0,0,0,0,0,0,0,0,14
9233,9233,107,73,1862,1268,0,0,0,0,0,0,0,0,14
9234,9234,108,73,1878,1268,0,0,0,0,0,0,0,0,14
9235,9235,109,73,1894,1268,0,0,0,0,0,0,0,0,23
9236,9236,110,73,1910,1268,0,0,0,0,0,0,0,0,23
9237,9237,111,73,1926,1268,0,0,0,0,0,0,0,0,23
9238,9238,112,73,1942,1268,0,0,0,0,0,0,0,0,23
9239,9239,113,73,1958,1268,0,0,0,0,0,0,0,0,23
9240,9240,114,73,1974,1268,0,0,0,0,0,0,0,0,23
9241,9241,115,73,1990,1268,0,0,0,0,0,0,0,0,23
9242,9242,116,73,2006,1268,0,0,0,0,0,0,0,0,23
9243,9243,117,73,2022,1268,0,0,0,0,0,0,0,0,23
9244,9244,118,73,2038,1268,0,0,0,0,0,0,0,0,22
9245,9245,119,73,2054,1268,0,0,0,0,0,0,0,0,22
9246,9246,120,73,2070,1268,0,0,0,0,0,0,0,0,22
9247,9247,121,73,2086,1268,0,0,0,0,0,0,0,0,22
9248,9248,122,73,2102,1268,0,0,0,0,0,0,0,0,22
9249,9249,123,73,2118,1268,0,0,0,0,0,0,0,0,22
9250,9250,124,73,2134,1268,0,0,0,0,0,0,0,0,24
9251,9251,0,74,150,1284,0,0,0,0,0,0,0,0,24
9252,9252,1,74,166,1284,0,0,0,0,0,0,0,0,24
9253,9253,2,74,182,1284,0,0,0,0,0,0,0,0,24
9254,9254,3,74,198,1284,0,0,0,0,0,0,0,0,24
9255,9255,4,74,214,1284,0,0,0,0,0,0,0,0,25
9256,9256,5,74,230,1284,0,0,0,0,0,0,0,0,25
9257,9257,6,74,246,1284,0,0,0,0,0,0,0,0,26
9258,9258,7,74,262,1284,0,0,0,0,0,0,0,0,26
9259,9259,8,74,278,1284,0,0,0,0,0,0,0,0,26
9260,9260,9,74,294,1284,0,0,0,0,0,0,0,0,26
9261,9261,10,74,310,1284,0,0,0,0,0,0,0,0,26
9262,9262,11,74,326,1284,0,0,0,0,0,0,0,0,19
9263,9263,12,74,342,1284,0,0,0,0,0,0,0,0,19
9264,9264,13,74,358,1284,0,0,0,0,0,0,0,0,19
9265,9265,14,74,374,1284,0,0,0,0,0,0,0,0,19
9266,9266,15,74,390,1284,0,0,0,0,0,0,0,0,19
9267,9267,16,74,406,1284,0,0,0,0,0,0,0,0,19
9268,9268,17,74,422,1284,0,0,0,0,0,0,0,0,19
9269,9269,18,74,438,1284,0,0,0,0,0,0,0,0,19
9270,9270,19,74,454,1284,0,0,0,0,0,0,0,0,19
9271,9271,20,74,470,1284,0,0,0,0,0,0,0,0,19
9272,9272,21,74,486,1284,0,0,0,0,0,0,0,0,19
9273,9273,22,74,502,1284,0,0,0,0,0,0,0,0,19
9274,9274,23,74,518,1284,0,0,0,0,0,0,0,0,19
9275,9275,24,74,534,1284,0,0,0,0,0,0,0,0,19
9276,9276,25,74,550,1284,0,0,0,0,0,0,0,0,19
9277,9277,26,74,566,1284,0,0,0,0,0,0,0,0,19
9278,9278,27,74,582,1284,0,0,0,0,0,0,0,0,19
9279,9279,28,74,598,1284,0,0,0,0,0,0,0,0,19
9280,9280,29,74,614,1284,0,0,0,0,0,0,0,0,19
9281,9281,30,74,630,1284,0,0,0,0,0,0,0,0,19
9282,9282,31,74,646,1284,0,0,0,0,0,0,0,0,19
9283,9283,32,74,662,1284,0,0,0,0,0,0,0,0,19
9284,9284,33,74,678,1284,0,0,0,0,0,0,0,0,19
9285,9285,34,74,694,1284,0,0,0,0,0,0,0,0,19
9286,9286,35,74,710,1284,0,0,0,0,0,0,0,0,19
9287,9287,36,74,726,1284,0,0,0,0,0,0,0,0,19
9288,9288,37,74,742,1284,0,0,0,0,0,0,0,0,19
9289,9289,38,74,758,1284,0,0,0,0,0,0,0,0,19
9290,9290,39,74,774,1284,0,0,0,0,0,0,0,0,19
9291,9291,40,74,790,1284,0,0,0,0,0,0,0,0,19
9292,9292,41,74,806,1284,0,0,0,0,0,0,0,0,19
9293,9293,42,74,822,1284,0,0,0,0,0,0,0,0,19
9294,9294,43,74,838,1284,0,0,0,0,0,0,0,0,19
9295,9295,44,74,854,1284,0,0,0,0,0,0,0,0,19
9296,9296,45,74,870,1284,0,0,0,0,0,0,0,0,19
9297,9297,46,74,886,1284,0,0,0,0,0,0,0,0,19
9298,9298,47,74,902,1284,0,0,0,0,0,0,0,0,19
9299,9299,48,74,918,1284,0,0,0,0,0,0,0,0,19
9300,9300,49,74,934,1284,0,0,0,0,0,0,0,0,20
9301,9301,50,74,950,1284,0,0,0,0,0,0,0,0,20
9302,9302,51,74,966,1284,0,0,0,0,0,0,0,0,20
9303,9303,52,74,982,1284,0,0,0,0,0,0,0,0,20
9304,9304,53,74,998,1284,0,0,0,0,0,0,0,0,20
9305,9305,54,74,1014,1284,0,0,0,0,0,0,0,0,20
9306,9306,55,74,1030,1284,0,0,0,0,0,0,0,0,20
9307,9307,56,74,1046,1284,0,0,0,0,0,0,0,0,20
9308,9308,57,74,1062,1284,0,0,0,0,0,0,0,0,20
9309,9309,58,74,1078,1284,0,0,0,0,0,0,0,0,20
9310,9310,59,74,1094,1284,0,0,0,0,0,0,0,0,20
9311,9311,60,74,1110,1284,0,0,0,0,0,0,0,0,20
9312,9312,61,74,1126,1284,0,0,0,0,0,0,0,0,20
9313,9313,62,74,1142,1284,0,0,0,0,0,0,0,0,20
9314,9314,63,74,1158,1284,0,0,0,0,0,0,0,0,20
9315,9315,64,74,1174,1284,0,0,0,0,0,0,0,0,21
9316,9316,65,74,1190,1284,0,0,0,0,0,0,0,0,21
9317,9317,66,74,1206,1284,0,0,0,0,0,0,0,0,21
9318,9318,67,74,1222,1284,0,0,0,0,0,0,0,0,21
9319,9319,68,74,1238,1284,0,0,0,0,0,0,0,0,21
9320,9320,69,74,1254,1284,0,0,0,0,0,0,0,0,21
9321,9321,70,74,1270,1284,0,0,0,0,0,0,0,0,21
9322,9322,71,74,1286,1284,0,0,0,0,0,0,0,0,21
9323,9323,72,74,1302,1284,0,0,0,0,0,0,0,0,21
9324,9324,73,74,1318,1284,0,0,0,0,0,0,0,0,21
9325,9325,74,74,1334,1284,0,0,0,0,0,0,0,0,21
9326,9326,75,74,1350,1284,0,0,0,0,0,0,0,0,21
9327,9327,76,74,1366,1284,0,0,0,0,0,0,0,0,21
9328,9328,77,74,1382,1284,0,0,0,0,0,0,0,0,21
9329,9329,78,74,1398,1284,0,0,0,0,0,0,0,0,21
9330,9330,79,74,1414,1284,0,0,0,0,0,0,0,0,21
9331,9331,80,74,1430,1284,0,0,0,0,0,0,0,0,21
9332,9332,81,74,1446,1284,0,0,0,0,0,0,0,0,21
9333,9333,82,74,1462,1284,0,0,0,0,0,0,0,0,21
9334,9334,83,74,1478,1284,0,0,0,0,0,0,0,0,21
9335,9335,84,74,1494,1284,0,0,0,0,0,0,0,0,21
9336,9336,85,74,1510,1284,0,0,0,0,0,0,0,0,21
9337,9337,86,74,1526,1284,0,0,0,0,0,0,0,0,21
9338,9338,87,74,1542,1284,0,0,0,0,0,0,0,0,21
9339,9339,88,74,1558,1284,0,0,0,0,0,0,0,0,21
9340,9340,89,74,1574,1284,0,0,0,0,0,0,0,0,21
9341,9341,90,74,1590,1284,0,0,0,0,0,0,0,0,21
9342,9342,91,74,1606,1284,0,0,0,0,0,0,0,0,21
9343,9343,92,74,1622,1284,0,0,0,0,0,0,0,0,21
9344,9344,93,74,1638,1284,0,0,0,0,0,0,0,0,22
9345,9345,94,74,1654,1284,0,0,0,0,0,0,0,0,22
9346,9346,95,74,1670,1284,0,0,0,0,0,0,0,0,22
9347,9347,96,74,1686,1284,0,0,0,0,0,0,0,0,22
9348,9348,97,74,1702,1284,0,0,0,0,0,0,0,0,22
9349,9349,98,74,1718,1284,0,0,0,0,0,0,0,0,22
9350,9350,99,74,1734,1284,0,0,0,0,0,0,0,0,22
9351,9351,100,74,1750,1284,0,0,0,0,0,0,0,0,22
9352,9352,101,74,1766,1284,0,0,0,0,0,0,0,0,22
9353,9353,102,74,1782,1284,0,0,0,0,0,0,0,0,22
9354,9354,103,74,1798,1284,0,0,0,0,0,0,0,0,14
9355,9355,104,74,1814,1284,0,0,0,0,0,0,0,0,14
9356,9356,105,74,1830,1284,0,0,0,0,0,0,0,0,14
9357,9357,106,74,1846,1284,0,0,0,0,0,0,0,0,14
9358,9358,107,74,1862,1284,0,0,0,0,0,0,0,0,14
9359,9359,108,74,1878,1284,0,0,0,0,0,0,0,0,23
9360,9360,109,74,1894,1284,0,0,0,0,0,0,0,0,23
9361,9361,110,74,1910,1284,0,0,0,0,0,0,0,0,23
9362,9362,111,74,1926,1284,0,0,0,0,0,0,0,0,23
9363,9363,112,74,1942,1284,0,0,0,0,0,0,0,0,23
9364,9364,113,74,1958,1284,0,0,0,0,0,0,0,0,23
9365,9365,114,74,1974,1284,0,0,0,0,0,0,0,0,23
9366,9366,115,74,1990,1284,0,0,0,0,0,0,0,0,23
9367,9367,116,74,2006,1284,0,0,0,0,0,0,0,0,23
9368,9368,117,74,2022,1284,0,0,0,0,0,0,0,0,22
9369,9369,118,74,2038,1284,0,0,0,0,0,0,0,0,22
9370,9370,119,74,2054,1284,0,0,0,0,0,0,0,0,22
9371,9371,120,74,2070,1284,0,0,0,0,0,0,0,0,22
9372,9372,121,74,2086,1284,0,0,0,0,0,0,0,0,22
9373,9373,122,74,2102,1284,0,0,0,0,0,0,0,0,22
9374,9374,123,74,2118,1284,0,0,0,0,0,0,0,0,22
9375,9375,124,74,2134,1284,0,0,0,0,0,0,0,0,24
9376,9376,0,75,150,1300,0,0,0,0,0,0,0,0,24
9377,9377,1,75,166,1300,0,0,0,0,0,0,0,0,24
9378,9378,2,75,182,1300,0,0,0,0,0,0,0,0,24
9379,9379,3,75,198,1300,0,0,0,0,0,0,0,0,24
9380,9380,4,75,214,1300,0,0,0,0,0,0,0,0,24
9381,9381,5,75,230,1300,0,0,0,0,0,0,0,0,25
9382,9382,6,75,246,1300,0,0,0,0,0,0,0,0,25
9383,9383,7,75,262,1300,0,0,0,0,0,0,0,0,26
9384,9384,8,75,278,1300,0,0,0,0,0,0,0,0,26
9385,9385,9,75,294,1300,0,0,0,0,0,0,0,0,26
9386,9386,10,75,310,1300,0,0,0,0,0,0,0,0,26
9387,9387,11,75,326,1300,0,0,0,0,0,0,0,0,26
9388,9388,12,75,342,1300,0,0,0,0,0,0,0,0,26
9389,9389,13,75,358,1300,0,0,0,0,0,0,0,0,26
9390,9390,14,75,374,1300,0,0,0,0,0,0,0,0,26
9391,9391,15,75,390,1300,0,0,0,0,0,0,0,0,19
9392,9392,16,75,406,1300,0,0,0,0,0,0,0,0,19
9393,9393,17,75,422,1300,0,0,0,0,0,0,0,0,19
9394,9394,18,75,438,1300,0,0,0,0,0,0,0,0,19
9395,9395,19,75,454,1300,0,0,0,0,0,0,0,0,19
9396,9396,20,75,470,1300,0,0,0,0,0,0,0,0,19
9397,9397,21,75,486,1300,0,0,0,0,0,0,0,0,19
9398,9398,22,75,502,1300,0,0,0,0,0,0,0,0,19
9399,9399,23,75,518,1300,0,0,0,0,0,0,0,0,19
9400,9400,24,75,534,1300,0,0,0,0,0,0,0,0,19
9401,9401,25,75,550,1300,0,0,0,0,0,0,0,0,19
9402,9402,26,75,566,1300,0,0,0,0,0,0,0,0,19
9403,9403,27,75,582,1300,0,0,0,0,0,0,0,0,19
9404,9404,28,75,598,1300,0,0,0,0,0,0,0,0,19
9405,9405,29,75,614,1300,0,0,0,0,0,0,0,0,19
9406,9406,30,75,630,1300,0,0,0,0,0,0,0,0,19
9407,9407,31,75,646,1300,0,0,0,0,0,0,0,0,19
9408,9408,32,75,662,1300,0,0,0,0,0,0,0,0,19
9409,9409,33,75,678,1300,0,0,0,0,0,0,0,0,19
9410,9410,34,75,694,1300,0,0,0,0,0,0,0,0,19
9411,9411,35,75,710,1300,0,0,0,0,0,0,0,0,19
9412,9412,36,75,726,1300,0,0,0,0,0,0,0,0,19
9413,9413,37,75,742,1300,0,0,0,0,0,0,0,0,19
9414,9414,38,75,758,1300,0,0,0,0,0,0,0,0,19
9415,9415,39,75,774,1300,0,0,0,0,0,0,0,0,19
9416,9416,40,75,790,1300,0,0,0,0,0,0,0,0,19
9417,9417,41,75,806,1300,0,0,0,0,0,0,0,0,19
9418,9418,42,75,822,1300,0,0,0,0,0,0,0,0,19
9419,9419,43,75,838,1300,0,0,0,0,0,0,0,0,19
9420,9420,44,75,854,1300,0,0,0,0,0,0,0,0,19
9421,9421,45,75,870,1300,0,0,0,0,0,0,0,0,19
9422,9422,46,75,886,1300,0,0,0,0,0,0,0,0,19
9423,9423,47,75,902,1300,0,0,0,0,0,0,0,0,19
9424,9424,48,75,918,1300,0,0,0,0,0,0,0,0,19
9425,9425,49,75,934,1300,0,0,0,0,0,0,0,0,20
9426,9426,50,75,950,1300,0,0,0,0,0,0,0,0,20
9427,9427,51,75,966,1300,0,0,0,0,0,0,0,0,20
9428,9428,52,75,982,1300,0,0,0,0,0,0,0,0,20
9429,9429,53,75,998,1300,0,0,0,0,0,0,0,0,20
9430,9430,54,75,1014,1300,0,0,0,0,0,0,0,0,20
9431,9431,55,75,1030,1300,0,0,0,0,0,0,0,0,20
9432,9432,56,75,1046,1300,0,0,0,0,0,0,0,0,20
9433,9433,57,75,1062,1300,0,0,0,0,0,0,0,0,20
9434,9434,58,75,1078,1300,0,0,0,0,0,0,0,0,20
9435,9435,59,75,1094,1300,0,0,0,0,0,0,0,0,20
9436,9436,60,75,1110,1300,0,0,0,0,0,0,0,0,20
9437,9437,61,75,1126,1300,0,0,0,0,0,0,0,0,20
9438,9438,62,75,1142,1300,0,0,0,0,0,0,0,0,20
9439,9439,63,75,1158,1300,0,0,0,0,0,0,0,0,21
9440,9440,64,75,1174,1300,0,0,0,0,0,0,0,0,21
9441,9441,65,75,1190,1300,0,0,0,0,0,0,0,0,21
9442,9442,66,75,1206,1300,0,0,0,0,0,0,0,0,21
9443,9443,67,75,1222,1300,0,0,0,0,0,0,0,0,21
9444,9444,68,75,1238,1300,0,0,0,0,0,0,0,0,21
9445,9445,69,75,1254,1300,0,0,0,0,0,0,0,0,21
9446,9446,70,75,1270,1300,0,0,0,0,0,0,0,0,21
9447,9447,71,75,1286,1300,0,0,0,0,0,0,0,0,21
9448,9448,72,75,1302,1300,0,0,0,0,0,0,0,0,21
9449,9449,73,75,1318,1300,0,0,0,0,0,0,0,0,21
9450,9450,74,75,1334,1300,0,0,0,0,0,0,0,0,21
9451,9451,75,75,1350,1300,0,0,0,0,0,0,0,0,21
9452,9452,76,75,1366,1300,0,0,0,0,0,0,0,0,21
9453,9453,77,75,1382,1300,0,0,0,0,0,0,0,0,21
9454,9454,78,75,1398,1300,0,0,0,0,0,0,0,0,21
9455,9455,79,75,1414,1300,0,0,0,0,0,0,0,0,21
9456,9456,80,75,1430,1300,0,0,0,0,0,0,0,0,21
9457,9457,81,75,1446,1300,0,0,0,0,0,0,0,0,21
9458,9458,82,75,1462,1300,0,0,0,0,0,0,0,0,21
9459,9459,83,75,1478,1300,0,0,0,0,0,0,0,0,21
9460,9460,84,75,1494,1300,0,0,0,0,0,0,0,0,21
9461,9461,85,75,1510,1300,0,0,0,0,0,0,0,0,21
9462,9462,86,75,1526,1300,0,0,0,0,0,0,0,0,21
9463,9463,87,75,1542,1300,0,0,0,0,0,0,0,0,21
9464,9464,88,75,1558,1300,0,0,0,0,0,0,0,0,21
9465,9465,89,75,1574,1300,0,0,0,0,0,0,0,0,21
9466,9466,90,75,1590,1300,0,0,0,0,0,0,0,0,21
9467,9467,91,75,1606,1300,0,0,0,0,0,0,0,0,21
9468,9468,92,75,1622,1300,0,0,0,0,0,0,0,0,22
9469,9469,93,75,1638,1300,0,0,0,0,0,0,0,0,22
9470,9470,94,75,1654,1300,0,0,0,0,0,0,0,0,22
9471,9471,95,75,1670,1300,0,0,0,0,0,0,0,0,22
9472,9472,96,75,1686,1300,0,0,0,0,0,0,0,0,22
9473,9473,97,75,1702,1300,0,0,0,0,0,0,0,0,22
9474,9474,98,75,1718,1300,0,0,0,0,0,0,0,0,22
9475,9475,99,75,1734,1300,0,0,0,0,0,0,0,0,22
9476,9476,100,75,1750,1300,0,0,0,0,0,0,0,0,22
9477,9477,101,75,1766,1300,0,0,0,0,0,0,0,0,22
9478,9478,102,75,1782,1300,0,0,0,0,0,0,0,0,22
9479,9479,103,75,1798,1300,0,0,0,0,0,0,0,0,22
9480,9480,104,75,1814,1300,0,0,0,0,0,0,0,0,14
9481,9481,105,75,1830,1300,0,0,0,0,0,0,0,0,14
9482,9482,106,75,1846,1300,0,0,0,0,0,0,0,0,14
9483,9483,107,75,1862,1300,0,0,0,0,0,0,0,0,23
9484,9484,108,75,1878,1300,0,0,0,0,0,0,0,0,23
9485,9485,109,75,1894,1300,0,0,0,0,0,0,0,0,23
9486,9486,110,75,1910,1300,0,0,0,0,0,0,0,0,23
9487,9487,111,75,1926,1300,0,0,0,0,0,0,0,0,23
9488,9488,112,75,1942,1300,0,0,0,0,0,0,0,0,23
9489,9489,113,75,1958,1300,0,0,0,0,0,0,0,0,23
9490,9490,114,75,1974,1300,0,0,0,0,0,0,0,0,23
9491,9491,115,75,1990,1300,0,0,0,0,0,0,0,0,23
9492,9492,116,75,2006,1300,0,0,0,0,0,0,0,0,22
9493,9493,117,75,2022,1300,0,0,0,0,0,0,0,0,22
9494,9494,118,75,2038,1300,0,0,0,0,0,0,0,0,22
9495,9495,119,75,2054,1300,0,0,0,0,0,0,0,0,22
9496,9496,120,75,2070,1300,0,0,0,0,0,0,0,0,22
9497,9497,121,75,2086,1300,0,0,0,0,0,0,0,0,22
9498,9498,122,75,2102,1300,0,0,0,0,0,0,0,0,22
9499,9499,123,75,2118,1300,0,0,0,0,0,0,0,0,22
9500,9500,124,75,2134,1300,0,0,0,0,0,0,0,0,24
9501,9501,0,76,150,1316,0,0,0,0,0,0,0,0,24
9502,9502,1,76,166,1316,0,0,0,0,0,0,0,0,24
9503,9503,2,76,182,1316,0,0,0,0,0,0,0,0,24
9504,9504,3,76,198,1316,0,0,0,0,0,0,0,0,24
9505,9505,4,76,214,1316,0,0,0,0,0,0,0,0,24
9506,9506,5,76,230,1316,0,0,0,0,0,0,0,0,25
9507,9507,6,76,246,1316,0,0,0,0,0,0,0,0,25
9508,9508,7,76,262,1316,0,0,0,0,0,0,0,0,25
9509,9509,8,76,278,1316,0,0,0,0,0,0,0,0,26
9510,9510,9,76,294,1316,0,0,0,0,0,0,0,0,26
9511,9511,10,76,310,1316,0,0,0,0,0,0,0,0,26
9512,9512,11,76,326,1316,0,0,0,0,0,0,0,0,26
9513,9513,12,76,342,1316,0,0,0,0,0,0,0,0,26
9514,9514,13,76,358,1316,0,0,0,0,0,0,0,0,26
9515,9515,14,76,374,1316,0,0,0,0,0,0,0,0,26
9516,9516,15,76,390,1316,0,0,0,0,0,0,0,0,26
9517,9517,16,76,406,1316,0,0,0,0,0,0,0,0,26
9518,9518,17,76,422,1316,0,0,0,0,0,0,0,0,26
9519,9519,18,76,438,1316,0,0,0,0,0,0,0,0,26
9520,9520,19,76,454,1316,0,0,0,0,0,0,0,0,26
9521,9521,20,76,470,1316,0,0,0,0,0,0,0,0,19
9522,9522,21,76,486,1316,0,0,0,0,0,0,0,0,19
9523,9523,22,76,502,1316,0,0,0,0,0,0,0,0,19
9524,9524,23,76,518,1316,0,0,0,0,0,0,0,0,19
9525,9525,24,76,534,1316,0,0,0,0,0,0,0,0,19
9526,9526,25,76,550,1316,0,0,0,0,0,0,0,0,19
9527,9527,26,76,566,1316,0,0,0,0,0,0,0,0,19
9528,9528,27,76,582,1316,0,0,0,0,0,0,0,0,19
9529,9529,28,76,598,1316,0,0,0,0,0,0,0,0,19
9530,9530,29,76,614,1316,0,0,0,0,0,0,0,0,19
9531,9531,30,76,630,1316,0,0,0,0,0,0,0,0,19
9532,9532,31,76,646,1316,0,0,0,0,0,0,0,0,19
9533,9533,32,76,662,1316,0,0,0,0,0,0,0,0,19
9534,9534,33,76,678,1316,0,0,0,0,0,0,0,0,19
9535,9535,34,76,694,1316,0,0,0,0,0,0,0,0,19
9536,9536,35,76,710,1316,0,0,0,0,0,0,0,0,19
9537,9537,36,76,726,1316,0,0,0,0,0,0,0,0,19
9538,9538,37,76,742,1316,0,0,0,0,0,0,0,0,19
9539,9539,38,76,758,1316,0,0,0,0,0,0,0,0,19
9540,9540,39,76,774,1316,0,0,0,0,0,0,0,0,19
9541,9541,40,76,790,1316,0,0,0,0,0,0,0,0,19
9542,9542,41,76,806,1316,0,0,0,0,0,0,0,0,19
9543,9543,42,76,822,1316,0,0,0,0,0,0,0,0,19
9544,9544,43,76,838,1316,0,0,0,0,0,0,0,0,19
9545,9545,44,76,854,1316,0,0,0,0,0,0,0,0,19
9546,9546,45,76,870,1316,0,0,0,0,0,0,0,0,19
9547,9547,46,76,886,1316,0,0,0,0,0,0,0,0,19
9548,9548,47,76,902,1316,0,0,0,0,0,0,0,0,19
9549,9549,48,76,918,1316,0,0,0,0,0,0,0,0,19
9550,9550,49,76,934,1316,0,0,0,0,0,0,0,0,20
9551,9551,50,76,950,1316,0,0,0,0,0,0,0,0,20
9552,9552,51,76,966,1316,0,0,0,0,0,0,0,0,20
9553,9553,52,76,982,1316,0,0,0,0,0,0,0,0,20
9554,9554,53,76,998,1316,0,0,0,0,0,0,0,0,20
9555,9555,54,76,1014,1316,0,0,0,0,0,0,0,0,20
9556,9556,55,76,1030,1316,0,0,0,0,0,0,0,0,20
9557,9557,56,76,1046,1316,0,0,0,0,0,0,0,0,20
9558,9558,57,76,1062,1316,0,0,0,0,0,0,0,0,20
9559,9559,58,76,1078,1316,0,0,0,0,0,0,0,0,20
9560,9560,59,76,1094,1316,0,0,0,0,0,0,0,0,20
9561,9561,60,76,1110,1316,0,0,0,0,0,0,0,0,20
9562,9562,61,76,1126,1316,0,0,0,0,0,0,0,0,21
9563,9563,62,76,1142,1316,0,0,0,0,0,0,0,0,21
9564,9564,63,76,1158,1316,0,0,0,0,0,0,0,0,21
9565,9565,64,76,1174,1316,0,0,0,0,0,0,0,0,21
9566,9566,65,76,1190,1316,0,0,0,0,0,0,0,0,21
9567,9567,66,76,1206,1316,0,0,0,0,0,0,0,0,21
9568,9568,67,76,1222,1316,0,0,0,0,0,0,0,0,21
9569,9569,68,76,1238,1316,0,0,0,0,0,0,0,0,21
9570,9570,69,76,1254,1316,0,0,0,0,0,0,0,0,21
9571,9571,70,76,1270,1316,0,0,0,0,0,0,0,0,21
9572,9572,71,76,1286,1316,0,0,0,0,0,0,0,0,21
9573,9573,72,76,1302,1316,0,0,0,0,0,0,0,0,21
9574,9574,73,76,1318,1316,0,0,0,0,0,0,0,0,21
9575,9575,74,76,1334,1316,0,0,0,0,0,0,0,0,21
9576,9576,75,76,1350,1316,0,0,0,0,0,0,0,0,21
9577,9577,76,76,1366,1316,0,0,0,0,0,0,0,0,21
9578,9578,77,76,1382,1316,0,0,0,0,0,0,0,0,21
9579,9579,78,76,1398,1316,0,0,0,0,0,0,0,0,21
9580,9580,79,76,1414,1316,0,0,0,0,0,0,0,0,21
9581,9581,80,76,1430,1316,0,0,0,0,0,0,0,0,21
9582,9582,81,76,1446,1316,0,0,0,0,0,0,0,0,21
9583,9583,82,76,1462,1316,0,0,0,0,0,0,0,0,21
9584,9584,83,76,1478,1316,0,0,0,0,0,0,0,0,21
9585,9585,84,76,1494,1316,0,0,0,0,0,0,0,0,21
9586,9586,85,76,1510,1316,0,0,0,0,0,0,0,0,21
9587,9587,86,76,1526,1316,0,0,0,0,0,0,0,0,21
9588,9588,87,76,1542,1316,0,0,0,0,0,0,0,0,21
9589,9589,88,76,1558,1316,0,0,0,0,0,0,0,0,21
9590,9590,89,76,1574,1316,0,0,0,0,0,0,0,0,21
9591,9591,90,76,1590,1316,0,0,0,0,0,0,0,0,21
9592,9592,91,76,1606,1316,0,0,0,0,0,0,0,0,21
9593,9593,92,76,1622,1316,0,0,0,0,0,0,0,0,22
9594,9594,93,76,1638,1316,0,0,0,0,0,0,0,0,22
9595,9595,94,76,1654,1316,0,0,0,0,0,0,0,0,22
9596,9596,95,76,1670,1316,0,0,0,0,0,0,0,0,22
9597,9597,96,76,1686,1316,0,0,0,0,0,0,0,0,22
9598,9598,97,76,1702,1316,0,0,0,0,0,0,0,0,22
9599,9599,98,76,1718,1316,0,0,0,0,0,0,0,0,22
9600,9600,99,76,1734,1316,0,0,0,0,0,0,0,0,22
9601,9601,100,76,1750,1316,0,0,0,0,0,0,0,0,22
9602,9602,101,76,1766,1316,0,0,0,0,0,0,0,0,22
9603,9603,102,76,1782,1316,0,0,0,0,0,0,0,0,22
9604,9604,103,76,1798,1316,0,0,0,0,0,0,0,0,22
9605,9605,104,76,1814,1316,0,0,0,0,0,0,0,0,22
9606,9606,105,76,1830,1316,0,0,0,0,0,0,0,0,14
9607,9607,106,76,1846,1316,0,0,0,0,0,0,0,0,14
9608,9608,107,76,1862,1316,0,0,0,0,0,0,0,0,23
9609,9609,108,76,1878,1316,0,0,0,0,0,0,0,0,23
9610,9610,109,76,1894,1316,0,0,0,0,0,0,0,0,23
9611,9611,110,76,1910,1316,0,0,0,0,0,0,0,0,23
9612,9612,111,76,1926,1316,0,0,0,0,0,0,0,0,23
9613,9613,112,76,1942,1316,0,0,0,0,0,0,0,0,23
9614,9614,113,76,1958,1316,0,0,0,0,0,0,0,0,23
9615,9615,114,76,1974,1316,0,0,0,0,0,0,0,0,23
9616,9616,115,76,1990,1316,0,0,0,0,0,0,0,0,23
9617,9617,116,76,2006,1316,0,0,0,0,0,0,0,0,22
9618,9618,117,76,2022,1316,0,0,0,0,0,0,0,0,22
9619,9619,118,76,2038,1316,0,0,0,0,0,0,0,0,22
9620,9620,119,76,2054,1316,0,0,0,0,0,0,0,0,22
9621,9621,120,76,2070,1316,0,0,0,0,0,0,0,0,22
9622,9622,121,76,2086,1316,0,0,0,0,0,0,0,0,22
9623,9623,122,76,2102,1316,0,0,0,0,0,0,0,0,22
9624,9624,123,76,2118,1316,0,0,0,0,0,0,0,0,22
9625,9625,124,76,2134,1316,0,0,0,0,0,0,0,0,24
9626,9626,0,77,150,1332,0,0,0,0,0,0,0,0,24
9627,9627,1,77,166,1332,0,0,0,0,0,0,0,0,24
9628,9628,2,77,182,1332,0,0,0,0,0,0,0,0,24
9629,9629,3,77,198,1332,0,0,0,0,0,0,0,0,24
9630,9630,4,77,214,1332,0,0,0,0,0,0,0,0,24
9631,9631,5,77,230,1332,0,0,0,0,0,0,0,0,24
9632,9632,6,77,246,1332,0,0,0,0,0,0,0,0,25
9633,9633,7,77,262,1332,0,0,0,0,0,0,0,0,25
9634,9634,8,77,278,1332,0,0,0,0,0,0,0,0,26
9635,9635,9,77,294,1332,0,0,0,0,0,0,0,0,26
9636,9636,10,77,310,1332,0,0,0,0,0,0,0,0,3
9637,9637,11,77,326,1332,0,0,0,0,0,0,0,0,26
9638,9638,12,77,342,1332,0,0,0,0,0,0,0,0,26
9639,9639,13,77,358,1332,0,0,0,0,0,0,0,0,26
9640,9640,14,77,374,1332,0,0,0,0,0,0,0,0,26
9641,9641,15,77,390,1332,0,0,0,0,0,0,0,0,26
9642,9642,16,77,406,1332,0,0,0,0,0,0,0,0,26
9643,9643,17,77,422,1332,0,0,0,0,0,0,0,0,26
9644,9644,18,77,438,1332,0,0,0,0,0,0,0,0,26
9645,9645,19,77,454,1332,0,0,0,0,0,0,0,0,26
9646,9646,20,77,470,1332,0,0,0,0,0,0,0,0,26
9647,9647,21,77,486,1332,0,0,0,0,0,0,0,0,26
9648,9648,22,77,502,1332,0,0,0,0,0,0,0,0,26
9649,9649,23,77,518,1332,0,0,0,0,0,0,0,0,26
9650,9650,24,77,534,1332,0,0,0,0,0,0,0,0,26
9651,9651,25,77,550,1332,0,0,0,0,0,0,0,0,19
9652,9652,26,77,566,1332,0,0,0,0,0,0,0,0,19
9653,9653,27,77,582,1332,0,0,0,0,0,0,0,0,19
9654,9654,28,77,598,1332,0,0,0,0,0,0,0,0,19
9655,9655,29,77,614,1332,0,0,0,0,0,0,0,0,19
9656,9656,30,77,630,1332,0,0,0,0,0,0,0,0,19
9657,9657,31,77,646,1332,0,0,0,0,0,0,0,0,19
9658,9658,32,77,662,1332,0,0,0,0,0,0,0,0,19
9659,9659,33,77,678,1332,0,0,0,0,0,0,0,0,19
9660,9660,34,77,694,1332,0,0,0,0,0,0,0,0,19
9661,9661,35,77,710,1332,0,0,0,0,0,0,0,0,19
9662,9662,36,77,726,1332,0,0,0,0,0,0,0,0,19
9663,9663,37,77,742,1332,0,0,0,0,0,0,0,0,19
9664,9664,38,77,758,1332,0,0,0,0,0,0,0,0,19
9665,9665,39,77,774,1332,0,0,0,0,0,0,0,0,19
9666,9666,40,77,790,1332,0,0,0,0,0,0,0,0,19
9667,9667,41,77,806,1332,0,0,0,0,0,0,0,0,19
9668,9668,42,77,822,1332,0,0,0,0,0,0,0,0,19
9669,9669,43,77,838,1332,0,0,0,0,0,0,0,0,19
9670,9670,44,77,854,1332,0,0,0,0,0,0,0,0,19
9671,9671,45,77,870,1332,0,0,0,0,0,0,0,0,19
9672,9672,46,77,886,1332,0,0,0,0,0,0,0,0,19
9673,9673,47,77,902,1332,0,0,0,0,0,0,0,0,19
9674,9674,48,77,918,1332,0,0,0,0,0,0,0,0,20
9675,9675,49,77,934,1332,0,0,0,0,0,0,0,0,20
9676,9676,50,77,950,1332,0,0,0,0,0,0,0,0,20
9677,9677,51,77,966,1332,0,0,0,0,0,0,0,0,20
9678,9678,52,77,982,1332,0,0,0,0,0,0,0,0,20
9679,9679,53,77,998,1332,0,0,0,0,0,0,0,0,20
9680,9680,54,77,1014,1332,0,0,0,0,0,0,0,0,20
9681,9681,55,77,1030,1332,0,0,0,0,0,0,0,0,20
9682,9682,56,77,1046,1332,0,0,0,0,0,0,0,0,20
9683,9683,57,77,1062,1332,0,0,0,0,0,0,0,0,20
9684,9684,58,77,1078,1332,0,0,0,0,0,0,0,0,20
9685,9685,59,77,1094,1332,0,0,0,0,0,0,0,0,20
9686,9686,60,77,1110,1332,0,0,0,0,0,0,0,0,21
9687,9687,61,77,1126,1332,0,0,0,0,0,0,0,0,21
9688,9688,62,77,1142,1332,0,0,0,0,0,0,0,0,21
9689,9689,63,77,1158,1332,0,0,0,0,0,0,0,0,21
9690,9690,64,77,1174,1332,0,0,0,0,0,0,0,0,21
9691,9691,65,77,1190,1332,0,0,0,0,0,0,0,0,21
9692,9692,66,77,1206,1332,0,0,0,0,0,0,0,0,21
9693,9693,67,77,1222,1332,0,0,0,0,0,0,0,0,21
9694,9694,68,77,1238,1332,0,0,0,0,0,0,0,0,21
9695,9695,69,77,1254,1332,0,0,0,0,0,0,0,0,21
9696,9696,70,77,1270,1332,0,0,0,0,0,0,0,0,21
9697,9697,71,77,1286,1332,0,0,0,0,0,0,0,0,21
9698,9698,72,77,1302,1332,0,0,0,0,0,0,0,0,21
9699,9699,73,77,1318,1332,0,0,0,0,0,0,0,0,21
9700,9700,74,77,1334,1332,0,0,0,0,0,0,0,0,21
9701,9701,75,77,1350,1332,0,0,0,0,0,0,0,0,21
9702,9702,76,77,1366,1332,0,0,0,0,0,0,0,0,21
9703,9703,77,77,1382,1332,0,0,0,0,0,0,0,0,21
9704,9704,78,77,1398,1332,0,0,0,0,0,0,0,0,21
9705,9705,79,77,1414,1332,0,0,0,0,0,0,0,0,21
9706,9706,80,77,1430,1332,0,0,0,0,0,0,0,0,21
9707,9707,81,77,1446,1332,0,0,0,0,0,0,0,0,21
9708,9708,82,77,1462,1332,0,0,0,0,0,0,0,0,21
9709,9709,83,77,1478,1332,0,0,0,0,0,0,0,0,21
9710,9710,84,77,1494,1332,0,0,0,0,0,0,0,0,21
9711,9711,85,77,1510,1332,0,0,0,0,0,0,0,0,21
9712,9712,86,77,1526,1332,0,0,0,0,0,0,0,0,21
9713,9713,87,77,1542,1332,0,0,0,0,0,0,0,0,21
9714,9714,88,77,1558,1332,0,0,0,0,0,0,0,0,21
9715,9715,89,77,1574,1332,0,0,0,0,0,0,0,0,21
9716,9716,90,77,1590,1332,0,0,0,0,0,0,0,0,21
9717,9717,91,77,1606,1332,0,0,0,0,0,0,0,0,22
9718,9718,92,77,1622,1332,0,0,0,0,0,0,0,0,22
9719,9719,93,77,1638,1332,0,0,0,0,0,0,0,0,22
9720,9720,94,77,1654,1332,0,0,0,0,0,0,0,0,22
9721,9721,95,77,1670,1332,0,0,0,0,0,0,0,0,22
9722,9722,96,77,1686,1332,0,0,0,0,0,0,0,0,22
9723,9723,97,77,1702,1332,0,0,0,0,0,0,0,0,22
9724,9724,98,77,1718,1332,0,0,0,0,0,0,0,0,22
9725,9725,99,77,1734,1332,0,0,0,0,0,0,0,0,22
9726,9726,100,77,1750,1332,0,0,0,0,0,0,0,0,22
9727,9727,101,77,1766,1332,0,0,0,0,0,0,0,0,22
9728,9728,102,77,1782,1332,0,0,0,0,0,0,0,0,22
9729,9729,103,77,1798,1332,0,0,0,0,0,0,0,0,22
9730,9730,104,77,1814,1332,0,0,0,0,0,0,0,0,22
9731,9731,105,77,1830,1332,0,0,0,0,0,0,0,0,14
9732,9732,106,77,1846,1332,0,0,0,0,0,0,0,0,14
9733,9733,107,77,1862,1332,0,0,0,0,0,0,0,0,23
9734,9734,108,77,1878,1332,0,0,0,0,0,0,0,0,23
9735,9735,109,77,1894,1332,0,0,0,0,0,0,0,0,23
9736,9736,110,77,1910,1332,0,0,0,0,0,0,0,0,23
9737,9737,111,77,1926,1332,0,0,0,0,0,0,0,0,23
9738,9738,112,77,1942,1332,0,0,0,0,0,0,0,0,23
9739,9739,113,77,1958,1332,0,0,0,0,0,0,0,0,23
9740,9740,114,77,1974,1332,0,0,0,0,0,0,0,0,23
9741,9741,115,77,1990,1332,0,0,0,0,0,0,0,0,22
9742,9742,116,77,2006,1332,0,0,0,0,0,0,0,0,22
9743,9743,117,77,2022,1332,0,0,0,0,0,0,0,0,22
9744,9744,118,77,2038,1332,0,0,0,0,0,0,0,0,22
9745,9745,119,77,2054,1332,0,0,0,0,0,0,0,0,22
9746,9746,120,77,2070,1332,0,0,0,0,0,0,0,0,22
9747,9747,121,77,2086,1332,0,0,0,0,0,0,0,0,22
9748,9748,122,77,2102,1332,0,0,0,0,0,0,0,0,22
9749,9749,123,77,2118,1332,0,0,0,0,0,0,0,0,22
9750,9750,124,77,2134,1332,0,0,0,0,0,0,0,0,24
9751,9751,0,78,150,1348,0,0,0,0,0,0,0,0,24
9752,9752,1,78,166,1348,0,0,0,0,0,0,0,0,24
9753,9753,2,78,182,1348,0,0,0,0,0,0,0,0,24
9754,9754,3,78,198,1348,0,0,0,0,0,0,0,0,24
9755,9755,4,78,214,1348,0,0,0,0,0,0,0,0,24
9756,9756,5,78,230,1348,0,0,0,0,0,0,0,0,24
9757,9757,6,78,246,1348,0,0,0,0,0,0,0,0,24
9758,9758,7,78,262,1348,0,0,0,0,0,0,0,0,25
9759,9759,8,78,278,1348,0,0,0,0,0,0,0,0,25
9760,9760,9,78,294,1348,0,0,0,0,0,0,0,0,26
9761,9761,10,78,310,1348,0,0,0,0,0,0,0,0,3
9762,9762,11,78,326,1348,0,0,0,0,0,0,0,0,26
9763,9763,12,78,342,1348,0,0,0,0,0,0,0,0,26
9764,9764,13,78,358,1348,0,0,0,0,0,0,0,0,26
9765,9765,14,78,374,1348,0,0,0,0,0,0,0,0,26
9766,9766,15,78,390,1348,0,0,0,0,0,0,0,0,26
9767,9767,16,78,406,1348,0,0,0,0,0,0,0,0,26
9768,9768,17,78,422,1348,0,0,0,0,0,0,0,0,26
9769,9769,18,78,438,1348,0,0,0,0,0,0,0,0,26
9770,9770,19,78,454,1348,0,0,0,0,0,0,0,0,26
9771,9771,20,78,470,1348,0,0,0,0,0,0,0,0,26
9772,9772,21,78,486,1348,0,0,0,0,0,0,0,0,26
9773,9773,22,78,502,1348,0,0,0,0,0,0,0,0,26
9774,9774,23,78,518,1348,0,0,0,0,0,0,0,0,26
9775,9775,24,78,534,1348,0,0,0,0,0,0,0,0,26
9776,9776,25,78,550,1348,0,0,0,0,0,0,0,0,26
9777,9777,26,78,566,1348,0,0,0,0,0,0,0,0,26
9778,9778,27,78,582,1348,0,0,0,0,0,0,0,0,26
9779,9779,28,78,598,1348,0,0,0,0,0,0,0,0,26
9780,9780,29,78,614,1348,0,0,0,0,0,0,0,0,19
9781,9781,30,78,630,1348,0,0,0,0,0,0,0,0,19
9782,9782,31,78,646,1348,0,0,0,0,0,0,0,0,19
9783,9783,32,78,662,1348,0,0,0,0,0,0,0,0,19
9784,9784,33,78,678,1348,0,0,0,0,0,0,0,0,19
9785,9785,34,78,694,1348,0,0,0,0,0,0,0,0,19
9786,9786,35,78,710,1348,0,0,0,0,0,0,0,0,19
9787,9787,36,78,726,1348,0,0,0,0,0,0,0,0,19
9788,9788,37,78,742,1348,0,0,0,0,0,0,0,0,19
9789,9789,38,78,758,1348,0,0,0,0,0,0,0,0,19
9790,9790,39,78,774,1348,0,0,0,0,0,0,0,0,19
9791,9791,40,78,790,1348,0,0,0,0,0,0,0,0,19
9792,9792,41,78,806,1348,0,0,0,0,0,0,0,0,19
9793,9793,42,78,822,1348,0,0,0,0,0,0,0,0,19
9794,9794,43,78,838,1348,0,0,0,0,0,0,0,0,19
9795,9795,44,78,854,1348,0,0,0,0,0,0,0,0,19
9796,9796,45,78,870,1348,0,0,0,0,0,0,0,0,19
9797,9797,46,78,886,1348,0,0,0,0,0,0,0,0,19
9798,9798,47,78,902,1348,0,0,0,0,0,0,0,0,19
9799,9799,48,78,918,1348,0,0,0,0,0,0,0,0,20
9800,9800,49,78,934,1348,0,0,0,0,0,0,0,0,20
9801,9801,50,78,950,1348,0,0,0,0,0,0,0,0,20
9802,9802,51,78,966,1348,0,0,0,0,0,0,0,0,20
9803,9803,52,78,982,1348,0,0,0,0,0,0,0,0,20
9804,9804,53,78,998,1348,0,0,0,0,0,0,0,0,20
9805,9805,54,78,1014,1348,0,0,0,0,0,0,0,0,20
9806,9806,55,78,1030,1348,0,0,0,0,0,0,0,0,20
9807,9807,56,78,1046,1348,0,0,0,0,0,0,0,0,20
9808,9808,57,78,1062,1348,0,0,0,0,0,0,0,0,20
9809,9809,58,78,1078,1348,0,0,0,0,0,0,0,0,20
9810,9810,59,78,1094,1348,0,0,0,0,0,0,0,0,20
9811,9811,60,78,1110,1348,0,0,0,0,0,0,0,0,21
9812,9812,61,78,1126,1348,0,0,0,0,0,0,0,0,21
9813,9813,62,78,1142,1348,0,0,0,0,0,0,0,0,21
9814,9814,63,78,1158,1348,0,0,0,0,0,0,0,0,21
9815,9815,64,78,1174,1348,0,0,0,0,0,0,0,0,21
9816,9816,65,78,1190,1348,0,0,0,0,0,0,0,0,21
9817,9817,66,78,1206,1348,0,0,0,0,0,0,0,0,21
9818,9818,67,78,1222,1348,0,0,0,0,0,0,0,0,21
9819,9819,68,78,1238,1348,0,0,0,0,0,0,0,0,21
9820,9820,69,78,1254,1348,0,0,0,0,0,0,0,0,21
9821,9821,70,78,1270,1348,0,0,0,0,0,0,0,0,21
9822,9822,71,78,1286,1348,0,0,0,0,0,0,0,0,21
9823,9823,72,78,1302,1348,0,0,0,0,0,0,0,0,21
9824,9824,73,78,1318,1348,0,0,0,0,0,0,0,0,21
9825,9825,74,78,1334,1348,0,0,0,0,0,0,0,0,21
9826,9826,75,78,1350,1348,0,0,0,0,0,0,0,0,21
9827,9827,76,78,1366,1348,0,0,0,0,0,0,0,0,21
9828,9828,77,78,1382,1348,0,0,0,0,0,0,0,0,21
9829,9829,78,78,1398,1348,0,0,0,0,0,0,0,0,21
9830,9830,79,78,1414,1348,0,0,0,0,0,0,0,0,21
9831,9831,80,78,1430,1348,0,0,0,0,0,0,0,0,21
9832,9832,81,78,1446,1348,0,0,0,0,0,0,0,0,21
9833,9833,82,78,1462,1348,0,0,0,0,0,0,0,0,21
9834,9834,83,78,1478,1348,0,0,0,0,0,0,0,0,21
9835,9835,84,78,1494,1348,0,0,0,0,0,0,0,0,21
9836,9836,85,78,1510,1348,0,0,0,0,0,0,0,0,21
9837,9837,86,78,1526,1348,0,0,0,0,0,0,0,0,21
9838,9838,87,78,1542,1348,0,0,0,0,0,0,0,0,21
9839,9839,88,78,1558,1348,0,0,0,0,0,0,0,0,21
9840,9840,89,78,1574,1348,0,0,0,0,0,0,0,0,21
9841,9841,90,78,1590,1348,0,0,0,0,0,0,0,0,21
9842,9842,91,78,1606,1348,0,0,0,0,0,0,0,0,22
9843,9843,92,78,1622,1348,0,0,0,0,0,0,0,0,22
9844,9844,93,78,1638,1348,0,0,0,0,0,0,0,0,22
9845,9845,94,78,1654,1348,0,0,0,0,0,0,0,0,22
9846,9846,95,78,1670,1348,0,0,0,0,0,0,0,0,22
9847,9847,96,78,1686,1348,0,0,0,0,0,0,0,0,22
9848,9848,97,78,1702,1348,0,0,0,0,0,0,0,0,22
9849,9849,98,78,1718,1348,0,0,0,0,0,0,0,0,22
9850,9850,99,78,1734,1348,0,0,0,0,0,0,0,0,22
9851,9851,100,78,1750,1348,0,0,0,0,0,0,0,0,22
9852,9852,101,78,1766,1348,0,0,0,0,0,0,0,0,22
9853,9853,102,78,1782,1348,0,0,0,0,0,0,0,0,22
9854,9854,103,78,1798,1348,0,0,0,0,0,0,0,0,22
9855,9855,104,78,1814,1348,0,0,0,0,0,0,0,0,22
9856,9856,105,78,1830,1348,0,0,0,0,0,0,0,0,22
9857,9857,106,78,1846,1348,0,0,0,0,0,0,0,0,22
9858,9858,107,78,1862,1348,0,0,0,0,0,0,0,0,23
9859,9859,108,78,1878,1348,0,0,0,0,0,0,0,0,23
9860,9860,109,78,1894,1348,0,0,0,0,0,0,0,0,23
9861,9861,110,78,1910,1348,0,0,0,0,0,0,0,0,23
9862,9862,111,78,1926,1348,0,0,0,0,0,0,0,0,23
9863,9863,112,78,1942,1348,0,0,0,0,0,0,0,0,23
9864,9864,113,78,1958,1348,0,0,0,0,0,0,0,0,23
9865,9865,114,78,1974,1348,0,0,0,0,0,0,0,0,23
9866,9866,115,78,1990,1348,0,0,0,0,0,0,0,0,22
9867,9867,116,78,2006,1348,0,0,0,0,0,0,0,0,22
9868,9868,117,78,2022,1348,0,0,0,0,0,0,0,0,22
9869,9869,118,78,2038,1348,0,0,0,0,0,0,0,0,22
9870,9870,119,78,2054,1348,0,0,0,0,0,0,0,0,22
9871,9871,120,78,2070,1348,0,0,0,0,0,0,0,0,22
9872,9872,121,78,2086,1348,0,0,0,0,0,0,0,0,22
9873,9873,122,78,2102,1348,0,0,0,0,0,0,0,0,22
9874,9874,123,78,2118,1348,0,0,0,0,0,0,0,0,22
9875,9875,124,78,2134,1348,0,0,0,0,0,0,0,0,24
9876,9876,0,79,150,1364,0,0,0,0,0,0,0,0,24
9877,9877,1,79,166,1364,0,0,0,0,0,0,0,0,24
9878,9878,2,79,182,1364,0,0,0,0,0,0,0,0,24
9879,9879,3,79,198,1364,0,0,0,0,0,0,0,0,24
9880,9880,4,79,214,1364,0,0,0,0,0,0,0,0,24
9881,9881,5,79,230,1364,0,0,0,0,0,0,0,0,24
9882,9882,6,79,246,1364,0,0,0,0,0,0,0,0,24
9883,9883,7,79,262,1364,0,0,0,0,0,0,0,0,25
9884,9884,8,79,278,1364,0,0,0,0,0,0,0,0,25
9885,9885,9,79,294,1364,0,0,0,0,0,0,0,0,25
9886,9886,10,79,310,1364,0,0,0,0,0,0,0,0,26
9887,9887,11,79,326,1364,0,0,0,0,0,0,0,0,26
9888,9888,12,79,342,1364,0,0,0,0,0,0,0,0,26
9889,9889,13,79,358,1364,0,0,0,0,0,0,0,0,26
9890,9890,14,79,374,1364,0,0,0,0,0,0,0,0,26
9891,9891,15,79,390,1364,0,0,0,0,0,0,0,0,26
9892,9892,16,79,406,1364,0,0,0,0,0,0,0,0,26
9893,9893,17,79,422,1364,0,0,0,0,0,0,0,0,26
9894,9894,18,79,438,1364,0,0,0,0,0,0,0,0,26
9895,9895,19,79,454,1364,0,0,0,0,0,0,0,0,26
9896,9896,20,79,470,1364,0,0,0,0,0,0,0,0,26
9897,9897,21,79,486,1364,0,0,0,0,0,0,0,0,26
9898,9898,22,79,502,1364,0,0,0,0,0,0,0,0,26
9899,9899,23,79,518,1364,0,0,0,0,0,0,0,0,26
9900,9900,24,79,534,1364,0,0,0,0,0,0,0,0,26
9901,9901,25,79,550,1364,0,0,0,0,0,0,0,0,26
9902,9902,26,79,566,1364,0,0,0,0,0,0,0,0,26
9903,9903,27,79,582,1364,0,0,0,0,0,0,0,0,26
9904,9904,28,79,598,1364,0,0,0,0,0,0,0,0,26
9905,9905,29,79,614,1364,0,0,0,0,0,0,0,0,26
9906,9906,30,79,630,1364,0,0,0,0,0,0,0,0,26
9907,9907,31,79,646,1364,0,0,0,0,0,0,0,0,26
9908,9908,32,79,662,1364,0,0,0,0,0,0,0,0,26
9909,9909,33,79,678,1364,0,0,0,0,0,0,0,0,26
9910,9910,34,79,694,1364,0,0,0,0,0,0,0,0,19
9911,9911,35,79,710,1364,0,0,0,0,0,0,0,0,19
9912,9912,36,79,726,1364,0,0,0,0,0,0,0,0,19
9913,9913,37,79,742,1364,0,0,0,0,0,0,0,0,19
9914,9914,38,79,758,1364,0,0,0,0,0,0,0,0,19
9915,9915,39,79,774,1364,0,0,0,0,0,0,0,0,19
9916,9916,40,79,790,1364,0,0,0,0,0,0,0,0,19
9917,9917,41,79,806,1364,0,0,0,0,0,0,0,0,19
9918,9918,42,79,822,1364,0,0,0,0,0,0,0,0,19
9919,9919,43,79,838,1364,0,0,0,0,0,0,0,0,19
9920,9920,44,79,854,1364,0,0,0,0,0,0,0,0,19
9921,9921,45,79,870,1364,0,0,0,0,0,0,0,0,19
9922,9922,46,79,886,1364,0,0,0,0,0,0,0,0,19
9923,9923,47,79,902,1364,0,0,0,0,0,0,0,0,19
9924,9924,48,79,918,1364,0,0,0,0,0,0,0,0,20
9925,9925,49,79,934,1364,0,0,0,0,0,0,0,0,20
9926,9926,50,79,950,1364,0,0,0,0,0,0,0,0,20
9927,9927,51,79,966,1364,0,0,0,0,0,0,0,0,20
9928,9928,52,79,982,1364,0,0,0,0,0,0,0,0,20
9929,9929,53,79,998,1364,0,0,0,0,0,0,0,0,20
9930,9930,54,79,1014,1364,0,0,0,0,0,0,0,0,20
9931,9931,55,79,1030,1364,0,0,0,0,0,0,0,0,20
9932,9932,56,79,1046,1364,0,0,0,0,0,0,0,0,20
9933,9933,57,79,1062,1364,0,0,0,0,0,0,0,0,20
9934,9934,58,79,1078,1364,0,0,0,0,0,0,0,0,20
9935,9935,59,79,1094,1364,0,0,0,0,0,0,0,0,21
9936,9936,60,79,1110,1364,0,0,0,0,0,0,0,0,21
9937,9937,61,79,1126,1364,0,0,0,0,0,0,0,0,21
9938,9938,62,79,1142,1364,0,0,0,0,0,0,0,0,21
9939,9939,63,79,1158,1364,0,0,0,0,0,0,0,0,21
9940,9940,64,79,1174,1364,0,0,0,0,0,0,0,0,21
9941,9941,65,79,1190,1364,0,0,0,0,0,0,0,0,21
9942,9942,66,79,1206,1364,0,0,0,0,0,0,0,0,21
9943,9943,67,79,1222,1364,0,0,0,0,0,0,0,0,21
9944,9944,68,79,1238,1364,0,0,0,0,0,0,0,0,21
9945,9945,69,79,1254,1364,0,0,0,0,0,0,0,0,21
9946,9946,70,79,1270,1364,0,0,0,0,0,0,0,0,21
9947,9947,71,79,1286,1364,0,0,0,0,0,0,0,0,21
9948,9948,72,79,1302,1364,0,0,0,0,0,0,0,0,21
9949,9949,73,79,1318,1364,0,0,0,0,0,0,0,0,21
9950,9950,74,79,1334,1364,0,0,0,0,0,0,0,0,21
9951,9951,75,79,1350,1364,0,0,0,0,0,0,0,0,21
9952,9952,76,79,1366,1364,0,0,0,0,0,0,0,0,21
9953,9953,77,79,1382,1364,0,0,0,0,0,0,0,0,21
9954,9954,78,79,1398,1364,0,0,0,0,0,0,0,0,21
9955,9955,79,79,1414,1364,0,0,0,0,0,0,0,0,21
9956,9956,80,79,1430,1364,0,0,0,0,0,0,0,0,21
9957,9957,81,79,1446,1364,0,0,0,0,0,0,0,0,21
9958,9958,82,79,1462,1364,0,0,0,0,0,0,0,0,21
9959,9959,83,79,1478,1364,0,0,0,0,0,0,0,0,21
9960,9960,84,79,1494,1364,0,0,0,0,0,0,0,0,21
9961,9961,85,79,1510,1364,0,0,0,0,0,0,0,0,21
9962,9962,86,79,1526,1364,0,0,0,0,0,0,0,0,21
9963,9963,87,79,1542,1364,0,0,0,0,0,0,0,0,21
9964,9964,88,79,1558,1364,0,0,0,0,0,0,0,0,21
9965,9965,89,79,1574,1364,0,0,0,0,0,0,0,0,21
9966,9966,90,79,1590,1364,0,0,0,0,0,0,0,0,22
9967,9967,91,79,1606,1364,0,0,0,0,0,0,0,0,22
9968,9968,92,79,1622,1364,0,0,0,0,0,0,0,0,22
9969,9969,93,79,1638,1364,0,0,0,0,0,0,0,0,22
9970,9970,94,79,1654,1364,0,0,0,0,0,0,0,0,22
9971,9971,95,79,1670,1364,0,0,0,0,0,0,0,0,22
9972,9972,96,79,1686,1364,0,0,0,0,0,0,0,0,22
9973,9973,97,79,1702,1364,0,0,0,0,0,0,0,0,22
9974,9974,98,79,1718,1364,0,0,0,0,0,0,0,0,22
9975,9975,99,79,1734,1364,0,0,0,0,0,0,0,0,22
9976,9976,100,79,1750,1364,0,0,0,0,0,0,0,0,22
9977,9977,101,79,1766,1364,0,0,0,0,0,0,0,0,22
9978,9978,102,79,1782,1364,0,0,0,0,0,0,0,0,22
9979,9979,103,79,1798,1364,0,0,0,0,0,0,0,0,22
9980,9980,104,79,1814,1364,0,0,0,0,0,0,0,0,22
9981,9981,105,79,1830,1364,0,0,0,0,0,0,0,0,22
9982,9982,106,79,1846,1364,0,0,0,0,0,0,0,0,23
9983,9983,107,79,1862,1364,0,0,0,0,0,0,0,0,23
9984,9984,108,79,1878,1364,0,0,0,0,0,0,0,0,23
9985,9985,109,79,1894,1364,0,0,0,0,0,0,0,0,23
9986,9986,110,79,1910,1364,0,0,0,0,0,0,0,0,23
9987,9987,111,79,1926,1364,0,0,0,0,0,0,0,0,23
9988,9988,112,79,1942,1364,0,0,0,0,0,0,0,0,23
9989,9989,113,79,1958,1364,0,0,0,0,0,0,0,0,23
9990,9990,114,79,1974,1364,0,0,0,0,0,0,0,0,22
9991,9991,115,79,1990,1364,0,0,0,0,0,0,0,0,22
9992,9992,116,79,2006,1364,0,0,0,0,0,0,0,0,22
9993,9993,117,79,2022,1364,0,0,0,0,0,0,0,0,22
9994,9994,118,79,2038,1364,0,0,0,0,0,0,0,0,22
9995,9995,119,79,2054,1364,0,0,0,0,0,0,0,0,22
9996,9996,120,79,2070,1364,0,0,0,0,0,0,0,0,22
9997,9997,121,79,2086,1364,0,0,0,0,0,0,0,0,22
9998,9998,122,79,2102,1364,0,0,0,0,0,0,0,0,22
9999,9999,123,79,2118,1364,0,0,0,0,0,0,0,0,22
10000,10000,124,79,2134,1364,0,0,0,0,0,0,0,0,24
10001,10001,0,80,150,1380,0,0,0,0,0,0,0,0,24
10002,10002,1,80,166,1380,0,0,0,0,0,0,0,0,24
10003,10003,2,80,182,1380,0,0,0,0,0,0,0,0,24
10004,10004,3,80,198,1380,0,0,0,0,0,0,0,0,24
10005,10005,4,80,214,1380,0,0,0,0,0,0,0,0,24
10006,10006,5,80,230,1380,0,0,0,0,0,0,0,0,24
10007,10007,6,80,246,1380,0,0,0,0,0,0,0,0,24
10008,10008,7,80,262,1380,0,0,0,0,0,0,0,0,24
10009,10009,8,80,278,1380,0,0,0,0,0,0,0,0,25
10010,10010,9,80,294,1380,0,0,0,0,0,0,0,0,25
10011,10011,10,80,310,1380,0,0,0,0,0,0,0,0,25
10012,10012,11,80,326,1380,0,0,0,0,0,0,0,0,26
10013,10013,12,80,342,1380,0,0,0,0,0,0,0,0,26
10014,10014,13,80,358,1380,0,0,0,0,0,0,0,0,26
10015,10015,14,80,374,1380,0,0,0,0,0,0,0,0,26
10016,10016,15,80,390,1380,0,0,0,0,0,0,0,0,26
10017,10017,16,80,406,1380,0,0,0,0,0,0,0,0,26
10018,10018,17,80,422,1380,0,0,0,0,0,0,0,0,26
10019,10019,18,80,438,1380,0,0,0,0,0,0,0,0,26
10020,10020,19,80,454,1380,0,0,0,0,0,0,0,0,26
10021,10021,20,80,470,1380,0,0,0,0,0,0,0,0,26
10022,10022,21,80,486,1380,0,0,0,0,0,0,0,0,26
10023,10023,22,80,502,1380,0,0,0,0,0,0,0,0,26
10024,10024,23,80,518,1380,0,0,0,0,0,0,0,0,26
10025,10025,24,80,534,1380,0,0,0,0,0,0,0,0,26
10026,10026,25,80,550,1380,0,0,0,0,0,0,0,0,26
10027,10027,26,80,566,1380,0,0,0,0,0,0,0,0,26
10028,10028,27,80,582,1380,0,0,0,0,0,0,0,0,26
10029,10029,28,80,598,1380,0,0,0,0,0,0,0,0,26
10030,10030,29,80,614,1380,0,0,0,0,0,0,0,0,26
10031,10031,30,80,630,1380,0,0,0,0,0,0,0,0,26
10032,10032,31,80,646,1380,0,0,0,0,0,0,0,0,26
10033,10033,32,80,662,1380,0,0,0,0,0,0,0,0,26
10034,10034,33,80,678,1380,0,0,0,0,0,0,0,0,26
10035,10035,34,80,694,1380,0,0,0,0,0,0,0,0,26
10036,10036,35,80,710,1380,0,0,0,0,0,0,0,0,26
10037,10037,36,80,726,1380,0,0,0,0,0,0,0,0,26
10038,10038,37,80,742,1380,0,0,0,0,0,0,0,0,26
10039,10039,38,80,758,1380,0,0,0,0,0,0,0,0,19
10040,10040,39,80,774,1380,0,0,0,0,0,0,0,0,19
10041,10041,40,80,790,1380,0,0,0,0,0,0,0,0,19
10042,10042,41,80,806,1380,0,0,0,0,0,0,0,0,19
10043,10043,42,80,822,1380,0,0,0,0,0,0,0,0,19
10044,10044,43,80,838,1380,0,0,0,0,0,0,0,0,19
10045,10045,44,80,854,1380,0,0,0,0,0,0,0,0,19
10046,10046,45,80,870,1380,0,0,0,0,0,0,0,0,19
10047,10047,46,80,886,1380,0,0,0,0,0,0,0,0,19
10048,10048,47,80,902,1380,0,0,0,0,0,0,0,0,20
10049,10049,48,80,918,1380,0,0,0,0,0,0,0,0,20
10050,10050,49,80,934,1380,0,0,0,0,0,0,0,0,20
10051,10051,50,80,950,1380,0,0,0,0,0,0,0,0,20
10052,10052,51,80,966,1380,0,0,0,0,0,0,0,0,20
10053,10053,52,80,982,1380,0,0,0,0,0,0,0,0,20
10054,10054,53,80,998,1380,0,0,0,0,0,0,0,0,20
10055,10055,54,80,1014,1380,0,0,0,0,0,0,0,0,20
10056,10056,55,80,1030,1380,0,0,0,0,0,0,0,0,20
10057,10057,56,80,1046,1380,0,0,0,0,0,0,0,0,20
10058,10058,57,80,1062,1380,0,0,0,0,0,0,0,0,20
10059,10059,58,80,1078,1380,0,0,0,0,0,0,0,0,21
10060,10060,59,80,1094,1380,0,0,0,0,0,0,0,0,21
10061,10061,60,80,1110,1380,0,0,0,0,0,0,0,0,21
10062,10062,61,80,1126,1380,0,0,0,0,0,0,0,0,21
10063,10063,62,80,1142,1380,0,0,0,0,0,0,0,0,21
10064,10064,63,80,1158,1380,0,0,0,0,0,0,0,0,21
10065,10065,64,80,1174,1380,0,0,0,0,0,0,0,0,21
10066,10066,65,80,1190,1380,0,0,0,0,0,0,0,0,21
10067,10067,66,80,1206,1380,0,0,0,0,0,0,0,0,21
10068,10068,67,80,1222,1380,0,0,0,0,0,0,0,0,21
10069,10069,68,80,1238,1380,0,0,0,0,0,0,0,0,21
10070,10070,69,80,1254,1380,0,0,0,0,0,0,0,0,21
10071,10071,70,80,1270,1380,0,0,0,0,0,0,0,0,21
10072,10072,71,80,1286,1380,0,0,0,0,0,0,0,0,21
10073,10073,72,80,1302,1380,0,0,0,0,0,0,0,0,21
10074,10074,73,80,1318,1380,0,0,0,0,0,0,0,0,21
10075,10075,74,80,1334,1380,0,0,0,0,0,0,0,0,21
10076,10076,75,80,1350,1380,0,0,0,0,0,0,0,0,21
10077,10077,76,80,1366,1380,0,0,0,0,0,0,0,0,21
10078,10078,77,80,1382,1380,0,0,0,0,0,0,0,0,21
10079,10079,78,80,1398,1380,0,0,0,0,0,0,0,0,21
10080,10080,79,80,1414,1380,0,0,0,0,0,0,0,0,21
10081,10081,80,80,1430,1380,0,0,0,0,0,0,0,0,21
10082,10082,81,80,1446,1380,0,0,0,0,0,0,0,0,21
10083,10083,82,80,1462,1380,0,0,0,0,0,0,0,0,21
10084,10084,83,80,1478,1380,0,0,0,0,0,0,0,0,21
10085,10085,84,80,1494,1380,0,0,0,0,0,0,0,0,21
10086,10086,85,80,1510,1380,0,0,0,0,0,0,0,0,21
10087,10087,86,80,1526,1380,0,0,0,0,0,0,0,0,21
10088,10088,87,80,1542,1380,0,0,0,0,0,0,0,0,21
10089,10089,88,80,1558,1380,0,0,0,0,0,0,0,0,21
10090,10090,89,80,1574,1380,0,0,0,0,0,0,0,0,21
10091,10091,90,80,1590,1380,0,0,0,0,0,0,0,0,22
10092,10092,91,80,1606,1380,0,0,0,0,0,0,0,0,22
10093,10093,92,80,1622,1380,0,0,0,0,0,0,0,0,22
10094,10094,93,80,1638,1380,0,0,0,0,0,0,0,0,22
10095,10095,94,80,1654,1380,0,0,0,0,0,0,0,0,22
10096,10096,95,80,1670,1380,0,0,0,0,0,0,0,0,22
10097,10097,96,80,1686,1380,0,0,0,0,0,0,0,0,22
10098,10098,97,80,1702,1380,0,0,0,0,0,0,0,0,22
10099,10099,98,80,1718,1380,0,0,0,0,0,0,0,0,22
10100,10100,99,80,1734,1380,0,0,0,0,0,0,0,0,22
10101,10101,100,80,1750,1380,0,0,0,0,0,0,0,0,22
10102,10102,101,80,1766,1380,0,0,0,0,0,0,0,0,22
10103,10103,102,80,1782,1380,0,0,0,0,0,0,0,0,22
10104,10104,103,80,1798,1380,0,0,0,0,0,0,0,0,22
10105,10105,104,80,1814,1380,0,0,0,0,0,0,0,0,22
10106,10106,105,80,1830,1380,0,0,0,0,0,0,0,0,22
10107,10107,106,80,1846,1380,0,0,0,0,0,0,0,0,23
10108,10108,107,80,1862,1380,0,0,0,0,0,0,0,0,23
10109,10109,108,80,1878,1380,0,0,0,0,0,0,0,0,22
10110,10110,109,80,1894,1380,0,0,0,0,0,0,0,0,23
10111,10111,110,80,1910,1380,0,0,0,0,0,0,0,0,23
10112,10112,111,80,1926,1380,0,0,0,0,0,0,0,0,23
10113,10113,112,80,1942,1380,0,0,0,0,0,0,0,0,23
10114,10114,113,80,1958,1380,0,0,0,0,0,0,0,0,23
10115,10115,114,80,1974,1380,0,0,0,0,0,0,0,0,22
10116,10116,115,80,1990,1380,0,0,0,0,0,0,0,0,22
10117,10117,116,80,2006,1380,0,0,0,0,0,0,0,0,22
10118,10118,117,80,2022,1380,0,0,0,0,0,0,0,0,22
10119,10119,118,80,2038,1380,0,0,0,0,0,0,0,0,22
10120,10120,119,80,2054,1380,0,0,0,0,0,0,0,0,22
10121,10121,120,80,2070,1380,0,0,0,0,0,0,0,0,22
10122,10122,121,80,2086,1380,0,0,0,0,0,0,0,0,22
10123,10123,122,80,2102,1380,0,0,0,0,0,0,0,0,22
10124,10124,123,80,2118,1380,0,0,0,0,0,0,0,0,22
10125,10125,124,80,2134,1380,0,0,0,0,0,0,0,0,24
10126,10126,0,81,150,1396,0,0,0,0,0,0,0,0,24
10127,10127,1,81,166,1396,0,0,0,0,0,0,0,0,24
10128,10128,2,81,182,1396,0,0,0,0,0,0,0,0,24
10129,10129,3,81,198,1396,0,0,0,0,0,0,0,0,24
10130,10130,4,81,214,1396,0,0,0,0,0,0,0,0,24
10131,10131,5,81,230,1396,0,0,0,0,0,0,0,0,24
10132,10132,6,81,246,1396,0,0,0,0,0,0,0,0,24
10133,10133,7,81,262,1396,0,0,0,0,0,0,0,0,24
10134,10134,8,81,278,1396,0,0,0,0,0,0,0,0,24
10135,10135,9,81,294,1396,0,0,0,0,0,0,0,0,25
10136,10136,10,81,310,1396,0,0,0,0,0,0,0,0,25
10137,10137,11,81,326,1396,0,0,0,0,0,0,0,0,25
10138,10138,12,81,342,1396,0,0,0,0,0,0,0,0,25
10139,10139,13,81,358,1396,0,0,0,0,0,0,0,0,27
10140,10140,14,81,374,1396,0,0,0,0,0,0,0,0,26
10141,10141,15,81,390,1396,0,0,0,0,0,0,0,0,26
10142,10142,16,81,406,1396,0,0,0,0,0,0,0,0,26
10143,10143,17,81,422,1396,0,0,0,0,0,0,0,0,26
10144,10144,18,81,438,1396,0,0,0,0,0,0,0,0,26
10145,10145,19,81,454,1396,0,0,0,0,0,0,0,0,26
10146,10146,20,81,470,1396,0,0,0,0,0,0,0,0,26
10147,10147,21,81,486,1396,0,0,0,0,0,0,0,0,26
10148,10148,22,81,502,1396,0,0,0,0,0,0,0,0,26
10149,10149,23,81,518,1396,0,0,0,0,0,0,0,0,26
10150,10150,24,81,534,1396,0,0,0,0,0,0,0,0,26
10151,10151,25,81,550,1396,0,0,0,0,0,0,0,0,26
10152,10152,26,81,566,1396,0,0,0,0,0,0,0,0,26
10153,10153,27,81,582,1396,0,0,0,0,0,0,0,0,26
10154,10154,28,81,598,1396,0,0,0,0,0,0,0,0,26
10155,10155,29,81,614,1396,0,0,0,0,0,0,0,0,26
10156,10156,30,81,630,1396,0,0,0,0,0,0,0,0,26
10157,10157,31,81,646,1396,0,0,0,0,0,0,0,0,26
10158,10158,32,81,662,1396,0,0,0,0,0,0,0,0,26
10159,10159,33,81,678,1396,0,0,0,0,0,0,0,0,26
10160,10160,34,81,694,1396,0,0,0,0,0,0,0,0,26
10161,10161,35,81,710,1396,0,0,0,0,0,0,0,0,26
10162,10162,36,81,726,1396,0,0,0,0,0,0,0,0,26
10163,10163,37,81,742,1396,0,0,0,0,0,0,0,0,26
10164,10164,38,81,758,1396,0,0,0,0,0,0,0,0,26
10165,10165,39,81,774,1396,0,0,0,0,0,0,0,0,26
10166,10166,40,81,790,1396,0,0,0,0,0,0,0,0,26
10167,10167,41,81,806,1396,0,0,0,0,0,0,0,0,26
10168,10168,42,81,822,1396,0,0,0,0,0,0,0,0,26
10169,10169,43,81,838,1396,0,0,0,0,0,0,0,0,19
10170,10170,44,81,854,1396,0,0,0,0,0,0,0,0,19
10171,10171,45,81,870,1396,0,0,0,0,0,0,0,0,19
10172,10172,46,81,886,1396,0,0,0,0,0,0,0,0,19
10173,10173,47,81,902,1396,0,0,0,0,0,0,0,0,20
10174,10174,48,81,918,1396,0,0,0,0,0,0,0,0,20
10175,10175,49,81,934,1396,0,0,0,0,0,0,0,0,20
10176,10176,50,81,950,1396,0,0,0,0,0,0,0,0,20
10177,10177,51,81,966,1396,0,0,0,0,0,0,0,0,20
10178,10178,52,81,982,1396,0,0,0,0,0,0,0,0,20
10179,10179,53,81,998,1396,0,0,0,0,0,0,0,0,20
10180,10180,54,81,1014,1396,0,0,0,0,0,0,0,0,20
10181,10181,55,81,1030,1396,0,0,0,0,0,0,0,0,20
10182,10182,56,81,1046,1396,0,0,0,0,0,0,0,0,20
10183,10183,57,81,1062,1396,0,0,0,0,0,0,0,0,21
10184,10184,58,81,1078,1396,0,0,0,0,0,0,0,0,21
10185,10185,59,81,1094,1396,0,0,0,0,0,0,0,0,21
10186,10186,60,81,1110,1396,0,0,0,0,0,0,0,0,21
10187,10187,61,81,1126,1396,0,0,0,0,0,0,0,0,21
10188,10188,62,81,1142,1396,0,0,0,0,0,0,0,0,21
10189,10189,63,81,1158,1396,0,0,0,0,0,0,0,0,21
10190,10190,64,81,1174,1396,0,0,0,0,0,0,0,0,21
10191,10191,65,81,1190,1396,0,0,0,0,0,0,0,0,21
10192,10192,66,81,1206,1396,0,0,0,0,0,0,0,0,21
10193,10193,67,81,1222,1396,0,0,0,0,0,0,0,0,21
10194,10194,68,81,1238,1396,0,0,0,0,0,0,0,0,21
10195,10195,69,81,1254,1396,0,0,0,0,0,0,0,0,21
10196,10196,70,81,1270,1396,0,0,0,0,0,0,0,0,21
10197,10197,71,81,1286,1396,0,0,0,0,0,0,0,0,21
10198,10198,72,81,1302,1396,0,0,0,0,0,0,0,0,21
10199,10199,73,81,1318,1396,0,0,0,0,0,0,0,0,21
10200,10200,74,81,1334,1396,0,0,0,0,0,0,0,0,21
10201,10201,75,81,1350,1396,0,0,0,0,0,0,0,0,21
10202,10202,76,81,1366,1396,0,0,0,0,0,0,0,0,21
10203,10203,77,81,1382,1396,0,0,0,0,0,0,0,0,21
10204,10204,78,81,1398,1396,0,0,0,0,0,0,0,0,21
10205,10205,79,81,1414,1396,0,0,0,0,0,0,0,0,21
10206,10206,80,81,1430,1396,0,0,0,0,0,0,0,0,21
10207,10207,81,81,1446,1396,0,0,0,0,0,0,0,0,21
10208,10208,82,81,1462,1396,0,0,0,0,0,0,0,0,21
10209,10209,83,81,1478,1396,0,0,0,0,0,0,0,0,21
10210,10210,84,81,1494,1396,0,0,0,0,0,0,0,0,21
10211,10211,85,81,1510,1396,0,0,0,0,0,0,0,0,21
10212,10212,86,81,1526,1396,0,0,0,0,0,0,0,0,21
10213,10213,87,81,1542,1396,0,0,0,0,0,0,0,0,21
10214,10214,88,81,1558,1396,0,0,0,0,0,0,0,0,21
10215,10215,89,81,1574,1396,0,0,0,0,0,0,0,0,22
10216,10216,90,81,1590,1396,0,0,0,0,0,0,0,0,22
10217,10217,91,81,1606,1396,0,0,0,0,0,0,0,0,22
10218,10218,92,81,1622,1396,0,0,0,0,0,0,0,0,22
10219,10219,93,81,1638,1396,0,0,0,0,0,0,0,0,22
10220,10220,94,81,1654,1396,0,0,0,0,0,0,0,0,22
10221,10221,95,81,1670,1396,0,0,0,0,0,0,0,0,22
10222,10222,96,81,1686,1396,0,0,0,0,0,0,0,0,22
10223,10223,97,81,1702,1396,0,0,0,0,0,0,0,0,22
10224,10224,98,81,1718,1396,0,0,0,0,0,0,0,0,22
10225,10225,99,81,1734,1396,0,0,0,0,0,0,0,0,22
10226,10226,100,81,1750,1396,0,0,0,0,0,0,0,0,22
10227,10227,101,81,1766,1396,0,0,0,0,0,0,0,0,22
10228,10228,102,81,1782,1396,0,0,0,0,0,0,0,0,22
10229,10229,103,81,1798,1396,0,0,0,0,0,0,0,0,22
10230,10230,104,81,1814,1396,0,0,0,0,0,0,0,0,22
10231,10231,105,81,1830,1396,0,0,0,0,0,0,0,0,22
10232,10232,106,81,1846,1396,0,0,0,0,0,0,0,0,22
10233,10233,107,81,1862,1396,0,0,0,0,0,0,0,0,22
10234,10234,108,81,1878,1396,0,0,0,0,0,0,0,0,22
10235,10235,109,81,1894,1396,0,0,0,0,0,0,0,0,22
10236,10236,110,81,1910,1396,0,0,0,0,0,0,0,0,23
10237,10237,111,81,1926,1396,0,0,0,0,0,0,0,0,23
10238,10238,112,81,1942,1396,0,0,0,0,0,0,0,0,23
10239,10239,113,81,1958,1396,0,0,0,0,0,0,0,0,23
10240,10240,114,81,1974,1396,0,0,0,0,0,0,0,0,22
10241,10241,115,81,1990,1396,0,0,0,0,0,0,0,0,22
10242,10242,116,81,2006,1396,0,0,0,0,0,0,0,0,22
10243,10243,117,81,2022,1396,0,0,0,0,0,0,0,0,22
10244,10244,118,81,2038,1396,0,0,0,0,0,0,0,0,22
10245,10245,119,81,2054,1396,0,0,0,0,0,0,0,0,22
10246,10246,120,81,2070,1396,0,0,0,0,0,0,0,0,22
10247,10247,121,81,2086,1396,0,0,0,0,0,0,0,0,22
10248,10248,122,81,2102,1396,0,0,0,0,0,0,0,0,22
10249,10249,123,81,2118,1396,0,0,0,0,0,0,0,0,22
10250,10250,124,81,2134,1396,0,0,0,0,0,0,0,0,24
10251,10251,0,82,150,1412,0,0,0,0,0,0,0,0,24
10252,10252,1,82,166,1412,0,0,0,0,0,0,0,0,24
10253,10253,2,82,182,1412,0,0,0,0,0,0,0,0,24
10254,10254,3,82,198,1412,0,0,0,0,0,0,0,0,24
10255,10255,4,82,214,1412,0,0,0,0,0,0,0,0,24
10256,10256,5,82,230,1412,0,0,0,0,0,0,0,0,24
10257,10257,6,82,246,1412,0,0,0,0,0,0,0,0,24
10258,10258,7,82,262,1412,0,0,0,0,0,0,0,0,24
10259,10259,8,82,278,1412,0,0,0,0,0,0,0,0,24
10260,10260,9,82,294,1412,0,0,0,0,0,0,0,0,24
10261,10261,10,82,310,1412,0,0,0,0,0,0,0,0,25
10262,10262,11,82,326,1412,0,0,0,0,0,0,0,0,25
10263,10263,12,82,342,1412,0,0,0,0,0,0,0,0,25
10264,10264,13,82,358,1412,0,0,0,0,0,0,0,0,27
10265,10265,14,82,374,1412,0,0,0,0,0,0,0,0,27
10266,10266,15,82,390,1412,0,0,0,0,0,0,0,0,27
10267,10267,16,82,406,1412,0,0,0,0,0,0,0,0,27
10268,10268,17,82,422,1412,0,0,0,0,0,0,0,0,27
10269,10269,18,82,438,1412,0,0,0,0,0,0,0,0,27
10270,10270,19,82,454,1412,0,0,0,0,0,0,0,0,27
10271,10271,20,82,470,1412,0,0,0,0,0,0,0,0,26
10272,10272,21,82,486,1412,0,0,0,0,0,0,0,0,26
10273,10273,22,82,502,1412,0,0,0,0,0,0,0,0,26
10274,10274,23,82,518,1412,0,0,0,0,0,0,0,0,26
10275,10275,24,82,534,1412,0,0,0,0,0,0,0,0,26
10276,10276,25,82,550,1412,0,0,0,0,0,0,0,0,26
10277,10277,26,82,566,1412,0,0,0,0,0,0,0,0,26
10278,10278,27,82,582,1412,0,0,0,0,0,0,0,0,26
10279,10279,28,82,598,1412,0,0,0,0,0,0,0,0,26
10280,10280,29,82,614,1412,0,0,0,0,0,0,0,0,26
10281,10281,30,82,630,1412,0,0,0,0,0,0,0,0,26
10282,10282,31,82,646,1412,0,0,0,0,0,0,0,0,26
10283,10283,32,82,662,1412,0,0,0,0,0,0,0,0,26
10284,10284,33,82,678,1412,0,0,0,0,0,0,0,0,26
10285,10285,34,82,694,1412,0,0,0,0,0,0,0,0,26
10286,10286,35,82,710,1412,0,0,0,0,0,0,0,0,26
10287,10287,36,82,726,1412,0,0,0,0,0,0,0,0,26
10288,10288,37,82,742,1412,0,0,0,0,0,0,0,0,26
10289,10289,38,82,758,1412,0,0,0,0,0,0,0,0,26
10290,10290,39,82,774,1412,0,0,0,0,0,0,0,0,26
10291,10291,40,82,790,1412,0,0,0,0,0,0,0,0,26
10292,10292,41,82,806,1412,0,0,0,0,0,0,0,0,26
10293,10293,42,82,822,1412,0,0,0,0,0,0,0,0,26
10294,10294,43,82,838,1412,0,0,0,0,0,0,0,0,26
10295,10295,44,82,854,1412,0,0,0,0,0,0,0,0,26
10296,10296,45,82,870,1412,0,0,0,0,0,0,0,0,26
10297,10297,46,82,886,1412,0,0,0,0,0,0,0,0,26
10298,10298,47,82,902,1412,0,0,0,0,0,0,0,0,20
10299,10299,48,82,918,1412,0,0,0,0,0,0,0,0,20
10300,10300,49,82,934,1412,0,0,0,0,0,0,0,0,20
10301,10301,50,82,950,1412,0,0,0,0,0,0,0,0,20
10302,10302,51,82,966,1412,0,0,0,0,0,0,0,0,20
10303,10303,52,82,982,1412,0,0,0,0,0,0,0,0,20
10304,10304,53,82,998,1412,0,0,0,0,0,0,0,0,20
10305,10305,54,82,1014,1412,0,0,0,0,0,0,0,0,20
10306,10306,55,82,1030,1412,0,0,0,0,0,0,0,0,21
10307,10307,56,82,1046,1412,0,0,0,0,0,0,0,0,21
10308,10308,57,82,1062,1412,0,0,0,0,0,0,0,0,21
10309,10309,58,82,1078,1412,0,0,0,0,0,0,0,0,21
10310,10310,59,82,1094,1412,0,0,0,0,0,0,0,0,21
10311,10311,60,82,1110,1412,0,0,0,0,0,0,0,0,21
10312,10312,61,82,1126,1412,0,0,0,0,0,0,0,0,21
10313,10313,62,82,1142,1412,0,0,0,0,0,0,0,0,21
10314,10314,63,82,1158,1412,0,0,0,0,0,0,0,0,21
10315,10315,64,82,1174,1412,0,0,0,0,0,0,0,0,21
10316,10316,65,82,1190,1412,0,0,0,0,0,0,0,0,21
10317,10317,66,82,1206,1412,0,0,0,0,0,0,0,0,21
10318,10318,67,82,1222,1412,0,0,0,0,0,0,0,0,21
10319,10319,68,82,1238,1412,0,0,0,0,0,0,0,0,21
10320,10320,69,82,1254,1412,0,0,0,0,0,0,0,0,21
10321,10321,70,82,1270,1412,0,0,0,0,0,0,0,0,21
10322,10322,71,82,1286,1412,0,0,0,0,0,0,0,0,21
10323,10323,72,82,1302,1412,0,0,0,0,0,0,0,0,21
10324,10324,73,82,1318,1412,0,0,0,0,0,0,0,0,21
10325,10325,74,82,1334,1412,0,0,0,0,0,0,0,0,21
10326,10326,75,82,1350,1412,0,0,0,0,0,0,0,0,21
10327,10327,76,82,1366,1412,0,0,0,0,0,0,0,0,21
10328,10328,77,82,1382,1412,0,0,0,0,0,0,0,0,21
10329,10329,78,82,1398,1412,0,0,0,0,0,0,0,0,21
10330,10330,79,82,1414,1412,0,0,0,0,0,0,0,0,21
10331,10331,80,82,1430,1412,0,0,0,0,0,0,0,0,21
10332,10332,81,82,1446,1412,0,0,0,0,0,0,0,0,21
10333,10333,82,82,1462,1412,0,0,0,0,0,0,0,0,21
10334,10334,83,82,1478,1412,0,0,0,0,0,0,0,0,21
10335,10335,84,82,1494,1412,0,0,0,0,0,0,0,0,21
10336,10336,85,82,1510,1412,0,0,0,0,0,0,0,0,21
10337,10337,86,82,1526,1412,0,0,0,0,0,0,0,0,21
10338,10338,87,82,1542,1412,0,0,0,0,0,0,0,0,21
10339,10339,88,82,1558,1412,0,0,0,0,0,0,0,0,22
10340,10340,89,82,1574,1412,0,0,0,0,0,0,0,0,22
10341,10341,90,82,1590,1412,0,0,0,0,0,0,0,0,22
10342,10342,91,82,1606,1412,0,0,0,0,0,0,0,0,22
10343,10343,92,82,1622,1412,0,0,0,0,0,0,0,0,22
10344,10344,93,82,1638,1412,0,0,0,0,0,0,0,0,22
10345,10345,94,82,1654,1412,0,0,0,0,0,0,0,0,22
10346,10346,95,82,1670,1412,0,0,0,0,0,0,0,0,22
10347,10347,96,82,1686,1412,0,0,0,0,0,0,0,0,22
10348,10348,97,82,1702,1412,0,0,0,0,0,0,0,0,22
10349,10349,98,82,1718,1412,0,0,0,0,0,0,0,0,22
10350,10350,99,82,1734,1412,0,0,0,0,0,0,0,0,22
10351,10351,100,82,1750,1412,0,0,0,0,0,0,0,0,22
10352,10352,101,82,1766,1412,0,0,0,0,0,0,0,0,22
10353,10353,102,82,1782,1412,0,0,0,0,0,0,0,0,22
10354,10354,103,82,1798,1412,0,0,0,0,0,0,0,0,22
10355,10355,104,82,1814,1412,0,0,0,0,0,0,0,0,22
10356,10356,105,82,1830,1412,0,0,0,0,0,0,0,0,22
10357,10357,106,82,1846,1412,0,0,0,0,0,0,0,0,22
10358,10358,107,82,1862,1412,0,0,0,0,0,0,0,0,22
10359,10359,108,82,1878,1412,0,0,0,0,0,0,0,0,22
10360,10360,109,82,1894,1412,0,0,0,0,0,0,0,0,22
10361,10361,110,82,1910,1412,0,0,0,0,0,0,0,0,23
10362,10362,111,82,1926,1412,0,0,0,0,0,0,0,0,23
10363,10363,112,82,1942,1412,0,0,0,0,0,0,0,0,23
10364,10364,113,82,1958,1412,0,0,0,0,0,0,0,0,22
10365,10365,114,82,1974,1412,0,0,0,0,0,0,0,0,22
10366,10366,115,82,1990,1412,0,0,0,0,0,0,0,0,22
10367,10367,116,82,2006,1412,0,0,0,0,0,0,0,0,22
10368,10368,117,82,2022,1412,0,0,0,0,0,0,0,0,22
10369,10369,118,82,2038,1412,0,0,0,0,0,0,0,0,22
10370,10370,119,82,2054,1412,0,0,0,0,0,0,0,0,22
10371,10371,120,82,2070,1412,0,0,0,0,0,0,0,0,22
10372,10372,121,82,2086,1412,0,0,0,0,0,0,0,0,22
10373,10373,122,82,2102,1412,0,0,0,0,0,0,0,0,22
10374,10374,123,82,2118,1412,0,0,0,0,0,0,0,0,22
10375,10375,124,82,2134,1412,0,0,0,0,0,0,0,0,24
10376,10376,0,83,150,1428,0,0,0,0,0,0,0,0,24
10377,10377,1,83,166,1428,0,0,0,0,0,0,0,0,24
10378,10378,2,83,182,1428,0,0,0,0,0,0,0,0,24
10379,10379,3,83,198,1428,0,0,0,0,0,0,0,0,24
10380,10380,4,83,214,1428,0,0,0,0,0,0,0,0,24
10381,10381,5,83,230,1428,0,0,0,0,0,0,0,0,24
10382,10382,6,83,246,1428,0,0,0,0,0,0,0,0,24
10383,10383,7,83,262,1428,0,0,0,0,0,0,0,0,24
10384,10384,8,83,278,1428,0,0,0,0,0,0,0,0,24
10385,10385,9,83,294,1428,0,0,0,0,0,0,0,0,24
10386,10386,10,83,310,1428,0,0,0,0,0,0,0,0,25
10387,10387,11,83,326,1428,0,0,0,0,0,0,0,0,25
10388,10388,12,83,342,1428,0,0,0,0,0,0,0,0,25
10389,10389,13,83,358,1428,0,0,0,0,0,0,0,0,25
10390,10390,14,83,374,1428,0,0,0,0,0,0,0,0,27
10391,10391,15,83,390,1428,0,0,0,0,0,0,0,0,27
10392,10392,16,83,406,1428,0,0,0,0,0,0,0,0,27
10393,10393,17,83,422,1428,0,0,0,0,0,0,0,0,27
10394,10394,18,83,438,1428,0,0,0,0,0,0,0,0,27
10395,10395,19,83,454,1428,0,0,0,0,0,0,0,0,27
10396,10396,20,83,470,1428,0,0,0,0,0,0,0,0,27
10397,10397,21,83,486,1428,0,0,0,0,0,0,0,0,27
10398,10398,22,83,502,1428,0,0,0,0,0,0,0,0,27
10399,10399,23,83,518,1428,0,0,0,0,0,0,0,0,27
10400,10400,24,83,534,1428,0,0,0,0,0,0,0,0,26
10401,10401,25,83,550,1428,0,0,0,0,0,0,0,0,26
10402,10402,26,83,566,1428,0,0,0,0,0,0,0,0,26
10403,10403,27,83,582,1428,0,0,0,0,0,0,0,0,26
10404,10404,28,83,598,1428,0,0,0,0,0,0,0,0,27
10405,10405,29,83,614,1428,0,0,0,0,0,0,0,0,26
10406,10406,30,83,630,1428,0,0,0,0,0,0,0,0,26
10407,10407,31,83,646,1428,0,0,0,0,0,0,0,0,26
10408,10408,32,83,662,1428,0,0,0,0,0,0,0,0,26
10409,10409,33,83,678,1428,0,0,0,0,0,0,0,0,26
10410,10410,34,83,694,1428,0,0,0,0,0,0,0,0,26
10411,10411,35,83,710,1428,0,0,0,0,0,0,0,0,26
10412,10412,36,83,726,1428,0,0,0,0,0,0,0,0,26
10413,10413,37,83,742,1428,0,0,0,0,0,0,0,0,26
10414,10414,38,83,758,1428,0,0,0,0,0,0,0,0,26
10415,10415,39,83,774,1428,0,0,0,0,0,0,0,0,26
10416,10416,40,83,790,1428,0,0,0,0,0,0,0,0,26
10417,10417,41,83,806,1428,0,0,0,0,0,0,0,0,26
10418,10418,42,83,822,1428,0,0,0,0,0,0,0,0,26
10419,10419,43,83,838,1428,0,0,0,0,0,0,0,0,26
10420,10420,44,83,854,1428,0,0,0,0,0,0,0,0,26
10421,10421,45,83,870,1428,0,0,0,0,0,0,0,0,26
10422,10422,46,83,886,1428,0,0,0,0,0,0,0,0,20
10423,10423,47,83,902,1428,0,0,0,0,0,0,0,0,20
10424,10424,48,83,918,1428,0,0,0,0,0,0,0,0,20
10425,10425,49,83,934,1428,0,0,0,0,0,0,0,0,20
10426,10426,50,83,950,1428,0,0,0,0,0,0,0,0,20
10427,10427,51,83,966,1428,0,0,0,0,0,0,0,0,20
10428,10428,52,83,982,1428,0,0,0,0,0,0,0,0,20
10429,10429,53,83,998,1428,0,0,0,0,0,0,0,0,20
10430,10430,54,83,1014,1428,0,0,0,0,0,0,0,0,21
10431,10431,55,83,1030,1428,0,0,0,0,0,0,0,0,21
10432,10432,56,83,1046,1428,0,0,0,0,0,0,0,0,21
10433,10433,57,83,1062,1428,0,0,0,0,0,0,0,0,21
10434,10434,58,83,1078,1428,0,0,0,0,0,0,0,0,21
10435,10435,59,83,1094,1428,0,0,0,0,0,0,0,0,21
10436,10436,60,83,1110,1428,0,0,0,0,0,0,0,0,21
10437,10437,61,83,1126,1428,0,0,0,0,0,0,0,0,21
10438,10438,62,83,1142,1428,0,0,0,0,0,0,0,0,21
10439,10439,63,83,1158,1428,0,0,0,0,0,0,0,0,21
10440,10440,64,83,1174,1428,0,0,0,0,0,0,0,0,21
10441,10441,65,83,1190,1428,0,0,0,0,0,0,0,0,21
10442,10442,66,83,1206,1428,0,0,0,0,0,0,0,0,21
10443,10443,67,83,1222,1428,0,0,0,0,0,0,0,0,21
10444,10444,68,83,1238,1428,0,0,0,0,0,0,0,0,21
10445,10445,69,83,1254,1428,0,0,0,0,0,0,0,0,21
10446,10446,70,83,1270,1428,0,0,0,0,0,0,0,0,21
10447,10447,71,83,1286,1428,0,0,0,0,0,0,0,0,21
10448,10448,72,83,1302,1428,0,0,0,0,0,0,0,0,21
10449,10449,73,83,1318,1428,0,0,0,0,0,0,0,0,21
10450,10450,74,83,1334,1428,0,0,0,0,0,0,0,0,21
10451,10451,75,83,1350,1428,0,0,0,0,0,0,0,0,21
10452,10452,76,83,1366,1428,0,0,0,0,0,0,0,0,21
10453,10453,77,83,1382,1428,0,0,0,0,0,0,0,0,21
10454,10454,78,83,1398,1428,0,0,0,0,0,0,0,0,21
10455,10455,79,83,1414,1428,0,0,0,0,0,0,0,0,21
10456,10456,80,83,1430,1428,0,0,0,0,0,0,0,0,21
10457,10457,81,83,1446,1428,0,0,0,0,0,0,0,0,21
10458,10458,82,83,1462,1428,0,0,0,0,0,0,0,0,21
10459,10459,83,83,1478,1428,0,0,0,0,0,0,0,0,21
10460,10460,84,83,1494,1428,0,0,0,0,0,0,0,0,21
10461,10461,85,83,1510,1428,0,0,0,0,0,0,0,0,21
10462,10462,86,83,1526,1428,0,0,0,0,0,0,0,0,21
10463,10463,87,83,1542,1428,0,0,0,0,0,0,0,0,21
10464,10464,88,83,1558,1428,0,0,0,0,0,0,0,0,22
10465,10465,89,83,1574,1428,0,0,0,0,0,0,0,0,22
10466,10466,90,83,1590,1428,0,0,0,0,0,0,0,0,22
10467,10467,91,83,1606,1428,0,0,0,0,0,0,0,0,22
10468,10468,92,83,1622,1428,0,0,0,0,0,0,0,0,22
10469,10469,93,83,1638,1428,0,0,0,0,0,0,0,0,22
10470,10470,94,83,1654,1428,0,0,0,0,0,0,0,0,22
10471,10471,95,83,1670,1428,0,0,0,0,0,0,0,0,22
10472,10472,96,83,1686,1428,0,0,0,0,0,0,0,0,22
10473,10473,97,83,1702,1428,0,0,0,0,0,0,0,0,22
10474,10474,98,83,1718,1428,0,0,0,0,0,0,0,0,22
10475,10475,99,83,1734,1428,0,0,0,0,0,0,0,0,22
10476,10476,100,83,1750,1428,0,0,0,0,0,0,0,0,22
10477,10477,101,83,1766,1428,0,0,0,0,0,0,0,0,22
10478,10478,102,83,1782,1428,0,0,0,0,0,0,0,0,22
10479,10479,103,83,1798,1428,0,0,0,0,0,0,0,0,22
10480,10480,104,83,1814,1428,0,0,0,0,0,0,0,0,22
10481,10481,105,83,1830,1428,0,0,0,0,0,0,0,0,22
10482,10482,106,83,1846,1428,0,0,0,0,0,0,0,0,22
10483,10483,107,83,1862,1428,0,0,0,0,0,0,0,0,22
10484,10484,108,83,1878,1428,0,0,0,0,0,0,0,0,22
10485,10485,109,83,1894,1428,0,0,0,0,0,0,0,0,22
10486,10486,110,83,1910,1428,0,0,0,0,0,0,0,0,23
10487,10487,111,83,1926,1428,0,0,0,0,0,0,0,0,23
10488,10488,112,83,1942,1428,0,0,0,0,0,0,0,0,23
10489,10489,113,83,1958,1428,0,0,0,0,0,0,0,0,22
10490,10490,114,83,1974,1428,0,0,0,0,0,0,0,0,22
10491,10491,115,83,1990,1428,0,0,0,0,0,0,0,0,22
10492,10492,116,83,2006,1428,0,0,0,0,0,0,0,0,22
10493,10493,117,83,2022,1428,0,0,0,0,0,0,0,0,22
10494,10494,118,83,2038,1428,0,0,0,0,0,0,0,0,22
10495,10495,119,83,2054,1428,0,0,0,0,0,0,0,0,22
10496,10496,120,83,2070,1428,0,0,0,0,0,0,0,0,22
10497,10497,121,83,2086,1428,0,0,0,0,0,0,0,0,22
10498,10498,122,83,2102,1428,0,0,0,0,0,0,0,0,22
10499,10499,123,83,2118,1428,0,0,0,0,0,0,0,0,22
10500,10500,124,83,2134,1428,0,0,0,0,0,0,0,0,24
10501,10501,0,84,150,1444,0,0,0,0,0,0,0,0,24
10502,10502,1,84,166,1444,0,0,0,0,0,0,0,0,24
10503,10503,2,84,182,1444,0,0,0,0,0,0,0,0,24
10504,10504,3,84,198,1444,0,0,0,0,0,0,0,0,24
10505,10505,4,84,214,1444,0,0,0,0,0,0,0,0,24
10506,10506,5,84,230,1444,0,0,0,0,0,0,0,0,24
10507,10507,6,84,246,1444,0,0,0,0,0,0,0,0,24
10508,10508,7,84,262,1444,0,0,0,0,0,0,0,0,24
10509,10509,8,84,278,1444,0,0,0,0,0,0,0,0,24
10510,10510,9,84,294,1444,0,0,0,0,0,0,0,0,24
10511,10511,10,84,310,1444,0,0,0,0,0,0,0,0,24
10512,10512,11,84,326,1444,0,0,0,0,0,0,0,0,25
10513,10513,12,84,342,1444,0,0,0,0,0,0,0,0,25
10514,10514,13,84,358,1444,0,0,0,0,0,0,0,0,25
10515,10515,14,84,374,1444,0,0,0,0,0,0,0,0,25
10516,10516,15,84,390,1444,0,0,0,0,0,0,0,0,25
10517,10517,16,84,406,1444,0,0,0,0,0,0,0,0,27
10518,10518,17,84,422,1444,0,0,0,0,0,0,0,0,27
10519,10519,18,84,438,1444,0,0,0,0,0,0,0,0,27
10520,10520,19,84,454,1444,0,0,0,0,0,0,0,0,27
10521,10521,20,84,470,1444,0,0,0,0,0,0,0,0,27
10522,10522,21,84,486,1444,0,0,0,0,0,0,0,0,27
10523,10523,22,84,502,1444,0,0,0,0,0,0,0,0,27
10524,10524,23,84,518,1444,0,0,0,0,0,0,0,0,27
10525,10525,24,84,534,1444,0,0,0,0,0,0,0,0,27
10526,10526,25,84,550,1444,0,0,0,0,0,0,0,0,27
10527,10527,26,84,566,1444,0,0,0,0,0,0,0,0,27
10528,10528,27,84,582,1444,0,0,0,0,0,0,0,0,27
10529,10529,28,84,598,1444,0,0,0,0,0,0,0,0,27
10530,10530,29,84,614,1444,0,0,0,0,0,0,0,0,26
10531,10531,30,84,630,1444,0,0,0,0,0,0,0,0,26
10532,10532,31,84,646,1444,0,0,0,0,0,0,0,0,27
10533,10533,32,84,662,1444,0,0,0,0,0,0,0,0,27
10534,10534,33,84,678,1444,0,0,0,0,0,0,0,0,26
10535,10535,34,84,694,1444,0,0,0,0,0,0,0,0,26
10536,10536,35,84,710,1444,0,0,0,0,0,0,0,0,26
10537,10537,36,84,726,1444,0,0,0,0,0,0,0,0,26
10538,10538,37,84,742,1444,0,0,0,0,0,0,0,0,26
10539,10539,38,84,758,1444,0,0,0,0,0,0,0,0,26
10540,10540,39,84,774,1444,0,0,0,0,0,0,0,0,26
10541,10541,40,84,790,1444,0,0,0,0,0,0,0,0,26
10542,10542,41,84,806,1444,0,0,0,0,0,0,0,0,26
10543,10543,42,84,822,1444,0,0,0,0,0,0,0,0,26
10544,10544,43,84,838,1444,0,0,0,0,0,0,0,0,26
10545,10545,44,84,854,1444,0,0,0,0,0,0,0,0,26
10546,10546,45,84,870,1444,0,0,0,0,0,0,0,0,20
10547,10547,46,84,886,1444,0,0,0,0,0,0,0,0,20
10548,10548,47,84,902,1444,0,0,0,0,0,0,0,0,20
10549,10549,48,84,918,1444,0,0,0,0,0,0,0,0,20
10550,10550,49,84,934,1444,0,0,0,0,0,0,0,0,20
10551,10551,50,84,950,1444,0,0,0,0,0,0,0,0,20
10552,10552,51,84,966,1444,0,0,0,0,0,0,0,0,20
10553,10553,52,84,982,1444,0,0,0,0,0,0,0,0,20
10554,10554,53,84,998,1444,0,0,0,0,0,0,0,0,21
10555,10555,54,84,1014,1444,0,0,0,0,0,0,0,0,21
10556,10556,55,84,1030,1444,0,0,0,0,0,0,0,0,21
10557,10557,56,84,1046,1444,0,0,0,0,0,0,0,0,21
10558,10558,57,84,1062,1444,0,0,0,0,0,0,0,0,21
10559,10559,58,84,1078,1444,0,0,0,0,0,0,0,0,21
10560,10560,59,84,1094,1444,0,0,0,0,0,0,0,0,21
10561,10561,60,84,1110,1444,0,0,0,0,0,0,0,0,21
10562,10562,61,84,1126,1444,0,0,0,0,0,0,0,0,21
10563,10563,62,84,1142,1444,0,0,0,0,0,0,0,0,21
10564,10564,63,84,1158,1444,0,0,0,0,0,0,0,0,21
10565,10565,64,84,1174,1444,0,0,0,0,0,0,0,0,21
10566,10566,65,84,1190,1444,0,0,0,0,0,0,0,0,21
10567,10567,66,84,1206,1444,0,0,0,0,0,0,0,0,21
10568,10568,67,84,1222,1444,0,0,0,0,0,0,0,0,21
10569,10569,68,84,1238,1444,0,0,0,0,0,0,0,0,21
10570,10570,69,84,1254,1444,0,0,0,0,0,0,0,0,21
10571,10571,70,84,1270,1444,0,0,0,0,0,0,0,0,21
10572,10572,71,84,1286,1444,0,0,0,0,0,0,0,0,21
10573,10573,72,84,1302,1444,0,0,0,0,0,0,0,0,21
10574,10574,73,84,1318,1444,0,0,0,0,0,0,0,0,21
10575,10575,74,84,1334,1444,0,0,0,0,0,0,0,0,21
10576,10576,75,84,1350,1444,0,0,0,0,0,0,0,0,21
10577,10577,76,84,1366,1444,0,0,0,0,0,0,0,0,21
10578,10578,77,84,1382,1444,0,0,0,0,0,0,0,0,21
10579,10579,78,84,1398,1444,0,0,0,0,0,0,0,0,21
10580,10580,79,84,1414,1444,0,0,0,0,0,0,0,0,21
10581,10581,80,84,1430,1444,0,0,0,0,0,0,0,0,21
10582,10582,81,84,1446,1444,0,0,0,0,0,0,0,0,21
10583,10583,82,84,1462,1444,0,0,0,0,0,0,0,0,21
10584,10584,83,84,1478,1444,0,0,0,0,0,0,0,0,21
10585,10585,84,84,1494,1444,0,0,0,0,0,0,0,0,21
10586,10586,85,84,1510,1444,0,0,0,0,0,0,0,0,21
10587,10587,86,84,1526,1444,0,0,0,0,0,0,0,0,21
10588,10588,87,84,1542,1444,0,0,0,0,0,0,0,0,22
10589,10589,88,84,1558,1444,0,0,0,0,0,0,0,0,22
10590,10590,89,84,1574,1444,0,0,0,0,0,0,0,0,22
10591,10591,90,84,1590,1444,0,0,0,0,0,0,0,0,22
10592,10592,91,84,1606,1444,0,0,0,0,0,0,0,0,22
10593,10593,92,84,1622,1444,0,0,0,0,0,0,0,0,22
10594,10594,93,84,1638,1444,0,0,0,0,0,0,0,0,22
10595,10595,94,84,1654,1444,0,0,0,0,0,0,0,0,22
10596,10596,95,84,1670,1444,0,0,0,0,0,0,0,0,22
10597,10597,96,84,1686,1444,0,0,0,0,0,0,0,0,22
10598,10598,97,84,1702,1444,0,0,0,0,0,0,0,0,22
10599,10599,98,84,1718,1444,0,0,0,0,0,0,0,0,22
10600,10600,99,84,1734,1444,0,0,0,0,0,0,0,0,22
10601,10601,100,84,1750,1444,0,0,0,0,0,0,0,0,22
10602,10602,101,84,1766,1444,0,0,0,0,0,0,0,0,22
10603,10603,102,84,1782,1444,0,0,0,0,0,0,0,0,22
10604,10604,103,84,1798,1444,0,0,0,0,0,0,0,0,22
10605,10605,104,84,1814,1444,0,0,0,0,0,0,0,0,22
10606,10606,105,84,1830,1444,0,0,0,0,0,0,0,0,22
10607,10607,106,84,1846,1444,0,0,0,0,0,0,0,0,22
10608,10608,107,84,1862,1444,0,0,0,0,0,0,0,0,22
10609,10609,108,84,1878,1444,0,0,0,0,0,0,0,0,22
10610,10610,109,84,1894,1444,0,0,0,0,0,0,0,0,22
10611,10611,110,84,1910,1444,0,0,0,0,0,0,0,0,23
10612,10612,111,84,1926,1444,0,0,0,0,0,0,0,0,23
10613,10613,112,84,1942,1444,0,0,0,0,0,0,0,0,22
10614,10614,113,84,1958,1444,0,0,0,0,0,0,0,0,22
10615,10615,114,84,1974,1444,0,0,0,0,0,0,0,0,22
10616,10616,115,84,1990,1444,0,0,0,0,0,0,0,0,22
10617,10617,116,84,2006,1444,0,0,0,0,0,0,0,0,22
10618,10618,117,84,2022,1444,0,0,0,0,0,0,0,0,22
10619,10619,118,84,2038,1444,0,0,0,0,0,0,0,0,22
10620,10620,119,84,2054,1444,0,0,0,0,0,0,0,0,22
10621,10621,120,84,2070,1444,0,0,0,0,0,0,0,0,22
10622,10622,121,84,2086,1444,0,0,0,0,0,0,0,0,22
10623,10623,122,84,2102,1444,0,0,0,0,0,0,0,0,22
10624,10624,123,84,2118,1444,0,0,0,0,0,0,0,0,22
10625,10625,124,84,2134,1444,0,0,0,0,0,0,0,0,24
10626,10626,0,85,150,1460,0,0,0,0,0,0,0,0,24
10627,10627,1,85,166,1460,0,0,0,0,0,0,0,0,24
10628,10628,2,85,182,1460,0,0,0,0,0,0,0,0,24
10629,10629,3,85,198,1460,0,0,0,0,0,0,0,0,24
10630,10630,4,85,214,1460,0,0,0,0,0,0,0,0,24
10631,10631,5,85,230,1460,0,0,0,0,0,0,0,0,24
10632,10632,6,85,246,1460,0,0,0,0,0,0,0,0,24
10633,10633,7,85,262,1460,0,0,0,0,0,0,0,0,24
10634,10634,8,85,278,1460,0,0,0,0,0,0,0,0,24
10635,10635,9,85,294,1460,0,0,0,0,0,0,0,0,24
10636,10636,10,85,310,1460,0,0,0,0,0,0,0,0,24
10637,10637,11,85,326,1460,0,0,0,0,0,0,0,0,24
10638,10638,12,85,342,1460,0,0,0,0,0,0,0,0,25
10639,10639,13,85,358,1460,0,0,0,0,0,0,0,0,25
10640,10640,14,85,374,1460,0,0,0,0,0,0,0,0,25
10641,10641,15,85,390,1460,0,0,0,0,0,0,0,0,25
10642,10642,16,85,406,1460,0,0,0,0,0,0,0,0,25
10643,10643,17,85,422,1460,0,0,0,0,0,0,0,0,28
10644,10644,18,85,438,1460,0,0,0,0,0,0,0,0,28
10645,10645,19,85,454,1460,0,0,0,0,0,0,0,0,28
10646,10646,20,85,470,1460,0,0,0,0,0,0,0,0,28
10647,10647,21,85,486,1460,0,0,0,0,0,0,0,0,27
10648,10648,22,85,502,1460,0,0,0,0,0,0,0,0,27
10649,10649,23,85,518,1460,0,0,0,0,0,0,0,0,27
10650,10650,24,85,534,1460,0,0,0,0,0,0,0,0,27
10651,10651,25,85,550,1460,0,0,0,0,0,0,0,0,27
10652,10652,26,85,566,1460,0,0,0,0,0,0,0,0,27
10653,10653,27,85,582,1460,0,0,0,0,0,0,0,0,27
10654,10654,28,85,598,1460,0,0,0,0,0,0,0,0,27
10655,10655,29,85,614,1460,0,0,0,0,0,0,0,0,27
10656,10656,30,85,630,1460,0,0,0,0,0,0,0,0,27
10657,10657,31,85,646,1460,0,0,0,0,0,0,0,0,27
10658,10658,32,85,662,1460,0,0,0,0,0,0,0,0,27
10659,10659,33,85,678,1460,0,0,0,0,0,0,0,0,26
10660,10660,34,85,694,1460,0,0,0,0,0,0,0,0,27
10661,10661,35,85,710,1460,0,0,0,0,0,0,0,0,27
10662,10662,36,85,726,1460,0,0,0,0,0,0,0,0,27
10663,10663,37,85,742,1460,0,0,0,0,0,0,0,0,27
10664,10664,38,85,758,1460,0,0,0,0,0,0,0,0,26
10665,10665,39,85,774,1460,0,0,0,0,0,0,0,0,26
10666,10666,40,85,790,1460,0,0,0,0,0,0,0,0,26
10667,10667,41,85,806,1460,0,0,0,0,0,0,0,0,26
10668,10668,42,85,822,1460,0,0,0,0,0,0,0,0,26
10669,10669,43,85,838,1460,0,0,0,0,0,0,0,0,26
10670,10670,44,85,854,1460,0,0,0,0,0,0,0,0,26
10671,10671,45,85,870,1460,0,0,0,0,0,0,0,0,20
10672,10672,46,85,886,1460,0,0,0,0,0,0,0,0,20
10673,10673,47,85,902,1460,0,0,0,0,0,0,0,0,20
10674,10674,48,85,918,1460,0,0,0,0,0,0,0,0,20
10675,10675,49,85,934,1460,0,0,0,0,0,0,0,0,20
10676,10676,50,85,950,1460,0,0,0,0,0,0,0,0,20
10677,10677,51,85,966,1460,0,0,0,0,0,0,0,0,20
10678,10678,52,85,982,1460,0,0,0,0,0,0,0,0,21
10679,10679,53,85,998,1460,0,0,0,0,0,0,0,0,21
10680,10680,54,85,1014,1460,0,0,0,0,0,0,0,0,21
10681,10681,55,85,1030,1460,0,0,0,0,0,0,0,0,21
10682,10682,56,85,1046,1460,0,0,0,0,0,0,0,0,21
10683,10683,57,85,1062,1460,0,0,0,0,0,0,0,0,21
10684,10684,58,85,1078,1460,0,0,0,0,0,0,0,0,21
10685,10685,59,85,1094,1460,0,0,0,0,0,0,0,0,21
10686,10686,60,85,1110,1460,0,0,0,0,0,0,0,0,21
10687,10687,61,85,1126,1460,0,0,0,0,0,0,0,0,21
10688,10688,62,85,1142,1460,0,0,0,0,0,0,0,0,21
10689,10689,63,85,1158,1460,0,0,0,0,0,0,0,0,21
10690,10690,64,85,1174,1460,0,0,0,0,0,0,0,0,21
10691,10691,65,85,1190,1460,0,0,0,0,0,0,0,0,21
10692,10692,66,85,1206,1460,0,0,0,0,0,0,0,0,21
10693,10693,67,85,1222,1460,0,0,0,0,0,0,0,0,21
10694,10694,68,85,1238,1460,0,0,0,0,0,0,0,0,21
10695,10695,69,85,1254,1460,0,0,0,0,0,0,0,0,21
10696,10696,70,85,1270,1460,0,0,0,0,0,0,0,0,21
10697,10697,71,85,1286,1460,0,0,0,0,0,0,0,0,21
10698,10698,72,85,1302,1460,0,0,0,0,0,0,0,0,21
10699,10699,73,85,1318,1460,0,0,0,0,0,0,0,0,21
10700,10700,74,85,1334,1460,0,0,0,0,0,0,0,0,21
10701,10701,75,85,1350,1460,0,0,0,0,0,0,0,0,21
10702,10702,76,85,1366,1460,0,0,0,0,0,0,0,0,21
10703,10703,77,85,1382,1460,0,0,0,0,0,0,0,0,21
10704,10704,78,85,1398,1460,0,0,0,0,0,0,0,0,21
10705,10705,79,85,1414,1460,0,0,0,0,0,0,0,0,21
10706,10706,80,85,1430,1460,0,0,0,0,0,0,0,0,21
10707,10707,81,85,1446,1460,0,0,0,0,0,0,0,0,21
10708,10708,82,85,1462,1460,0,0,0,0,0,0,0,0,21
10709,10709,83,85,1478,1460,0,0,0,0,0,0,0,0,21
10710,10710,84,85,1494,1460,0,0,0,0,0,0,0,0,21
10711,10711,85,85,1510,1460,0,0,0,0,0,0,0,0,21
10712,10712,86,85,1526,1460,0,0,0,0,0,0,0,0,22
10713,10713,87,85,1542,1460,0,0,0,0,0,0,0,0,22
10714,10714,88,85,1558,1460,0,0,0,0,0,0,0,0,22
10715,10715,89,85,1574,1460,0,0,0,0,0,0,0,0,22
10716,10716,90,85,1590,1460,0,0,0,0,0,0,0,0,22
10717,10717,91,85,1606,1460,0,0,0,0,0,0,0,0,22
10718,10718,92,85,1622,1460,0,0,0,0,0,0,0,0,22
10719,10719,93,85,1638,1460,0,0,0,0,0,0,0,0,22
10720,10720,94,85,1654,1460,0,0,0,0,0,0,0,0,22
10721,10721,95,85,1670,1460,0,0,0,0,0,0,0,0,22
10722,10722,96,85,1686,1460,0,0,0,0,0,0,0,0,22
10723,10723,97,85,1702,1460,0,0,0,0,0,0,0,0,22
10724,10724,98,85,1718,1460,0,0,0,0,0,0,0,0,22
10725,10725,99,85,1734,1460,0,0,0,0,0,0,0,0,22
10726,10726,100,85,1750,1460,0,0,0,0,0,0,0,0,22
10727,10727,101,85,1766,1460,0,0,0,0,0,0,0,0,22
10728,10728,102,85,1782,1460,0,0,0,0,0,0,0,0,22
10729,10729,103,85,1798,1460,0,0,0,0,0,0,0,0,22
10730,10730,104,85,1814,1460,0,0,0,0,0,0,0,0,22
10731,10731,105,85,1830,1460,0,0,0,0,0,0,0,0,22
10732,10732,106,85,1846,1460,0,0,0,0,0,0,0,0,22
10733,10733,107,85,1862,1460,0,0,0,0,0,0,0,0,22
10734,10734,108,85,1878,1460,0,0,0,0,0,0,0,0,22
10735,10735,109,85,1894,1460,0,0,0,0,0,0,0,0,22
10736,10736,110,85,1910,1460,0,0,0,0,0,0,0,0,23
10737,10737,111,85,1926,1460,0,0,0,0,0,0,0,0,23
10738,10738,112,85,1942,1460,0,0,0,0,0,0,0,0,22
10739,10739,113,85,1958,1460,0,0,0,0,0,0,0,0,22
10740,10740,114,85,1974,1460,0,0,0,0,0,0,0,0,22
10741,10741,115,85,1990,1460,0,0,0,0,0,0,0,0,22
10742,10742,116,85,2006,1460,0,0,0,0,0,0,0,0,22
10743,10743,117,85,2022,1460,0,0,0,0,0,0,0,0,22
10744,10744,118,85,2038,1460,0,0,0,0,0,0,0,0,22
10745,10745,119,85,2054,1460,0,0,0,0,0,0,0,0,22
10746,10746,120,85,2070,1460,0,0,0,0,0,0,0,0,22
10747,10747,121,85,2086,1460,0,0,0,0,0,0,0,0,22
10748,10748,122,85,2102,1460,0,0,0,0,0,0,0,0,22
10749,10749,123,85,2118,1460,0,0,0,0,0,0,0,0,22
10750,10750,124,85,2134,1460,0,0,0,0,0,0,0,0,24
10751,10751,0,86,150,1476,0,0,0,0,0,0,0,0,24
10752,10752,1,86,166,1476,0,0,0,0,0,0,0,0,24
10753,10753,2,86,182,1476,0,0,0,0,0,0,0,0,24
10754,10754,3,86,198,1476,0,0,0,0,0,0,0,0,24
10755,10755,4,86,214,1476,0,0,0,0,0,0,0,0,24
10756,10756,5,86,230,1476,0,0,0,0,0,0,0,0,24
10757,10757,6,86,246,1476,0,0,0,0,0,0,0,0,24
10758,10758,7,86,262,1476,0,0,0,0,0,0,0,0,24
10759,10759,8,86,278,1476,0,0,0,0,0,0,0,0,24
10760,10760,9,86,294,1476,0,0,0,0,0,0,0,0,24
10761,10761,10,86,310,1476,0,0,0,0,0,0,0,0,24
10762,10762,11,86,326,1476,0,0,0,0,0,0,0,0,24
10763,10763,12,86,342,1476,0,0,0,0,0,0,0,0,24
10764,10764,13,86,358,1476,0,0,0,0,0,0,0,0,25
10765,10765,14,86,374,1476,0,0,0,0,0,0,0,0,25
10766,10766,15,86,390,1476,0,0,0,0,0,0,0,0,25
10767,10767,16,86,406,1476,0,0,0,0,0,0,0,0,28
10768,10768,17,86,422,1476,0,0,0,0,0,0,0,0,28
10769,10769,18,86,438,1476,0,0,0,0,0,0,0,0,3
10770,10770,19,86,454,1476,0,0,0,0,0,0,0,0,28
10771,10771,20,86,470,1476,0,0,0,0,0,0,0,0,28
10772,10772,21,86,486,1476,0,0,0,0,0,0,0,0,28
10773,10773,22,86,502,1476,0,0,0,0,0,0,0,0,28
10774,10774,23,86,518,1476,0,0,0,0,0,0,0,0,27
10775,10775,24,86,534,1476,0,0,0,0,0,0,0,0,27
10776,10776,25,86,550,1476,0,0,0,0,0,0,0,0,27
10777,10777,26,86,566,1476,0,0,0,0,0,0,0,0,27
10778,10778,27,86,582,1476,0,0,0,0,0,0,0,0,27
10779,10779,28,86,598,1476,0,0,0,0,0,0,0,0,27
10780,10780,29,86,614,1476,0,0,0,0,0,0,0,0,27
10781,10781,30,86,630,1476,0,0,0,0,0,0,0,0,27
10782,10782,31,86,646,1476,0,0,0,0,0,0,0,0,27
10783,10783,32,86,662,1476,0,0,0,0,0,0,0,0,27
10784,10784,33,86,678,1476,0,0,0,0,0,0,0,0,27
10785,10785,34,86,694,1476,0,0,0,0,0,0,0,0,27
10786,10786,35,86,710,1476,0,0,0,0,0,0,0,0,27
10787,10787,36,86,726,1476,0,0,0,0,0,0,0,0,27
10788,10788,37,86,742,1476,0,0,0,0,0,0,0,0,27
10789,10789,38,86,758,1476,0,0,0,0,0,0,0,0,27
10790,10790,39,86,774,1476,0,0,0,0,0,0,0,0,27
10791,10791,40,86,790,1476,0,0,0,0,0,0,0,0,27
10792,10792,41,86,806,1476,0,0,0,0,0,0,0,0,27
10793,10793,42,86,822,1476,0,0,0,0,0,0,0,0,27
10794,10794,43,86,838,1476,0,0,0,0,0,0,0,0,26
10795,10795,44,86,854,1476,0,0,0,0,0,0,0,0,20
10796,10796,45,86,870,1476,0,0,0,0,0,0,0,0,20
10797,10797,46,86,886,1476,0,0,0,0,0,0,0,0,20
10798,10798,47,86,902,1476,0,0,0,0,0,0,0,0,20
10799,10799,48,86,918,1476,0,0,0,0,0,0,0,0,20
10800,10800,49,86,934,1476,0,0,0,0,0,0,0,0,20
10801,10801,50,86,950,1476,0,0,0,0,0,0,0,0,20
10802,10802,51,86,966,1476,0,0,0,0,0,0,0,0,21
10803,10803,52,86,982,1476,0,0,0,0,0,0,0,0,21
10804,10804,53,86,998,1476,0,0,0,0,0,0,0,0,21
10805,10805,54,86,1014,1476,0,0,0,0,0,0,0,0,21
10806,10806,55,86,1030,1476,0,0,0,0,0,0,0,0,21
10807,10807,56,86,1046,1476,0,0,0,0,0,0,0,0,21
10808,10808,57,86,1062,1476,0,0,0,0,0,0,0,0,21
10809,10809,58,86,1078,1476,0,0,0,0,0,0,0,0,21
10810,10810,59,86,1094,1476,0,0,0,0,0,0,0,0,21
10811,10811,60,86,1110,1476,0,0,0,0,0,0,0,0,21
10812,10812,61,86,1126,1476,0,0,0,0,0,0,0,0,21
10813,10813,62,86,1142,1476,0,0,0,0,0,0,0,0,21
10814,10814,63,86,1158,1476,0,0,0,0,0,0,0,0,21
10815,10815,64,86,1174,1476,0,0,0,0,0,0,0,0,21
10816,10816,65,86,1190,1476,0,0,0,0,0,0,0,0,21
10817,10817,66,86,1206,1476,0,0,0,0,0,0,0,0,21
10818,10818,67,86,1222,1476,0,0,0,0,0,0,0,0,21
10819,10819,68,86,1238,1476,0,0,0,0,0,0,0,0,21
10820,10820,69,86,1254,1476,0,0,0,0,0,0,0,0,21
10821,10821,70,86,1270,1476,0,0,0,0,0,0,0,0,21
10822,10822,71,86,1286,1476,0,0,0,0,0,0,0,0,21
10823,10823,72,86,1302,1476,0,0,0,0,0,0,0,0,21
10824,10824,73,86,1318,1476,0,0,0,0,0,0,0,0,21
10825,10825,74,86,1334,1476,0,0,0,0,0,0,0,0,21
10826,10826,75,86,1350,1476,0,0,0,0,0,0,0,0,21
10827,10827,76,86,1366,1476,0,0,0,0,0,0,0,0,21
10828,10828,77,86,1382,1476,0,0,0,0,0,0,0,0,21
10829,10829,78,86,1398,1476,0,0,0,0,0,0,0,0,21
10830,10830,79,86,1414,1476,0,0,0,0,0,0,0,0,21
10831,10831,80,86,1430,1476,0,0,0,0,0,0,0,0,21
10832,10832,81,86,1446,1476,0,0,0,0,0,0,0,0,21
10833,10833,82,86,1462,1476,0,0,0,0,0,0,0,0,21
10834,10834,83,86,1478,1476,0,0,0,0,0,0,0,0,21
10835,10835,84,86,1494,1476,0,0,0,0,0,0,0,0,21
10836,10836,85,86,1510,1476,0,0,0,0,0,0,0,0,21
10837,10837,86,86,1526,1476,0,0,0,0,0,0,0,0,22
10838,10838,87,86,1542,1476,0,0,0,0,0,0,0,0,22
10839,10839,88,86,1558,1476,0,0,0,0,0,0,0,0,22
10840,10840,89,86,1574,1476,0,0,0,0,0,0,0,0,22
10841,10841,90,86,1590,1476,0,0,0,0,0,0,0,0,22
10842,10842,91,86,1606,1476,0,0,0,0,0,0,0,0,22
10843,10843,92,86,1622,1476,0,0,0,0,0,0,0,0,22
10844,10844,93,86,1638,1476,0,0,0,0,0,0,0,0,22
10845,10845,94,86,1654,1476,0,0,0,0,0,0,0,0,22
10846,10846,95,86,1670,1476,0,0,0,0,0,0,0,0,22
10847,10847,96,86,1686,1476,0,0,0,0,0,0,0,0,22
10848,10848,97,86,1702,1476,0,0,0,0,0,0,0,0,22
10849,10849,98,86,1718,1476,0,0,0,0,0,0,0,0,22
10850,10850,99,86,1734,1476,0,0,0,0,0,0,0,0,22
10851,10851,100,86,1750,1476,0,0,0,0,0,0,0,0,22
10852,10852,101,86,1766,1476,0,0,0,0,0,0,0,0,22
10853,10853,102,86,1782,1476,0,0,0,0,0,0,0,0,22
10854,10854,103,86,1798,1476,0,0,0,0,0,0,0,0,22
10855,10855,104,86,1814,1476,0,0,0,0,0,0,0,0,22
10856,10856,105,86,1830,1476,0,0,0,0,0,0,0,0,22
10857,10857,106,86,1846,1476,0,0,0,0,0,0,0,0,22
10858,10858,107,86,1862,1476,0,0,0,0,0,0,0,0,22
10859,10859,108,86,1878,1476,0,0,0,0,0,0,0,0,22
10860,10860,109,86,1894,1476,0,0,0,0,0,0,0,0,22
10861,10861,110,86,1910,1476,0,0,0,0,0,0,0,0,23
10862,10862,111,86,1926,1476,0,0,0,0,0,0,0,0,22
10863,10863,112,86,1942,1476,0,0,0,0,0,0,0,0,22
10864,10864,113,86,1958,1476,0,0,0,0,0,0,0,0,22
10865,10865,114,86,1974,1476,0,0,0,0,0,0,0,0,22
10866,10866,115,86,1990,1476,0,0,0,0,0,0,0,0,22
10867,10867,116,86,2006,1476,0,0,0,0,0,0,0,0,22
10868,10868,117,86,2022,1476,0,0,0,0,0,0,0,0,22
10869,10869,118,86,2038,1476,0,0,0,0,0,0,0,0,22
10870,10870,119,86,2054,1476,0,0,0,0,0,0,0,0,22
10871,10871,120,86,2070,1476,0,0,0,0,0,0,0,0,22
10872,10872,121,86,2086,1476,0,0,0,0,0,0,0,0,22
10873,10873,122,86,2102,1476,0,0,0,0,0,0,0,0,22
10874,10874,123,86,2118,1476,0,0,0,0,0,0,0,0,22
10875,10875,124,86,2134,1476,0,0,0,0,0,0,0,0,24
10876,10876,0,87,150,1492,0,0,0,0,0,0,0,0,24
10877,10877,1,87,166,1492,0,0,0,0,0,0,0,0,24
10878,10878,2,87,182,1492,0,0,0,0,0,0,0,0,24
10879,10879,3,87,198,1492,0,0,0,0,0,0,0,0,24
10880,10880,4,87,214,1492,0,0,0,0,0,0,0,0,24
10881,10881,5,87,230,1492,0,0,0,0,0,0,0,0,24
10882,10882,6,87,246,1492,0,0,0,0,0,0,0,0,24
10883,10883,7,87,262,1492,0,0,0,0,0,0,0,0,24
10884,10884,8,87,278,1492,0,0,0,0,0,0,0,0,24
10885,10885,9,87,294,1492,0,0,0,0,0,0,0,0,24
10886,10886,10,87,310,1492,0,0,0,0,0,0,0,0,24
10887,10887,11,87,326,1492,0,0,0,0,0,0,0,0,24
10888,10888,12,87,342,1492,0,0,0,0,0,0,0,0,24
10889,10889,13,87,358,1492,0,0,0,0,0,0,0,0,24
10890,10890,14,87,374,1492,0,0,0,0,0,0,0,0,25
10891,10891,15,87,390,1492,0,0,0,0,0,0,0,0,25
10892,10892,16,87,406,1492,0,0,0,0,0,0,0,0,28
10893,10893,17,87,422,1492,0,0,0,0,0,0,0,0,28
10894,10894,18,87,438,1492,0,0,0,0,0,0,0,0,3
10895,10895,19,87,454,1492,0,0,0,0,0,0,0,0,28
10896,10896,20,87,470,1492,0,0,0,0,0,0,0,0,28
10897,10897,21,87,486,1492,0,0,0,0,0,0,0,0,28
10898,10898,22,87,502,1492,0,0,0,0,0,0,0,0,28
10899,10899,23,87,518,1492,0,0,0,0,0,0,0,0,28
10900,10900,24,87,534,1492,0,0,0,0,0,0,0,0,27
10901,10901,25,87,550,1492,0,0,0,0,0,0,0,0,27
10902,10902,26,87,566,1492,0,0,0,0,0,0,0,0,27
10903,10903,27,87,582,1492,0,0,0,0,0,0,0,0,27
10904,10904,28,87,598,1492,0,0,0,0,0,0,0,0,27
10905,10905,29,87,614,1492,0,0,0,0,0,0,0,0,27
10906,10906,30,87,630,1492,0,0,0,0,0,0,0,0,27
10907,10907,31,87,646,1492,0,0,0,0,0,0,0,0,27
10908,10908,32,87,662,1492,0,0,0,0,0,0,0,0,27
10909,10909,33,87,678,1492,0,0,0,0,0,0,0,0,27
10910,10910,34,87,694,1492,0,0,0,0,0,0,0,0,27
10911,10911,35,87,710,1492,0,0,0,0,0,0,0,0,27
10912,10912,36,87,726,1492,0,0,0,0,0,0,0,0,27
10913,10913,37,87,742,1492,0,0,0,0,0,0,0,0,27
10914,10914,38,87,758,1492,0,0,0,0,0,0,0,0,27
10915,10915,39,87,774,1492,0,0,0,0,0,0,0,0,27
10916,10916,40,87,790,1492,0,0,0,0,0,0,0,0,27
10917,10917,41,87,806,1492,0,0,0,0,0,0,0,0,27
10918,10918,42,87,822,1492,0,0,0,0,0,0,0,0,27
10919,10919,43,87,838,1492,0,0,0,0,0,0,0,0,27
10920,10920,44,87,854,1492,0,0,0,0,0,0,0,0,20
10921,10921,45,87,870,1492,0,0,0,0,0,0,0,0,20
10922,10922,46,87,886,1492,0,0,0,0,0,0,0,0,20
10923,10923,47,87,902,1492,0,0,0,0,0,0,0,0,20
10924,10924,48,87,918,1492,0,0,0,0,0,0,0,0,20
10925,10925,49,87,934,1492,0,0,0,0,0,0,0,0,20
10926,10926,50,87,950,1492,0,0,0,0,0,0,0,0,21
10927,10927,51,87,966,1492,0,0,0,0,0,0,0,0,21
10928,10928,52,87,982,1492,0,0,0,0,0,0,0,0,21
10929,10929,53,87,998,1492,0,0,0,0,0,0,0,0,21
10930,10930,54,87,1014,1492,0,0,0,0,0,0,0,0,21
10931,10931,55,87,1030,1492,0,0,0,0,0,0,0,0,21
10932,10932,56,87,1046,1492,0,0,0,0,0,0,0,0,21
10933,10933,57,87,1062,1492,0,0,0,0,0,0,0,0,21
10934,10934,58,87,1078,1492,0,0,0,0,0,0,0,0,21
10935,10935,59,87,1094,1492,0,0,0,0,0,0,0,0,21
10936,10936,60,87,1110,1492,0,0,0,0,0,0,0,0,21
10937,10937,61,87,1126,1492,0,0,0,0,0,0,0,0,21
10938,10938,62,87,1142,1492,0,0,0,0,0,0,0,0,21
10939,10939,63,87,1158,1492,0,0,0,0,0,0,0,0,21
10940,10940,64,87,1174,1492,0,0,0,0,0,0,0,0,21
10941,10941,65,87,1190,1492,0,0,0,0,0,0,0,0,21
10942,10942,66,87,1206,1492,0,0,0,0,0,0,0,0,21
10943,10943,67,87,1222,1492,0,0,0,0,0,0,0,0,21
10944,10944,68,87,1238,1492,0,0,0,0,0,0,0,0,21
10945,10945,69,87,1254,1492,0,0,0,0,0,0,0,0,21
10946,10946,70,87,1270,1492,0,0,0,0,0,0,0,0,21
10947,10947,71,87,1286,1492,0,0,0,0,0,0,0,0,21
10948,10948,72,87,1302,1492,0,0,0,0,0,0,0,0,21
10949,10949,73,87,1318,1492,0,0,0,0,0,0,0,0,21
10950,10950,74,87,1334,1492,0,0,0,0,0,0,0,0,21
10951,10951,75,87,1350,1492,0,0,0,0,0,0,0,0,21
10952,10952,76,87,1366,1492,0,0,0,0,0,0,0,0,21
10953,10953,77,87,1382,1492,0,0,0,0,0,0,0,0,21
10954,10954,78,87,1398,1492,0,0,0,0,0,0,0,0,21
10955,10955,79,87,1414,1492,0,0,0,0,0,0,0,0,21
10956,10956,80,87,1430,1492,0,0,0,0,0,0,0,0,21
10957,10957,81,87,1446,1492,0,0,0,0,0,0,0,0,21
10958,10958,82,87,1462,1492,0,0,0,0,0,0,0,0,21
10959,10959,83,87,1478,1492,0,0,0,0,0,0,0,0,21
10960,10960,84,87,1494,1492,0,0,0,0,0,0,0,0,21
10961,10961,85,87,1510,1492,0,0,0,0,0,0,0,0,22
10962,10962,86,87,1526,1492,0,0,0,0,0,0,0,0,22
10963,10963,87,87,1542,1492,0,0,0,0,0,0,0,0,22
10964,10964,88,87,1558,1492,0,0,0,0,0,0,0,0,22
10965,10965,89,87,1574,1492,0,0,0,0,0,0,0,0,22
10966,10966,90,87,1590,1492,0,0,0,0,0,0,0,0,22
10967,10967,91,87,1606,1492,0,0,0,0,0,0,0,0,22
10968,10968,92,87,1622,1492,0,0,0,0,0,0,0,0,22
10969,10969,93,87,1638,1492,0,0,0,0,0,0,0,0,22
10970,10970,94,87,1654,1492,0,0,0,0,0,0,0,0,22
10971,10971,95,87,1670,1492,0,0,0,0,0,0,0,0,22
10972,10972,96,87,1686,1492,0,0,0,0,0,0,0,0,22
10973,10973,97,87,1702,1492,0,0,0,0,0,0,0,0,22
10974,10974,98,87,1718,1492,0,0,0,0,0,0,0,0,22
10975,10975,99,87,1734,1492,0,0,0,0,0,0,0,0,22
10976,10976,100,87,1750,1492,0,0,0,0,0,0,0,0,22
10977,10977,101,87,1766,1492,0,0,0,0,0,0,0,0,22
10978,10978,102,87,1782,1492,0,0,0,0,0,0,0,0,22
10979,10979,103,87,1798,1492,0,0,0,0,0,0,0,0,22
10980,10980,104,87,1814,1492,0,0,0,0,0,0,0,0,22
10981,10981,105,87,1830,1492,0,0,0,0,0,0,0,0,22
10982,10982,106,87,1846,1492,0,0,0,0,0,0,0,0,22
10983,10983,107,87,1862,1492,0,0,0,0,0,0,0,0,22
10984,10984,108,87,1878,1492,0,0,0,0,0,0,0,0,22
10985,10985,109,87,1894,1492,0,0,0,0,0,0,0,0,23
10986,10986,110,87,1910,1492,0,0,0,0,0,0,0,0,23
10987,10987,111,87,1926,1492,0,0,0,0,0,0,0,0,22
10988,10988,112,87,1942,1492,0,0,0,0,0,0,0,0,22
10989,10989,113,87,1958,1492,0,0,0,0,0,0,0,0,22
10990,10990,114,87,1974,1492,0,0,0,0,0,0,0,0,22
10991,10991,115,87,1990,1492,0,0,0,0,0,0,0,0,22
10992,10992,116,87,2006,1492,0,0,0,0,0,0,0,0,22
10993,10993,117,87,2022,1492,0,0,0,0,0,0,0,0,22
10994,10994,118,87,2038,1492,0,0,0,0,0,0,0,0,22
10995,10995,119,87,2054,1492,0,0,0,0,0,0,0,0,22
10996,10996,120,87,2070,1492,0,0,0,0,0,0,0,0,22
10997,10997,121,87,2086,1492,0,0,0,0,0,0,0,0,22
10998,10998,122,87,2102,1492,0,0,0,0,0,0,0,0,22
10999,10999,123,87,2118,1492,0,0,0,0,0,0,0,0,22
11000,11000,124,87,2134,1492,0,0,0,0,0,0,0,0,24
11001,11001,0,88,150,1508,0,0,0,0,0,0,0,0,24
11002,11002,1,88,166,1508,0,0,0,0,0,0,0,0,24
11003,11003,2,88,182,1508,0,0,0,0,0,0,0,0,24
11004,11004,3,88,198,1508,0,0,0,0,0,0,0,0,24
11005,11005,4,88,214,1508,0,0,0,0,0,0,0,0,24
11006,11006,5,88,230,1508,0,0,0,0,0,0,0,0,24
11007,11007,6,88,246,1508,0,0,0,0,0,0,0,0,24
11008,11008,7,88,262,1508,0,0,0,0,0,0,0,0,24
11009,11009,8,88,278,1508,0,0,0,0,0,0,0,0,24
11010,11010,9,88,294,1508,0,0,0,0,0,0,0,0,24
11011,11011,10,88,310,1508,0,0,0,0,0,0,0,0,24
11012,11012,11,88,326,1508,0,0,0,0,0,0,0,0,24
11013,11013,12,88,342,1508,0,0,0,0,0,0,0,0,24
11014,11014,13,88,358,1508,0,0,0,0,0,0,0,0,24
11015,11015,14,88,374,1508,0,0,0,0,0,0,0,0,24
11016,11016,15,88,390,1508,0,0,0,0,0,0,0,0,25
11017,11017,16,88,406,1508,0,0,0,0,0,0,0,0,3
11018,11018,17,88,422,1508,0,0,0,0,0,0,0,0,28
11019,11019,18,88,438,1508,0,0,0,0,0,0,0,0,3
11020,11020,19,88,454,1508,0,0,0,0,0,0,0,0,28
11021,11021,20,88,470,1508,0,0,0,0,0,0,0,0,28
11022,11022,21,88,486,1508,0,0,0,0,0,0,0,0,28
11023,11023,22,88,502,1508,0,0,0,0,0,0,0,0,28
11024,11024,23,88,518,1508,0,0,0,0,0,0,0,0,28
11025,11025,24,88,534,1508,0,0,0,0,0,0,0,0,28
11026,11026,25,88,550,1508,0,0,0,0,0,0,0,0,28
11027,11027,26,88,566,1508,0,0,0,0,0,0,0,0,27
11028,11028,27,88,582,1508,0,0,0,0,0,0,0,0,27
11029,11029,28,88,598,1508,0,0,0,0,0,0,0,0,27
11030,11030,29,88,614,1508,0,0,0,0,0,0,0,0,27
11031,11031,30,88,630,1508,0,0,0,0,0,0,0,0,27
11032,11032,31,88,646,1508,0,0,0,0,0,0,0,0,27
11033,11033,32,88,662,1508,0,0,0,0,0,0,0,0,27
11034,11034,33,88,678,1508,0,0,0,0,0,0,0,0,27
11035,11035,34,88,694,1508,0,0,0,0,0,0,0,0,27
11036,11036,35,88,710,1508,0,0,0,0,0,0,0,0,27
11037,11037,36,88,726,1508,0,0,0,0,0,0,0,0,27
11038,11038,37,88,742,1508,0,0,0,0,0,0,0,0,27
11039,11039,38,88,758,1508,0,0,0,0,0,0,0,0,27
11040,11040,39,88,774,1508,0,0,0,0,0,0,0,0,27
11041,11041,40,88,790,1508,0,0,0,0,0,0,0,0,27
11042,11042,41,88,806,1508,0,0,0,0,0,0,0,0,27
11043,11043,42,88,822,1508,0,0,0,0,0,0,0,0,27
11044,11044,43,88,838,1508,0,0,0,0,0,0,0,0,20
11045,11045,44,88,854,1508,0,0,0,0,0,0,0,0,20
11046,11046,45,88,870,1508,0,0,0,0,0,0,0,0,20
11047,11047,46,88,886,1508,0,0,0,0,0,0,0,0,20
11048,11048,47,88,902,1508,0,0,0,0,0,0,0,0,20
11049,11049,48,88,918,1508,0,0,0,0,0,0,0,0,21
11050,11050,49,88,934,1508,0,0,0,0,0,0,0,0,21
11051,11051,50,88,950,1508,0,0,0,0,0,0,0,0,21
11052,11052,51,88,966,1508,0,0,0,0,0,0,0,0,21
11053,11053,52,88,982,1508,0,0,0,0,0,0,0,0,21
11054,11054,53,88,998,1508,0,0,0,0,0,0,0,0,21
11055,11055,54,88,1014,1508,0,0,0,0,0,0,0,0,21
11056,11056,55,88,1030,1508,0,0,0,0,0,0,0,0,21
11057,11057,56,88,1046,1508,0,0,0,0,0,0,0,0,21
11058,11058,57,88,1062,1508,0,0,0,0,0,0,0,0,21
11059,11059,58,88,1078,1508,0,0,0,0,0,0,0,0,21
11060,11060,59,88,1094,1508,0,0,0,0,0,0,0,0,21
11061,11061,60,88,1110,1508,0,0,0,0,0,0,0,0,21
11062,11062,61,88,1126,1508,0,0,0,0,0,0,0,0,21
11063,11063,62,88,1142,1508,0,0,0,0,0,0,0,0,21
11064,11064,63,88,1158,1508,0,0,0,0,0,0,0,0,21
11065,11065,64,88,1174,1508,0,0,0,0,0,0,0,0,21
11066,11066,65,88,1190,1508,0,0,0,0,0,0,0,0,21
11067,11067,66,88,1206,1508,0,0,0,0,0,0,0,0,21
11068,11068,67,88,1222,1508,0,0,0,0,0,0,0,0,21
11069,11069,68,88,1238,1508,0,0,0,0,0,0,0,0,21
11070,11070,69,88,1254,1508,0,0,0,0,0,0,0,0,21
11071,11071,70,88,1270,1508,0,0,0,0,0,0,0,0,21
11072,11072,71,88,1286,1508,0,0,0,0,0,0,0,0,21
11073,11073,72,88,1302,1508,0,0,0,0,0,0,0,0,21
11074,11074,73,88,1318,1508,0,0,0,0,0,0,0,0,21
11075,11075,74,88,1334,1508,0,0,0,0,0,0,0,0,21
11076,11076,75,88,1350,1508,0,0,0,0,0,0,0,0,21
11077,11077,76,88,1366,1508,0,0,0,0,0,0,0,0,21
11078,11078,77,88,1382,1508,0,0,0,0,0,0,0,0,21
11079,11079,78,88,1398,1508,0,0,0,0,0,0,0,0,21
11080,11080,79,88,1414,1508,0,0,0,0,0,0,0,0,21
11081,11081,80,88,1430,1508,0,0,0,0,0,0,0,0,21
11082,11082,81,88,1446,1508,0,0,0,0,0,0,0,0,21
11083,11083,82,88,1462,1508,0,0,0,0,0,0,0,0,21
11084,11084,83,88,1478,1508,0,0,0,0,0,0,0,0,21
11085,11085,84,88,1494,1508,0,0,0,0,0,0,0,0,22
11086,11086,85,88,1510,1508,0,0,0,0,0,0,0,0,22
11087,11087,86,88,1526,1508,0,0,0,0,0,0,0,0,22
11088,11088,87,88,1542,1508,0,0,0,0,0,0,0,0,22
11089,11089,88,88,1558,1508,0,0,0,0,0,0,0,0,22
11090,11090,89,88,1574,1508,0,0,0,0,0,0,0,0,22
11091,11091,90,88,1590,1508,0,0,0,0,0,0,0,0,22
11092,11092,91,88,1606,1508,0,0,0,0,0,0,0,0,22
11093,11093,92,88,1622,1508,0,0,0,0,0,0,0,0,22
11094,11094,93,88,1638,1508,0,0,0,0,0,0,0,0,22
11095,11095,94,88,1654,1508,0,0,0,0,0,0,0,0,22
11096,11096,95,88,1670,1508,0,0,0,0,0,0,0,0,22
11097,11097,96,88,1686,1508,0,0,0,0,0,0,0,0,22
11098,11098,97,88,1702,1508,0,0,0,0,0,0,0,0,22
11099,11099,98,88,1718,1508,0,0,0,0,0,0,0,0,22
11100,11100,99,88,1734,1508,0,0,0,0,0,0,0,0,22
11101,11101,100,88,1750,1508,0,0,0,0,0,0,0,0,22
11102,11102,101,88,1766,1508,0,0,0,0,0,0,0,0,22
11103,11103,102,88,1782,1508,0,0,0,0,0,0,0,0,22
11104,11104,103,88,1798,1508,0,0,0,0,0,0,0,0,22
11105,11105,104,88,1814,1508,0,0,0,0,0,0,0,0,22
11106,11106,105,88,1830,1508,0,0,0,0,0,0,0,0,22
11107,11107,106,88,1846,1508,0,0,0,0,0,0,0,0,22
11108,11108,107,88,1862,1508,0,0,0,0,0,0,0,0,22
11109,11109,108,88,1878,1508,0,0,0,0,0,0,0,0,22
11110,11110,109,88,1894,1508,0,0,0,0,0,0,0,0,22
11111,11111,110,88,1910,1508,0,0,0,0,0,0,0,0,22
11112,11112,111,88,1926,1508,0,0,0,0,0,0,0,0,22
11113,11113,112,88,1942,1508,0,0,0,0,0,0,0,0,22
11114,11114,113,88,1958,1508,0,0,0,0,0,0,0,0,22
11115,11115,114,88,1974,1508,0,0,0,0,0,0,0,0,22
11116,11116,115,88,1990,1508,0,0,0,0,0,0,0,0,22
11117,11117,116,88,2006,1508,0,0,0,0,0,0,0,0,22
11118,11118,117,88,2022,1508,0,0,0,0,0,0,0,0,22
11119,11119,118,88,2038,1508,0,0,0,0,0,0,0,0,22
11120,11120,119,88,2054,1508,0,0,0,0,0,0,0,0,22
11121,11121,120,88,2070,1508,0,0,0,0,0,0,0,0,22
11122,11122,121,88,2086,1508,0,0,0,0,0,0,0,0,22
11123,11123,122,88,2102,1508,0,0,0,0,0,0,0,0,22
11124,11124,123,88,2118,1508,0,0,0,0,0,0,0,0,22
11125,11125,124,88,2134,1508,0,0,0,0,0,0,0,0,24
11126,11126,0,89,150,1524,0,0,0,0,0,0,0,0,24
11127,11127,1,89,166,1524,0,0,0,0,0,0,0,0,24
11128,11128,2,89,182,1524,0,0,0,0,0,0,0,0,24
11129,11129,3,89,198,1524,0,0,0,0,0,0,0,0,24
11130,11130,4,89,214,1524,0,0,0,0,0,0,0,0,24
11131,11131,5,89,230,1524,0,0,0,0,0,0,0,0,24
11132,11132,6,89,246,1524,0,0,0,0,0,0,0,0,24
11133,11133,7,89,262,1524,0,0,0,0,0,0,0,0,24
11134,11134,8,89,278,1524,0,0,0,0,0,0,0,0,24
11135,11135,9,89,294,1524,0,0,0,0,0,0,0,0,24
11136,11136,10,89,310,1524,0,0,0,0,0,0,0,0,24
11137,11137,11,89,326,1524,0,0,0,0,0,0,0,0,24
11138,11138,12,89,342,1524,0,0,0,0,0,0,0,0,24
11139,11139,13,89,358,1524,0,0,0,0,0,0,0,0,24
11140,11140,14,89,374,1524,0,0,0,0,0,0,0,0,24
11141,11141,15,89,390,1524,0,0,0,0,0,0,0,0,24
11142,11142,16,89,406,1524,0,0,0,0,0,0,0,0,3
11143,11143,17,89,422,1524,0,0,0,0,0,0,0,0,28
11144,11144,18,89,438,1524,0,0,0,0,0,0,0,0,28
11145,11145,19,89,454,1524,0,0,0,0,0,0,0,0,3
11146,11146,20,89,470,1524,0,0,0,0,0,0,0,0,28
11147,11147,21,89,486,1524,0,0,0,0,0,0,0,0,28
11148,11148,22,89,502,1524,0,0,0,0,0,0,0,0,28
11149,11149,23,89,518,1524,0,0,0,0,0,0,0,0,28
11150,11150,24,89,534,1524,0,0,0,0,0,0,0,0,28
11151,11151,25,89,550,1524,0,0,0,0,0,0,0,0,28
11152,11152,26,89,566,1524,0,0,0,0,0,0,0,0,28
11153,11153,27,89,582,1524,0,0,0,0,0,0,0,0,28
11154,11154,28,89,598,1524,0,0,0,0,0,0,0,0,27
11155,11155,29,89,614,1524,0,0,0,0,0,0,0,0,27
11156,11156,30,89,630,1524,0,0,0,0,0,0,0,0,27
11157,11157,31,89,646,1524,0,0,0,0,0,0,0,0,27
11158,11158,32,89,662,1524,0,0,0,0,0,0,0,0,27
11159,11159,33,89,678,1524,0,0,0,0,0,0,0,0,27
11160,11160,34,89,694,1524,0,0,0,0,0,0,0,0,27
11161,11161,35,89,710,1524,0,0,0,0,0,0,0,0,27
11162,11162,36,89,726,1524,0,0,0,0,0,0,0,0,27
11163,11163,37,89,742,1524,0,0,0,0,0,0,0,0,27
11164,11164,38,89,758,1524,0,0,0,0,0,0,0,0,27
11165,11165,39,89,774,1524,0,0,0,0,0,0,0,0,27
11166,11166,40,89,790,1524,0,0,0,0,0,0,0,0,27
11167,11167,41,89,806,1524,0,0,0,0,0,0,0,0,27
11168,11168,42,89,822,1524,0,0,0,0,0,0,0,0,27
11169,11169,43,89,838,1524,0,0,0,0,0,0,0,0,20
11170,11170,44,89,854,1524,0,0,0,0,0,0,0,0,20
11171,11171,45,89,870,1524,0,0,0,0,0,0,0,0,20
11172,11172,46,89,886,1524,0,0,0,0,0,0,0,0,20
11173,11173,47,89,902,1524,0,0,0,0,0,0,0,0,21
11174,11174,48,89,918,1524,0,0,0,0,0,0,0,0,21
11175,11175,49,89,934,1524,0,0,0,0,0,0,0,0,21
11176,11176,50,89,950,1524,0,0,0,0,0,0,0,0,21
11177,11177,51,89,966,1524,0,0,0,0,0,0,0,0,21
11178,11178,52,89,982,1524,0,0,0,0,0,0,0,0,21
11179,11179,53,89,998,1524,0,0,0,0,0,0,0,0,21
11180,11180,54,89,1014,1524,0,0,0,0,0,0,0,0,21
11181,11181,55,89,1030,1524,0,0,0,0,0,0,0,0,21
11182,11182,56,89,1046,1524,0,0,0,0,0,0,0,0,21
11183,11183,57,89,1062,1524,0,0,0,0,0,0,0,0,21
11184,11184,58,89,1078,1524,0,0,0,0,0,0,0,0,21
11185,11185,59,89,1094,1524,0,0,0,0,0,0,0,0,21
11186,11186,60,89,1110,1524,0,0,0,0,0,0,0,0,21
11187,11187,61,89,1126,1524,0,0,0,0,0,0,0,0,21
11188,11188,62,89,1142,1524,0,0,0,0,0,0,0,0,21
11189,11189,63,89,1158,1524,0,0,0,0,0,0,0,0,21
11190,11190,64,89,1174,1524,0,0,0,0,0,0,0,0,21
11191,11191,65,89,1190,1524,0,0,0,0,0,0,0,0,21
11192,11192,66,89,1206,1524,0,0,0,0,0,0,0,0,21
11193,11193,67,89,1222,1524,0,0,0,0,0,0,0,0,21
11194,11194,68,89,1238,1524,0,0,0,0,0,0,0,0,21
11195,11195,69,89,1254,1524,0,0,0,0,0,0,0,0,21
11196,11196,70,89,1270,1524,0,0,0,0,0,0,0,0,21
11197,11197,71,89,1286,1524,0,0,0,0,0,0,0,0,21
11198,11198,72,89,1302,1524,0,0,0,0,0,0,0,0,21
11199,11199,73,89,1318,1524,0,0,0,0,0,0,0,0,21
11200,11200,74,89,1334,1524,0,0,0,0,0,0,0,0,21
11201,11201,75,89,1350,1524,0,0,0,0,0,0,0,0,21
11202,11202,76,89,1366,1524,0,0,0,0,0,0,0,0,21
11203,11203,77,89,1382,1524,0,0,0,0,0,0,0,0,21
11204,11204,78,89,1398,1524,0,0,0,0,0,0,0,0,21
11205,11205,79,89,1414,1524,0,0,0,0,0,0,0,0,21
11206,11206,80,89,1430,1524,0,0,0,0,0,0,0,0,21
11207,11207,81,89,1446,1524,0,0,0,0,0,0,0,0,21
11208,11208,82,89,1462,1524,0,0,0,0,0,0,0,0,21
11209,11209,83,89,1478,1524,0,0,0,0,0,0,0,0,22
11210,11210,84,89,1494,1524,0,0,0,0,0,0,0,0,22
11211,11211,85,89,1510,1524,0,0,0,0,0,0,0,0,22
11212,11212,86,89,1526,1524,0,0,0,0,0,0,0,0,22
11213,11213,87,89,1542,1524,0,0,0,0,0,0,0,0,22
11214,11214,88,89,1558,1524,0,0,0,0,0,0,0,0,22
11215,11215,89,89,1574,1524,0,0,0,0,0,0,0,0,22
11216,11216,90,89,1590,1524,0,0,0,0,0,0,0,0,22
11217,11217,91,89,1606,1524,0,0,0,0,0,0,0,0,22
11218,11218,92,89,1622,1524,0,0,0,0,0,0,0,0,22
11219,11219,93,89,1638,1524,0,0,0,0,0,0,0,0,22
11220,11220,94,89,1654,1524,0,0,0,0,0,0,0,0,22
11221,11221,95,89,1670,1524,0,0,0,0,0,0,0,0,22
11222,11222,96,89,1686,1524,0,0,0,0,0,0,0,0,22
11223,11223,97,89,1702,1524,0,0,0,0,0,0,0,0,22
11224,11224,98,89,1718,1524,0,0,0,0,0,0,0,0,22
11225,11225,99,89,1734,1524,0,0,0,0,0,0,0,0,22
11226,11226,100,89,1750,1524,0,0,0,0,0,0,0,0,22
11227,11227,101,89,1766,1524,0,0,0,0,0,0,0,0,22
11228,11228,102,89,1782,1524,0,0,0,0,0,0,0,0,22
11229,11229,103,89,1798,1524,0,0,0,0,0,0,0,0,22
11230,11230,104,89,1814,1524,0,0,0,0,0,0,0,0,22
11231,11231,105,89,1830,1524,0,0,0,0,0,0,0,0,22
11232,11232,106,89,1846,1524,0,0,0,0,0,0,0,0,22
11233,11233,107,89,1862,1524,0,0,0,0,0,0,0,0,22
11234,11234,108,89,1878,1524,0,0,0,0,0,0,0,0,22
11235,11235,109,89,1894,1524,0,0,0,0,0,0,0,0,22
11236,11236,110,89,1910,1524,0,0,0,0,0,0,0,0,22
11237,11237,111,89,1926,1524,0,0,0,0,0,0,0,0,22
11238,11238,112,89,1942,1524,0,0,0,0,0,0,0,0,22
11239,11239,113,89,1958,1524,0,0,0,0,0,0,0,0,22
11240,11240,114,89,1974,1524,0,0,0,0,0,0,0,0,22
11241,11241,115,89,1990,1524,0,0,0,0,0,0,0,0,22
11242,11242,116,89,2006,1524,0,0,0,0,0,0,0,0,22
11243,11243,117,89,2022,1524,0,0,0,0,0,0,0,0,22
11244,11244,118,89,2038,1524,0,0,0,0,0,0,0,0,22
11245,11245,119,89,2054,1524,0,0,0,0,0,0,0,0,22
11246,11246,120,89,2070,1524,0,0,0,0,0,0,0,0,22
11247,11247,121,89,2086,1524,0,0,0,0,0,0,0,0,22
11248,11248,122,89,2102,1524,0,0,0,0,0,0,0,0,22
11249,11249,123,89,2118,1524,0,0,0,0,0,0,0,0,22
11250,11250,124,89,2134,1524,0,0,0,0,0,0,0,0,24
11251,11251,0,90,150,1540,0,0,0,0,0,0,0,0,24
11252,11252,1,90,166,1540,0,0,0,0,0,0,0,0,24
11253,11253,2,90,182,1540,0,0,0,0,0,0,0,0,24
11254,11254,3,90,198,1540,0,0,0,0,0,0,0,0,24
11255,11255,4,90,214,1540,0,0,0,0,0,0,0,0,24
11256,11256,5,90,230,1540,0,0,0,0,0,0,0,0,24
11257,11257,6,90,246,1540,0,0,0,0,0,0,0,0,24
11258,11258,7,90,262,1540,0,0,0,0,0,0,0,0,24
11259,11259,8,90,278,1540,0,0,0,0,0,0,0,0,24
11260,11260,9,90,294,1540,0,0,0,0,0,0,0,0,24
11261,11261,10,90,310,1540,0,0,0,0,0,0,0,0,24
11262,11262,11,90,326,1540,0,0,0,0,0,0,0,0,24
11263,11263,12,90,342,1540,0,0,0,0,0,0,0,0,24
11264,11264,13,90,358,1540,0,0,0,0,0,0,0,0,24
11265,11265,14,90,374,1540,0,0,0,0,0,0,0,0,24
11266,11266,15,90,390,1540,0,0,0,0,0,0,0,0,24
11267,11267,16,90,406,1540,0,0,0,0,0,0,0,0,3
11268,11268,17,90,422,1540,0,0,0,0,0,0,0,0,28
11269,11269,18,90,438,1540,0,0,0,0,0,0,0,0,28
11270,11270,19,90,454,1540,0,0,0,0,0,0,0,0,3
11271,11271,20,90,470,1540,0,0,0,0,0,0,0,0,28
11272,11272,21,90,486,1540,0,0,0,0,0,0,0,0,28
11273,11273,22,90,502,1540,0,0,0,0,0,0,0,0,28
11274,11274,23,90,518,1540,0,0,0,0,0,0,0,0,28
11275,11275,24,90,534,1540,0,0,0,0,0,0,0,0,28
11276,11276,25,90,550,1540,0,0,0,0,0,0,0,0,28
11277,11277,26,90,566,1540,0,0,0,0,0,0,0,0,28
11278,11278,27,90,582,1540,0,0,0,0,0,0,0,0,28
11279,11279,28,90,598,1540,0,0,0,0,0,0,0,0,28
11280,11280,29,90,614,1540,0,0,0,0,0,0,0,0,28
11281,11281,30,90,630,1540,0,0,0,0,0,0,0,0,28
11282,11282,31,90,646,1540,0,0,0,0,0,0,0,0,27
11283,11283,32,90,662,1540,0,0,0,0,0,0,0,0,27
11284,11284,33,90,678,1540,0,0,0,0,0,0,0,0,27
11285,11285,34,90,694,1540,0,0,0,0,0,0,0,0,27
11286,11286,35,90,710,1540,0,0,0,0,0,0,0,0,27
11287,11287,36,90,726,1540,0,0,0,0,0,0,0,0,27
11288,11288,37,90,742,1540,0,0,0,0,0,0,0,0,27
11289,11289,38,90,758,1540,0,0,0,0,0,0,0,0,27
11290,11290,39,90,774,1540,0,0,0,0,0,0,0,0,27
11291,11291,40,90,790,1540,0,0,0,0,0,0,0,0,27
11292,11292,41,90,806,1540,0,0,0,0,0,0,0,0,27
11293,11293,42,90,822,1540,0,0,0,0,0,0,0,0,27
11294,11294,43,90,838,1540,0,0,0,0,0,0,0,0,20
11295,11295,44,90,854,1540,0,0,0,0,0,0,0,0,20
11296,11296,45,90,870,1540,0,0,0,0,0,0,0,0,20
11297,11297,46,90,886,1540,0,0,0,0,0,0,0,0,20
11298,11298,47,90,902,1540,0,0,0,0,0,0,0,0,21
11299,11299,48,90,918,1540,0,0,0,0,0,0,0,0,21
11300,11300,49,90,934,1540,0,0,0,0,0,0,0,0,21
11301,11301,50,90,950,1540,0,0,0,0,0,0,0,0,21
11302,11302,51,90,966,1540,0,0,0,0,0,0,0,0,21
11303,11303,52,90,982,1540,0,0,0,0,0,0,0,0,21
11304,11304,53,90,998,1540,0,0,0,0,0,0,0,0,21
11305,11305,54,90,1014,1540,0,0,0,0,0,0,0,0,21
11306,11306,55,90,1030,1540,0,0,0,0,0,0,0,0,21
11307,11307,56,90,1046,1540,0,0,0,0,0,0,0,0,21
11308,11308,57,90,1062,1540,0,0,0,0,0,0,0,0,21
11309,11309,58,90,1078,1540,0,0,0,0,0,0,0,0,21
11310,11310,59,90,1094,1540,0,0,0,0,0,0,0,0,21
11311,11311,60,90,1110,1540,0,0,0,0,0,0,0,0,21
11312,11312,61,90,1126,1540,0,0,0,0,0,0,0,0,21
11313,11313,62,90,1142,1540,0,0,0,0,0,0,0,0,21
11314,11314,63,90,1158,1540,0,0,0,0,0,0,0,0,21
11315,11315,64,90,1174,1540,0,0,0,0,0,0,0,0,21
11316,11316,65,90,1190,1540,0,0,0,0,0,0,0,0,21
11317,11317,66,90,1206,1540,0,0,0,0,0,0,0,0,21
11318,11318,67,90,1222,1540,0,0,0,0,0,0,0,0,21
11319,11319,68,90,1238,1540,0,0,0,0,0,0,0,0,21
11320,11320,69,90,1254,1540,0,0,0,0,0,0,0,0,21
11321,11321,70,90,1270,1540,0,0,0,0,0,0,0,0,21
11322,11322,71,90,1286,1540,0,0,0,0,0,0,0,0,21
11323,11323,72,90,1302,1540,0,0,0,0,0,0,0,0,21
11324,11324,73,90,1318,1540,0,0,0,0,0,0,0,0,21
11325,11325,74,90,1334,1540,0,0,0,0,0,0,0,0,21
11326,11326,75,90,1350,1540,0,0,0,0,0,0,0,0,21
11327,11327,76,90,1366,1540,0,0,0,0,0,0,0,0,21
11328,11328,77,90,1382,1540,0,0,0,0,0,0,0,0,21
11329,11329,78,90,1398,1540,0,0,0,0,0,0,0,0,21
11330,11330,79,90,1414,1540,0,0,0,0,0,0,0,0,21
11331,11331,80,90,1430,1540,0,0,0,0,0,0,0,0,21
11332,11332,81,90,1446,1540,0,0,0,0,0,0,0,0,21
11333,11333,82,90,1462,1540,0,0,0,0,0,0,0,0,22
11334,11334,83,90,1478,1540,0,0,0,0,0,0,0,0,22
11335,11335,84,90,1494,1540,0,0,0,0,0,0,0,0,22
11336,11336,85,90,1510,1540,0,0,0,0,0,0,0,0,22
11337,11337,86,90,1526,1540,0,0,0,0,0,0,0,0,22
11338,11338,87,90,1542,1540,0,0,0,0,0,0,0,0,22
11339,11339,88,90,1558,1540,0,0,0,0,0,0,0,0,22
11340,11340,89,90,1574,1540,0,0,0,0,0,0,0,0,22
11341,11341,90,90,1590,1540,0,0,0,0,0,0,0,0,22
11342,11342,91,90,1606,1540,0,0,0,0,0,0,0,0,22
11343,11343,92,90,1622,1540,0,0,0,0,0,0,0,0,22
11344,11344,93,90,1638,1540,0,0,0,0,0,0,0,0,22
11345,11345,94,90,1654,1540,0,0,0,0,0,0,0,0,22
11346,11346,95,90,1670,1540,0,0,0,0,0,0,0,0,22
11347,11347,96,90,1686,1540,0,0,0,0,0,0,0,0,22
11348,11348,97,90,1702,1540,0,0,0,0,0,0,0,0,22
11349,11349,98,90,1718,1540,0,0,0,0,0,0,0,0,22
11350,11350,99,90,1734,1540,0,0,0,0,0,0,0,0,22
11351,11351,100,90,1750,1540,0,0,0,0,0,0,0,0,22
11352,11352,101,90,1766,1540,0,0,0,0,0,0,0,0,22
11353,11353,102,90,1782,1540,0,0,0,0,0,0,0,0,22
11354,11354,103,90,1798,1540,0,0,0,0,0,0,0,0,22
11355,11355,104,90,1814,1540,0,0,0,0,0,0,0,0,22
11356,11356,105,90,1830,1540,0,0,0,0,0,0,0,0,22
11357,11357,106,90,1846,1540,0,0,0,0,0,0,0,0,22
11358,11358,107,90,1862,1540,0,0,0,0,0,0,0,0,22
11359,11359,108,90,1878,1540,0,0,0,0,0,0,0,0,22
11360,11360,109,90,1894,1540,0,0,0,0,0,0,0,0,22
11361,11361,110,90,1910,1540,0,0,0,0,0,0,0,0,22
11362,11362,111,90,1926,1540,0,0,0,0,0,0,0,0,22
11363,11363,112,90,1942,1540,0,0,0,0,0,0,0,0,22
11364,11364,113,90,1958,1540,0,0,0,0,0,0,0,0,22
11365,11365,114,90,1974,1540,0,0,0,0,0,0,0,0,22
11366,11366,115,90,1990,1540,0,0,0,0,0,0,0,0,22
11367,11367,116,90,2006,1540,0,0,0,0,0,0,0,0,22
11368,11368,117,90,2022,1540,0,0,0,0,0,0,0,0,22
11369,11369,118,90,2038,1540,0,0,0,0,0,0,0,0,22
11370,11370,119,90,2054,1540,0,0,0,0,0,0,0,0,22
11371,11371,120,90,2070,1540,0,0,0,0,0,0,0,0,22
11372,11372,121,90,2086,1540,0,0,0,0,0,0,0,0,22
11373,11373,122,90,2102,1540,0,0,0,0,0,0,0,0,22
11374,11374,123,90,2118,1540,0,0,0,0,0,0,0,0,22
11375,11375,124,90,2134,1540,0,0,0,0,0,0,0,0,29
11376,11376,0,91,150,1556,0,0,0,0,0,0,0,0,24
11377,11377,1,91,166,1556,0,0,0,0,0,0,0,0,24
11378,11378,2,91,182,1556,0,0,0,0,0,0,0,0,24
11379,11379,3,91,198,1556,0,0,0,0,0,0,0,0,24
11380,11380,4,91,214,1556,0,0,0,0,0,0,0,0,24
11381,11381,5,91,230,1556,0,0,0,0,0,0,0,0,24
11382,11382,6,91,246,1556,0,0,0,0,0,0,0,0,24
11383,11383,7,91,262,1556,0,0,0,0,0,0,0,0,24
11384,11384,8,91,278,1556,0,0,0,0,0,0,0,0,24
11385,11385,9,91,294,1556,0,0,0,0,0,0,0,0,24
11386,11386,10,91,310,1556,0,0,0,0,0,0,0,0,24
11387,11387,11,91,326,1556,0,0,0,0,0,0,0,0,24
11388,11388,12,91,342,1556,0,0,0,0,0,0,0,0,24
11389,11389,13,91,358,1556,0,0,0,0,0,0,0,0,24
11390,11390,14,91,374,1556,0,0,0,0,0,0,0,0,24
11391,11391,15,91,390,1556,0,0,0,0,0,0,0,0,24
11392,11392,16,91,406,1556,0,0,0,0,0,0,0,0,30
11393,11393,17,91,422,1556,0,0,0,0,0,0,0,0,30
11394,11394,18,91,438,1556,0,0,0,0,0,0,0,0,28
11395,11395,19,91,454,1556,0,0,0,0,0,0,0,0,3
11396,11396,20,91,470,1556,0,0,0,0,0,0,0,0,28
11397,11397,21,91,486,1556,0,0,0,0,0,0,0,0,28
11398,11398,22,91,502,1556,0,0,0,0,0,0,0,0,28
11399,11399,23,91,518,1556,0,0,0,0,0,0,0,0,28
11400,11400,24,91,534,1556,0,0,0,0,0,0,0,0,28
11401,11401,25,91,550,1556,0,0,0,0,0,0,0,0,28
11402,11402,26,91,566,1556,0,0,0,0,0,0,0,0,28
11403,11403,27,91,582,1556,0,0,0,0,0,0,0,0,28
11404,11404,28,91,598,1556,0,0,0,0,0,0,0,0,28
11405,11405,29,91,614,1556,0,0,0,0,0,0,0,0,28
11406,11406,30,91,630,1556,0,0,0,0,0,0,0,0,28
11407,11407,31,91,646,1556,0,0,0,0,0,0,0,0,28
11408,11408,32,91,662,1556,0,0,0,0,0,0,0,0,28
11409,11409,33,91,678,1556,0,0,0,0,0,0,0,0,27
11410,11410,34,91,694,1556,0,0,0,0,0,0,0,0,27
11411,11411,35,91,710,1556,0,0,0,0,0,0,0,0,27
11412,11412,36,91,726,1556,0,0,0,0,0,0,0,0,27
11413,11413,37,91,742,1556,0,0,0,0,0,0,0,0,27
11414,11414,38,91,758,1556,0,0,0,0,0,0,0,0,27
11415,11415,39,91,774,1556,0,0,0,0,0,0,0,0,27
11416,11416,40,91,790,1556,0,0,0,0,0,0,0,0,27
11417,11417,41,91,806,1556,0,0,0,0,0,0,0,0,27
11418,11418,42,91,822,1556,0,0,0,0,0,0,0,0,20
11419,11419,43,91,838,1556,0,0,0,0,0,0,0,0,20
11420,11420,44,91,854,1556,0,0,0,0,0,0,0,0,20
11421,11421,45,91,870,1556,0,0,0,0,0,0,0,0,20
11422,11422,46,91,886,1556,0,0,0,0,0,0,0,0,21
11423,11423,47,91,902,1556,0,0,0,0,0,0,0,0,21
11424,11424,48,91,918,1556,0,0,0,0,0,0,0,0,21
11425,11425,49,91,934,1556,0,0,0,0,0,0,0,0,21
11426,11426,50,91,950,1556,0,0,0,0,0,0,0,0,21
11427,11427,51,91,966,1556,0,0,0,0,0,0,0,0,21
11428,11428,52,91,982,1556,0,0,0,0,0,0,0,0,21
11429,11429,53,91,998,1556,0,0,0,0,0,0,0,0,21
11430,11430,54,91,1014,1556,0,0,0,0,0,0,0,0,21
11431,11431,55,91,1030,1556,0,0,0,0,0,0,0,0,21
11432,11432,56,91,1046,1556,0,0,0,0,0,0,0,0,21
11433,11433,57,91,1062,1556,0,0,0,0,0,0,0,0,21
11434,11434,58,91,1078,1556,0,0,0,0,0,0,0,0,21
11435,11435,59,91,1094,1556,0,0,0,0,0,0,0,0,21
11436,11436,60,91,1110,1556,0,0,0,0,0,0,0,0,21
11437,11437,61,91,1126,1556,0,0,0,0,0,0,0,0,21
11438,11438,62,91,1142,1556,0,0,0,0,0,0,0,0,21
11439,11439,63,91,1158,1556,0,0,0,0,0,0,0,0,21
11440,11440,64,91,1174,1556,0,0,0,0,0,0,0,0,21
11441,11441,65,91,1190,1556,0,0,0,0,0,0,0,0,21
11442,11442,66,91,1206,1556,0,0,0,0,0,0,0,0,21
11443,11443,67,91,1222,1556,0,0,0,0,0,0,0,0,21
11444,11444,68,91,1238,1556,0,0,0,0,0,0,0,0,21
11445,11445,69,91,1254,1556,0,0,0,0,0,0,0,0,21
11446,11446,70,91,1270,1556,0,0,0,0,0,0,0,0,21
11447,11447,71,91,1286,1556,0,0,0,0,0,0,0,0,21
11448,11448,72,91,1302,1556,0,0,0,0,0,0,0,0,21
11449,11449,73,91,1318,1556,0,0,0,0,0,0,0,0,21
11450,11450,74,91,1334,1556,0,0,0,0,0,0,0,0,21
11451,11451,75,91,1350,1556,0,0,0,0,0,0,0,0,21
11452,11452,76,91,1366,1556,0,0,0,0,0,0,0,0,21
11453,11453,77,91,1382,1556,0,0,0,0,0,0,0,0,21
11454,11454,78,91,1398,1556,0,0,0,0,0,0,0,0,21
11455,11455,79,91,1414,1556,0,0,0,0,0,0,0,0,21
11456,11456,80,91,1430,1556,0,0,0,0,0,0,0,0,21
11457,11457,81,91,1446,1556,0,0,0,0,0,0,0,0,22
11458,11458,82,91,1462,1556,0,0,0,0,0,0,0,0,22
11459,11459,83,91,1478,1556,0,0,0,0,0,0,0,0,22
11460,11460,84,91,1494,1556,0,0,0,0,0,0,0,0,22
11461,11461,85,91,1510,1556,0,0,0,0,0,0,0,0,22
11462,11462,86,91,1526,1556,0,0,0,0,0,0,0,0,22
11463,11463,87,91,1542,1556,0,0,0,0,0,0,0,0,22
11464,11464,88,91,1558,1556,0,0,0,0,0,0,0,0,22
11465,11465,89,91,1574,1556,0,0,0,0,0,0,0,0,22
11466,11466,90,91,1590,1556,0,0,0,0,0,0,0,0,22
11467,11467,91,91,1606,1556,0,0,0,0,0,0,0,0,22
11468,11468,92,91,1622,1556,0,0,0,0,0,0,0,0,22
11469,11469,93,91,1638,1556,0,0,0,0,0,0,0,0,22
11470,11470,94,91,1654,1556,0,0,0,0,0,0,0,0,22
11471,11471,95,91,1670,1556,0,0,0,0,0,0,0,0,22
11472,11472,96,91,1686,1556,0,0,0,0,0,0,0,0,22
11473,11473,97,91,1702,1556,0,0,0,0,0,0,0,0,22
11474,11474,98,91,1718,1556,0,0,0,0,0,0,0,0,22
11475,11475,99,91,1734,1556,0,0,0,0,0,0,0,0,22
11476,11476,100,91,1750,1556,0,0,0,0,0,0,0,0,22
11477,11477,101,91,1766,1556,0,0,0,0,0,0,0,0,22
11478,11478,102,91,1782,1556,0,0,0,0,0,0,0,0,22
11479,11479,103,91,1798,1556,0,0,0,0,0,0,0,0,22
11480,11480,104,91,1814,1556,0,0,0,0,0,0,0,0,22
11481,11481,105,91,1830,1556,0,0,0,0,0,0,0,0,22
11482,11482,106,91,1846,1556,0,0,0,0,0,0,0,0,22
11483,11483,107,91,1862,1556,0,0,0,0,0,0,0,0,22
11484,11484,108,91,1878,1556,0,0,0,0,0,0,0,0,22
11485,11485,109,91,1894,1556,0,0,0,0,0,0,0,0,22
11486,11486,110,91,1910,1556,0,0,0,0,0,0,0,0,22
11487,11487,111,91,1926,1556,0,0,0,0,0,0,0,0,22
11488,11488,112,91,1942,1556,0,0,0,0,0,0,0,0,22
11489,11489,113,91,1958,1556,0,0,0,0,0,0,0,0,22
11490,11490,114,91,1974,1556,0,0,0,0,0,0,0,0,22
11491,11491,115,91,1990,1556,0,0,0,0,0,0,0,0,22
11492,11492,116,91,2006,1556,0,0,0,0,0,0,0,0,22
11493,11493,117,91,2022,1556,0,0,0,0,0,0,0,0,22
11494,11494,118,91,2038,1556,0,0,0,0,0,0,0,0,22
11495,11495,119,91,2054,1556,0,0,0,0,0,0,0,0,22
11496,11496,120,91,2070,1556,0,0,0,0,0,0,0,0,22
11497,11497,121,91,2086,1556,0,0,0,0,0,0,0,0,22
11498,11498,122,91,2102,1556,0,0,0,0,0,0,0,0,22
11499,11499,123,91,2118,1556,0,0,0,0,0,0,0,0,22
11500,11500,124,91,2134,1556,0,0,0,0,0,0,0,0,29
11501,11501,0,92,150,1572,0,0,0,0,0,0,0,0,24
11502,11502,1,92,166,1572,0,0,0,0,0,0,0,0,24
11503,11503,2,92,182,1572,0,0,0,0,0,0,0,0,24
11504,11504,3,92,198,1572,0,0,0,0,0,0,0,0,24
11505,11505,4,92,214,1572,0,0,0,0,0,0,0,0,24
11506,11506,5,92,230,1572,0,0,0,0,0,0,0,0,24
11507,11507,6,92,246,1572,0,0,0,0,0,0,0,0,24
11508,11508,7,92,262,1572,0,0,0,0,0,0,0,0,24
11509,11509,8,92,278,1572,0,0,0,0,0,0,0,0,24
11510,11510,9,92,294,1572,0,0,0,0,0,0,0,0,24
11511,11511,10,92,310,1572,0,0,0,0,0,0,0,0,24
11512,11512,11,92,326,1572,0,0,0,0,0,0,0,0,24
11513,11513,12,92,342,1572,0,0,0,0,0,0,0,0,24
11514,11514,13,92,358,1572,0,0,0,0,0,0,0,0,24
11515,11515,14,92,374,1572,0,0,0,0,0,0,0,0,24
11516,11516,15,92,390,1572,0,0,0,0,0,0,0,0,24
11517,11517,16,92,406,1572,0,0,0,0,0,0,0,0,30
11518,11518,17,92,422,1572,0,0,0,0,0,0,0,0,30
11519,11519,18,92,438,1572,0,0,0,0,0,0,0,0,28
11520,11520,19,92,454,1572,0,0,0,0,0,0,0,0,28
11521,11521,20,92,470,1572,0,0,0,0,0,0,0,0,3
11522,11522,21,92,486,1572,0,0,0,0,0,0,0,0,28
11523,11523,22,92,502,1572,0,0,0,0,0,0,0,0,28
11524,11524,23,92,518,1572,0,0,0,0,0,0,0,0,28
11525,11525,24,92,534,1572,0,0,0,0,0,0,0,0,28
11526,11526,25,92,550,1572,0,0,0,0,0,0,0,0,28
11527,11527,26,92,566,1572,0,0,0,0,0,0,0,0,28
11528,11528,27,92,582,1572,0,0,0,0,0,0,0,0,28
11529,11529,28,92,598,1572,0,0,0,0,0,0,0,0,28
11530,11530,29,92,614,1572,0,0,0,0,0,0,0,0,28
11531,11531,30,92,630,1572,0,0,0,0,0,0,0,0,28
11532,11532,31,92,646,1572,0,0,0,0,0,0,0,0,28
11533,11533,32,92,662,1572,0,0,0,0,0,0,0,0,28
11534,11534,33,92,678,1572,0,0,0,0,0,0,0,0,28
11535,11535,34,92,694,1572,0,0,0,0,0,0,0,0,27
11536,11536,35,92,710,1572,0,0,0,0,0,0,0,0,27
11537,11537,36,92,726,1572,0,0,0,0,0,0,0,0,27
11538,11538,37,92,742,1572,0,0,0,0,0,0,0,0,27
11539,11539,38,92,758,1572,0,0,0,0,0,0,0,0,27
11540,11540,39,92,774,1572,0,0,0,0,0,0,0,0,27
11541,11541,40,92,790,1572,0,0,0,0,0,0,0,0,27
11542,11542,41,92,806,1572,0,0,0,0,0,0,0,0,27
11543,11543,42,92,822,1572,0,0,0,0,0,0,0,0,20
11544,11544,43,92,838,1572,0,0,0,0,0,0,0,0,20
11545,11545,44,92,854,1572,0,0,0,0,0,0,0,0,20
11546,11546,45,92,870,1572,0,0,0,0,0,0,0,0,21
11547,11547,46,92,886,1572,0,0,0,0,0,0,0,0,21
11548,11548,47,92,902,1572,0,0,0,0,0,0,0,0,21
11549,11549,48,92,918,1572,0,0,0,0,0,0,0,0,21
11550,11550,49,92,934,1572,0,0,0,0,0,0,0,0,21
11551,11551,50,92,950,1572,0,0,0,0,0,0,0,0,21
11552,11552,51,92,966,1572,0,0,0,0,0,0,0,0,21
11553,11553,52,92,982,1572,0,0,0,0,0,0,0,0,21
11554,11554,53,92,998,1572,0,0,0,0,0,0,0,0,21
11555,11555,54,92,1014,1572,0,0,0,0,0,0,0,0,21
11556,11556,55,92,1030,1572,0,0,0,0,0,0,0,0,21
11557,11557,56,92,1046,1572,0,0,0,0,0,0,0,0,21
11558,11558,57,92,1062,1572,0,0,0,0,0,0,0,0,21
11559,11559,58,92,1078,1572,0,0,0,0,0,0,0,0,21
11560,11560,59,92,1094,1572,0,0,0,0,0,0,0,0,21
11561,11561,60,92,1110,1572,0,0,0,0,0,0,0,0,21
11562,11562,61,92,1126,1572,0,0,0,0,0,0,0,0,21
11563,11563,62,92,1142,1572,0,0,0,0,0,0,0,0,21
11564,11564,63,92,1158,1572,0,0,0,0,0,0,0,0,21
11565,11565,64,92,1174,1572,0,0,0,0,0,0,0,0,21
11566,11566,65,92,1190,1572,0,0,0,0,0,0,0,0,21
11567,11567,66,92,1206,1572,0,0,0,0,0,0,0,0,21
11568,11568,67,92,1222,1572,0,0,0,0,0,0,0,0,21
11569,11569,68,92,1238,1572,0,0,0,0,0,0,0,0,21
11570,11570,69,92,1254,1572,0,0,0,0,0,0,0,0,21
11571,11571,70,92,1270,1572,0,0,0,0,0,0,0,0,21
11572,11572,71,92,1286,1572,0,0,0,0,0,0,0,0,21
11573,11573,72,92,1302,1572,0,0,0,0,0,0,0,0,21
11574,11574,73,92,1318,1572,0,0,0,0,0,0,0,0,21
11575,11575,74,92,1334,1572,0,0,0,0,0,0,0,0,21
11576,11576,75,92,1350,1572,0,0,0,0,0,0,0,0,21
11577,11577,76,92,1366,1572,0,0,0,0,0,0,0,0,21
11578,11578,77,92,1382,1572,0,0,0,0,0,0,0,0,21
11579,11579,78,92,1398,1572,0,0,0,0,0,0,0,0,21
11580,11580,79,92,1414,1572,0,0,0,0,0,0,0,0,22
11581,11581,80,92,1430,1572,0,0,0,0,0,0,0,0,22
11582,11582,81,92,1446,1572,0,0,0,0,0,0,0,0,22
11583,11583,82,92,1462,1572,0,0,0,0,0,0,0,0,22
11584,11584,83,92,1478,1572,0,0,0,0,0,0,0,0,22
11585,11585,84,92,1494,1572,0,0,0,0,0,0,0,0,22
11586,11586,85,92,1510,1572,0,0,0,0,0,0,0,0,22
11587,11587,86,92,1526,1572,0,0,0,0,0,0,0,0,22
11588,11588,87,92,1542,1572,0,0,0,0,0,0,0,0,22
11589,11589,88,92,1558,1572,0,0,0,0,0,0,0,0,22
11590,11590,89,92,1574,1572,0,0,0,0,0,0,0,0,22
11591,11591,90,92,1590,1572,0,0,0,0,0,0,0,0,22
11592,11592,91,92,1606,1572,0,0,0,0,0,0,0,0,22
11593,11593,92,92,1622,1572,0,0,0,0,0,0,0,0,22
11594,11594,93,92,1638,1572,0,0,0,0,0,0,0,0,22
11595,11595,94,92,1654,1572,0,0,0,0,0,0,0,0,22
11596,11596,95,92,1670,1572,0,0,0,0,0,0,0,0,22
11597,11597,96,92,1686,1572,0,0,0,0,0,0,0,0,22
11598,11598,97,92,1702,1572,0,0,0,0,0,0,0,0,22
11599,11599,98,92,1718,1572,0,0,0,0,0,0,0,0,22
11600,11600,99,92,1734,1572,0,0,0,0,0,0,0,0,22
11601,11601,100,92,1750,1572,0,0,0,0,0,0,0,0,22
11602,11602,101,92,1766,1572,0,0,0,0,0,0,0,0,22
11603,11603,102,92,1782,1572,0,0,0,0,0,0,0,0,22
11604,11604,103,92,1798,1572,0,0,0,0,0,0,0,0,22
11605,11605,104,92,1814,1572,0,0,0,0,0,0,0,0,22
11606,11606,105,92,1830,1572,0,0,0,0,0,0,0,0,22
11607,11607,106,92,1846,1572,0,0,0,0,0,0,0,0,22
11608,11608,107,92,1862,1572,0,0,0,0,0,0,0,0,22
11609,11609,108,92,1878,1572,0,0,0,0,0,0,0,0,22
11610,11610,109,92,1894,1572,0,0,0,0,0,0,0,0,22
11611,11611,110,92,1910,1572,0,0,0,0,0,0,0,0,22
11612,11612,111,92,1926,1572,0,0,0,0,0,0,0,0,22
11613,11613,112,92,1942,1572,0,0,0,0,0,0,0,0,22
11614,11614,113,92,1958,1572,0,0,0,0,0,0,0,0,22
11615,11615,114,92,1974,1572,0,0,0,0,0,0,0,0,22
11616,11616,115,92,1990,1572,0,0,0,0,0,0,0,0,22
11617,11617,116,92,2006,1572,0,0,0,0,0,0,0,0,22
11618,11618,117,92,2022,1572,0,0,0,0,0,0,0,0,22
11619,11619,118,92,2038,1572,0,0,0,0,0,0,0,0,22
11620,11620,119,92,2054,1572,0,0,0,0,0,0,0,0,22
11621,11621,120,92,2070,1572,0,0,0,0,0,0,0,0,22
11622,11622,121,92,2086,1572,0,0,0,0,0,0,0,0,22
11623,11623,122,92,2102,1572,0,0,0,0,0,0,0,0,22
11624,11624,123,92,2118,1572,0,0,0,0,0,0,0,0,22
11625,11625,124,92,2134,1572,0,0,0,0,0,0,0,0,29
11626,11626,0,93,150,1588,0,0,0,0,0,0,0,0,29
11627,11627,1,93,166,1588,0,0,0,0,0,0,0,0,24
11628,11628,2,93,182,1588,0,0,0,0,0,0,0,0,24
11629,11629,3,93,198,1588,0,0,0,0,0,0,0,0,24
11630,11630,4,93,214,1588,0,0,0,0,0,0,0,0,24
11631,11631,5,93,230,1588,0,0,0,0,0,0,0,0,24
11632,11632,6,93,246,1588,0,0,0,0,0,0,0,0,24
11633,11633,7,93,262,1588,0,0,0,0,0,0,0,0,24
11634,11634,8,93,278,1588,0,0,0,0,0,0,0,0,24
11635,11635,9,93,294,1588,0,0,0,0,0,0,0,0,24
11636,11636,10,93,310,1588,0,0,0,0,0,0,0,0,24
11637,11637,11,93,326,1588,0,0,0,0,0,0,0,0,24
11638,11638,12,93,342,1588,0,0,0,0,0,0,0,0,24
11639,11639,13,93,358,1588,0,0,0,0,0,0,0,0,24
11640,11640,14,93,374,1588,0,0,0,0,0,0,0,0,24
11641,11641,15,93,390,1588,0,0,0,0,0,0,0,0,24
11642,11642,16,93,406,1588,0,0,0,0,0,0,0,0,30
11643,11643,17,93,422,1588,0,0,0,0,0,0,0,0,30
11644,11644,18,93,438,1588,0,0,0,0,0,0,0,0,28
11645,11645,19,93,454,1588,0,0,0,0,0,0,0,0,28
11646,11646,20,93,470,1588,0,0,0,0,0,0,0,0,3
11647,11647,21,93,486,1588,0,0,0,0,0,0,0,0,28
11648,11648,22,93,502,1588,0,0,0,0,0,0,0,0,28
11649,11649,23,93,518,1588,0,0,0,0,0,0,0,0,28
11650,11650,24,93,534,1588,0,0,0,0,0,0,0,0,28
11651,11651,25,93,550,1588,0,0,0,0,0,0,0,0,28
11652,11652,26,93,566,1588,0,0,0,0,0,0,0,0,28
11653,11653,27,93,582,1588,0,0,0,0,0,0,0,0,28
11654,11654,28,93,598,1588,0,0,0,0,0,0,0,0,28
11655,11655,29,93,614,1588,0,0,0,0,0,0,0,0,28
11656,11656,30,93,630,1588,0,0,0,0,0,0,0,0,28
11657,11657,31,93,646,1588,0,0,0,0,0,0,0,0,28
11658,11658,32,93,662,1588,0,0,0,0,0,0,0,0,28
11659,11659,33,93,678,1588,0,0,0,0,0,0,0,0,28
11660,11660,34,93,694,1588,0,0,0,0,0,0,0,0,27
11661,11661,35,93,710,1588,0,0,0,0,0,0,0,0,27
11662,11662,36,93,726,1588,0,0,0,0,0,0,0,0,27
11663,11663,37,93,742,1588,0,0,0,0,0,0,0,0,27
11664,11664,38,93,758,1588,0,0,0,0,0,0,0,0,27
11665,11665,39,93,774,1588,0,0,0,0,0,0,0,0,27
11666,11666,40,93,790,1588,0,0,0,0,0,0,0,0,27
11667,11667,41,93,806,1588,0,0,0,0,0,0,0,0,27
11668,11668,42,93,822,1588,0,0,0,0,0,0,0,0,20
11669,11669,43,93,838,1588,0,0,0,0,0,0,0,0,20
11670,11670,44,93,854,1588,0,0,0,0,0,0,0,0,21
11671,11671,45,93,870,1588,0,0,0,0,0,0,0,0,21
11672,11672,46,93,886,1588,0,0,0,0,0,0,0,0,21
11673,11673,47,93,902,1588,0,0,0,0,0,0,0,0,21
11674,11674,48,93,918,1588,0,0,0,0,0,0,0,0,21
11675,11675,49,93,934,1588,0,0,0,0,0,0,0,0,21
11676,11676,50,93,950,1588,0,0,0,0,0,0,0,0,21
11677,11677,51,93,966,1588,0,0,0,0,0,0,0,0,21
11678,11678,52,93,982,1588,0,0,0,0,0,0,0,0,21
11679,11679,53,93,998,1588,0,0,0,0,0,0,0,0,21
11680,11680,54,93,1014,1588,0,0,0,0,0,0,0,0,21
11681,11681,55,93,1030,1588,0,0,0,0,0,0,0,0,21
11682,11682,56,93,1046,1588,0,0,0,0,0,0,0,0,21
11683,11683,57,93,1062,1588,0,0,0,0,0,0,0,0,21
11684,11684,58,93,1078,1588,0,0,0,0,0,0,0,0,21
11685,11685,59,93,1094,1588,0,0,0,0,0,0,0,0,21
11686,11686,60,93,1110,1588,0,0,0,0,0,0,0,0,21
11687,11687,61,93,1126,1588,0,0,0,0,0,0,0,0,21
11688,11688,62,93,1142,1588,0,0,0,0,0,0,0,0,21
11689,11689,63,93,1158,1588,0,0,0,0,0,0,0,0,21
11690,11690,64,93,1174,1588,0,0,0,0,0,0,0,0,21
11691,11691,65,93,1190,1588,0,0,0,0,0,0,0,0,21
11692,11692,66,93,1206,1588,0,0,0,0,0,0,0,0,21
11693,11693,67,93,1222,1588,0,0,0,0,0,0,0,0,21
11694,11694,68,93,1238,1588,0,0,0,0,0,0,0,0,21
11695,11695,69,93,1254,1588,0,0,0,0,0,0,0,0,21
11696,11696,70,93,1270,1588,0,0,0,0,0,0,0,0,21
11697,11697,71,93,1286,1588,0,0,0,0,0,0,0,0,21
11698,11698,72,93,1302,1588,0,0,0,0,0,0,0,0,21
11699,11699,73,93,1318,1588,0,0,0,0,0,0,0,0,21
11700,11700,74,93,1334,1588,0,0,0,0,0,0,0,0,21
11701,11701,75,93,1350,1588,0,0,0,0,0,0,0,0,21
11702,11702,76,93,1366,1588,0,0,0,0,0,0,0,0,21
11703,11703,77,93,1382,1588,0,0,0,0,0,0,0,0,21
11704,11704,78,93,1398,1588,0,0,0,0,0,0,0,0,22
11705,11705,79,93,1414,1588,0,0,0,0,0,0,0,0,22
11706,11706,80,93,1430,1588,0,0,0,0,0,0,0,0,22
11707,11707,81,93,1446,1588,0,0,0,0,0,0,0,0,22
11708,11708,82,93,1462,1588,0,0,0,0,0,0,0,0,22
11709,11709,83,93,1478,1588,0,0,0,0,0,0,0,0,22
11710,11710,84,93,1494,1588,0,0,0,0,0,0,0,0,22
11711,11711,85,93,1510,1588,0,0,0,0,0,0,0,0,22
11712,11712,86,93,1526,1588,0,0,0,0,0,0,0,0,22
11713,11713,87,93,1542,1588,0,0,0,0,0,0,0,0,22
11714,11714,88,93,1558,1588,0,0,0,0,0,0,0,0,22
11715,11715,89,93,1574,1588,0,0,0,0,0,0,0,0,22
11716,11716,90,93,1590,1588,0,0,0,0,0,0,0,0,22
11717,11717,91,93,1606,1588,0,0,0,0,0,0,0,0,22
11718,11718,92,93,1622,1588,0,0,0,0,0,0,0,0,22
11719,11719,93,93,1638,1588,0,0,0,0,0,0,0,0,22
11720,11720,94,93,1654,1588,0,0,0,0,0,0,0,0,22
11721,11721,95,93,1670,1588,0,0,0,0,0,0,0,0,22
11722,11722,96,93,1686,1588,0,0,0,0,0,0,0,0,22
11723,11723,97,93,1702,1588,0,0,0,0,0,0,0,0,22
11724,11724,98,93,1718,1588,0,0,0,0,0,0,0,0,22
11725,11725,99,93,1734,1588,0,0,0,0,0,0,0,0,22
11726,11726,100,93,1750,1588,0,0,0,0,0,0,0,0,22
11727,11727,101,93,1766,1588,0,0,0,0,0,0,0,0,22
11728,11728,102,93,1782,1588,0,0,0,0,0,0,0,0,22
11729,11729,103,93,1798,1588,0,0,0,0,0,0,0,0,22
11730,11730,104,93,1814,1588,0,0,0,0,0,0,0,0,22
11731,11731,105,93,1830,1588,0,0,0,0,0,0,0,0,22
11732,11732,106,93,1846,1588,0,0,0,0,0,0,0,0,22
11733,11733,107,93,1862,1588,0,0,0,0,0,0,0,0,22
11734,11734,108,93,1878,1588,0,0,0,0,0,0,0,0,22
11735,11735,109,93,1894,1588,0,0,0,0,0,0,0,0,22
11736,11736,110,93,1910,1588,0,0,0,0,0,0,0,0,22
11737,11737,111,93,1926,1588,0,0,0,0,0,0,0,0,22
11738,11738,112,93,1942,1588,0,0,0,0,0,0,0,0,22
11739,11739,113,93,1958,1588,0,0,0,0,0,0,0,0,22
11740,11740,114,93,1974,1588,0,0,0,0,0,0,0,0,22
11741,11741,115,93,1990,1588,0,0,0,0,0,0,0,0,22
11742,11742,116,93,2006,1588,0,0,0,0,0,0,0,0,22
11743,11743,117,93,2022,1588,0,0,0,0,0,0,0,0,22
11744,11744,118,93,2038,1588,0,0,0,0,0,0,0,0,22
11745,11745,119,93,2054,1588,0,0,0,0,0,0,0,0,22
11746,11746,120,93,2070,1588,0,0,0,0,0,0,0,0,22
11747,11747,121,93,2086,1588,0,0,0,0,0,0,0,0,22
11748,11748,122,93,2102,1588,0,0,0,0,0,0,0,0,22
11749,11749,123,93,2118,1588,0,0,0,0,0,0,0,0,22
11750,11750,124,93,2134,1588,0,0,0,0,0,0,0,0,29
11751,11751,0,94,150,1604,0,0,0,0,0,0,0,0,29
11752,11752,1,94,166,1604,0,0,0,0,0,0,0,0,29
11753,11753,2,94,182,1604,0,0,0,0,0,0,0,0,24
11754,11754,3,94,198,1604,0,0,0,0,0,0,0,0,24
11755,11755,4,94,214,1604,0,0,0,0,0,0,0,0,24
11756,11756,5,94,230,1604,0,0,0,0,0,0,0,0,24
11757,11757,6,94,246,1604,0,0,0,0,0,0,0,0,24
11758,11758,7,94,262,1604,0,0,0,0,0,0,0,0,24
11759,11759,8,94,278,1604,0,0,0,0,0,0,0,0,24
11760,11760,9,94,294,1604,0,0,0,0,0,0,0,0,24
11761,11761,10,94,310,1604,0,0,0,0,0,0,0,0,24
11762,11762,11,94,326,1604,0,0,0,0,0,0,0,0,24
11763,11763,12,94,342,1604,0,0,0,0,0,0,0,0,24
11764,11764,13,94,358,1604,0,0,0,0,0,0,0,0,24
11765,11765,14,94,374,1604,0,0,0,0,0,0,0,0,24
11766,11766,15,94,390,1604,0,0,0,0,0,0,0,0,30
11767,11767,16,94,406,1604,0,0,0,0,0,0,0,0,30
11768,11768,17,94,422,1604,0,0,0,0,0,0,0,0,30
11769,11769,18,94,438,1604,0,0,0,0,0,0,0,0,30
11770,11770,19,94,454,1604,0,0,0,0,0,0,0,0,28
11771,11771,20,94,470,1604,0,0,0,0,0,0,0,0,3
11772,11772,21,94,486,1604,0,0,0,0,0,0,0,0,28
11773,11773,22,94,502,1604,0,0,0,0,0,0,0,0,28
11774,11774,23,94,518,1604,0,0,0,0,0,0,0,0,28
11775,11775,24,94,534,1604,0,0,0,0,0,0,0,0,28
11776,11776,25,94,550,1604,0,0,0,0,0,0,0,0,28
11777,11777,26,94,566,1604,0,0,0,0,0,0,0,0,28
11778,11778,27,94,582,1604,0,0,0,0,0,0,0,0,28
11779,11779,28,94,598,1604,0,0,0,0,0,0,0,0,28
11780,11780,29,94,614,1604,0,0,0,0,0,0,0,0,28
11781,11781,30,94,630,1604,0,0,0,0,0,0,0,0,28
11782,11782,31,94,646,1604,0,0,0,0,0,0,0,0,28
11783,11783,32,94,662,1604,0,0,0,0,0,0,0,0,28
11784,11784,33,94,678,1604,0,0,0,0,0,0,0,0,28
11785,11785,34,94,694,1604,0,0,0,0,0,0,0,0,28
11786,11786,35,94,710,1604,0,0,0,0,0,0,0,0,28
11787,11787,36,94,726,1604,0,0,0,0,0,0,0,0,27
11788,11788,37,94,742,1604,0,0,0,0,0,0,0,0,27
11789,11789,38,94,758,1604,0,0,0,0,0,0,0,0,27
11790,11790,39,94,774,1604,0,0,0,0,0,0,0,0,27
11791,11791,40,94,790,1604,0,0,0,0,0,0,0,0,27
11792,11792,41,94,806,1604,0,0,0,0,0,0,0,0,20
11793,11793,42,94,822,1604,0,0,0,0,0,0,0,0,20
11794,11794,43,94,838,1604,0,0,0,0,0,0,0,0,21
11795,11795,44,94,854,1604,0,0,0,0,0,0,0,0,21
11796,11796,45,94,870,1604,0,0,0,0,0,0,0,0,21
11797,11797,46,94,886,1604,0,0,0,0,0,0,0,0,21
11798,11798,47,94,902,1604,0,0,0,0,0,0,0,0,21
11799,11799,48,94,918,1604,0,0,0,0,0,0,0,0,21
11800,11800,49,94,934,1604,0,0,0,0,0,0,0,0,21
11801,11801,50,94,950,1604,0,0,0,0,0,0,0,0,21
11802,11802,51,94,966,1604,0,0,0,0,0,0,0,0,21
11803,11803,52,94,982,1604,0,0,0,0,0,0,0,0,21
11804,11804,53,94,998,1604,0,0,0,0,0,0,0,0,21
11805,11805,54,94,1014,1604,0,0,0,0,0,0,0,0,21
11806,11806,55,94,1030,1604,0,0,0,0,0,0,0,0,21
11807,11807,56,94,1046,1604,0,0,0,0,0,0,0,0,21
11808,11808,57,94,1062,1604,0,0,0,0,0,0,0,0,21
11809,11809,58,94,1078,1604,0,0,0,0,0,0,0,0,21
11810,11810,59,94,1094,1604,0,0,0,0,0,0,0,0,21
11811,11811,60,94,1110,1604,0,0,0,0,0,0,0,0,21
11812,11812,61,94,1126,1604,0,0,0,0,0,0,0,0,21
11813,11813,62,94,1142,1604,0,0,0,0,0,0,0,0,21
11814,11814,63,94,1158,1604,0,0,0,0,0,0,0,0,21
11815,11815,64,94,1174,1604,0,0,0,0,0,0,0,0,21
11816,11816,65,94,1190,1604,0,0,0,0,0,0,0,0,21
11817,11817,66,94,1206,1604,0,0,0,0,0,0,0,0,21
11818,11818,67,94,1222,1604,0,0,0,0,0,0,0,0,21
11819,11819,68,94,1238,1604,0,0,0,0,0,0,0,0,21
11820,11820,69,94,1254,1604,0,0,0,0,0,0,0,0,21
11821,11821,70,94,1270,1604,0,0,0,0,0,0,0,0,21
11822,11822,71,94,1286,1604,0,0,0,0,0,0,0,0,21
11823,11823,72,94,1302,1604,0,0,0,0,0,0,0,0,21
11824,11824,73,94,1318,1604,0,0,0,0,0,0,0,0,21
11825,11825,74,94,1334,1604,0,0,0,0,0,0,0,0,21
11826,11826,75,94,1350,1604,0,0,0,0,0,0,0,0,21
11827,11827,76,94,1366,1604,0,0,0,0,0,0,0,0,21
11828,11828,77,94,1382,1604,0,0,0,0,0,0,0,0,22
11829,11829,78,94,1398,1604,0,0,0,0,0,0,0,0,22
11830,11830,79,94,1414,1604,0,0,0,0,0,0,0,0,22
11831,11831,80,94,1430,1604,0,0,0,0,0,0,0,0,22
11832,11832,81,94,1446,1604,0,0,0,0,0,0,0,0,22
11833,11833,82,94,1462,1604,0,0,0,0,0,0,0,0,22
11834,11834,83,94,1478,1604,0,0,0,0,0,0,0,0,22
11835,11835,84,94,1494,1604,0,0,0,0,0,0,0,0,22
11836,11836,85,94,1510,1604,0,0,0,0,0,0,0,0,22
11837,11837,86,94,1526,1604,0,0,0,0,0,0,0,0,22
11838,11838,87,94,1542,1604,0,0,0,0,0,0,0,0,22
11839,11839,88,94,1558,1604,0,0,0,0,0,0,0,0,22
11840,11840,89,94,1574,1604,0,0,0,0,0,0,0,0,22
11841,11841,90,94,1590,1604,0,0,0,0,0,0,0,0,22
11842,11842,91,94,1606,1604,0,0,0,0,0,0,0,0,22
11843,11843,92,94,1622,1604,0,0,0,0,0,0,0,0,22
11844,11844,93,94,1638,1604,0,0,0,0,0,0,0,0,22
11845,11845,94,94,1654,1604,0,0,0,0,0,0,0,0,22
11846,11846,95,94,1670,1604,0,0,0,0,0,0,0,0,22
11847,11847,96,94,1686,1604,0,0,0,0,0,0,0,0,22
11848,11848,97,94,1702,1604,0,0,0,0,0,0,0,0,22
11849,11849,98,94,1718,1604,0,0,0,0,0,0,0,0,22
11850,11850,99,94,1734,1604,0,0,0,0,0,0,0,0,22
11851,11851,100,94,1750,1604,0,0,0,0,0,0,0,0,22
11852,11852,101,94,1766,1604,0,0,0,0,0,0,0,0,22
11853,11853,102,94,1782,1604,0,0,0,0,0,0,0,0,22
11854,11854,103,94,1798,1604,0,0,0,0,0,0,0,0,22
11855,11855,104,94,1814,1604,0,0,0,0,0,0,0,0,22
11856,11856,105,94,1830,1604,0,0,0,0,0,0,0,0,22
11857,11857,106,94,1846,1604,0,0,0,0,0,0,0,0,22
11858,11858,107,94,1862,1604,0,0,0,0,0,0,0,0,22
11859,11859,108,94,1878,1604,0,0,0,0,0,0,0,0,22
11860,11860,109,94,1894,1604,0,0,0,0,0,0,0,0,22
11861,11861,110,94,1910,1604,0,0,0,0,0,0,0,0,22
11862,11862,111,94,1926,1604,0,0,0,0,0,0,0,0,22
11863,11863,112,94,1942,1604,0,0,0,0,0,0,0,0,22
11864,11864,113,94,1958,1604,0,0,0,0,0,0,0,0,22
11865,11865,114,94,1974,1604,0,0,0,0,0,0,0,0,22
11866,11866,115,94,1990,1604,0,0,0,0,0,0,0,0,22
11867,11867,116,94,2006,1604,0,0,0,0,0,0,0,0,22
11868,11868,117,94,2022,1604,0,0,0,0,0,0,0,0,22
11869,11869,118,94,2038,1604,0,0,0,0,0,0,0,0,22
11870,11870,119,94,2054,1604,0,0,0,0,0,0,0,0,22
11871,11871,120,94,2070,1604,0,0,0,0,0,0,0,0,22
11872,11872,121,94,2086,1604,0,0,0,0,0,0,0,0,22
11873,11873,122,94,2102,1604,0,0,0,0,0,0,0,0,22
11874,11874,123,94,2118,1604,0,0,0,0,0,0,0,0,22
11875,11875,124,94,2134,1604,0,0,0,0,0,0,0,0,29
11876,11876,0,95,150,1620,0,0,0,0,0,0,0,0,29
11877,11877,1,95,166,1620,0,0,0,0,0,0,0,0,29
11878,11878,2,95,182,1620,0,0,0,0,0,0,0,0,29
11879,11879,3,95,198,1620,0,0,0,0,0,0,0,0,24
11880,11880,4,95,214,1620,0,0,0,0,0,0,0,0,24
11881,11881,5,95,230,1620,0,0,0,0,0,0,0,0,24
11882,11882,6,95,246,1620,0,0,0,0,0,0,0,0,24
11883,11883,7,95,262,1620,0,0,0,0,0,0,0,0,24
11884,11884,8,95,278,1620,0,0,0,0,0,0,0,0,24
11885,11885,9,95,294,1620,0,0,0,0,0,0,0,0,24
11886,11886,10,95,310,1620,0,0,0,0,0,0,0,0,24
11887,11887,11,95,326,1620,0,0,0,0,0,0,0,0,24
11888,11888,12,95,342,1620,0,0,0,0,0,0,0,0,24
11889,11889,13,95,358,1620,0,0,0,0,0,0,0,0,24
11890,11890,14,95,374,1620,0,0,0,0,0,0,0,0,24
11891,11891,15,95,390,1620,0,0,0,0,0,0,0,0,30
11892,11892,16,95,406,1620,0,0,0,0,0,0,0,0,30
11893,11893,17,95,422,1620,0,0,0,0,0,0,0,0,30
11894,11894,18,95,438,1620,0,0,0,0,0,0,0,0,30
11895,11895,19,95,454,1620,0,0,0,0,0,0,0,0,28
11896,11896,20,95,470,1620,0,0,0,0,0,0,0,0,28
11897,11897,21,95,486,1620,0,0,0,0,0,0,0,0,3
11898,11898,22,95,502,1620,0,0,0,0,0,0,0,0,28
11899,11899,23,95,518,1620,0,0,0,0,0,0,0,0,28
11900,11900,24,95,534,1620,0,0,0,0,0,0,0,0,28
11901,11901,25,95,550,1620,0,0,0,0,0,0,0,0,28
11902,11902,26,95,566,1620,0,0,0,0,0,0,0,0,28
11903,11903,27,95,582,1620,0,0,0,0,0,0,0,0,28
11904,11904,28,95,598,1620,0,0,0,0,0,0,0,0,28
11905,11905,29,95,614,1620,0,0,0,0,0,0,0,0,28
11906,11906,30,95,630,1620,0,0,0,0,0,0,0,0,28
11907,11907,31,95,646,1620,0,0,0,0,0,0,0,0,28
11908,11908,32,95,662,1620,0,0,0,0,0,0,0,0,28
11909,11909,33,95,678,1620,0,0,0,0,0,0,0,0,28
11910,11910,34,95,694,1620,0,0,0,0,0,0,0,0,28
11911,11911,35,95,710,1620,0,0,0,0,0,0,0,0,28
11912,11912,36,95,726,1620,0,0,0,0,0,0,0,0,28
11913,11913,37,95,742,1620,0,0,0,0,0,0,0,0,27
11914,11914,38,95,758,1620,0,0,0,0,0,0,0,0,27
11915,11915,39,95,774,1620,0,0,0,0,0,0,0,0,27
11916,11916,40,95,790,1620,0,0,0,0,0,0,0,0,27
11917,11917,41,95,806,1620,0,0,0,0,0,0,0,0,21
11918,11918,42,95,822,1620,0,0,0,0,0,0,0,0,21
11919,11919,43,95,838,1620,0,0,0,0,0,0,0,0,21
11920,11920,44,95,854,1620,0,0,0,0,0,0,0,0,21
11921,11921,45,95,870,1620,0,0,0,0,0,0,0,0,21
11922,11922,46,95,886,1620,0,0,0,0,0,0,0,0,21
11923,11923,47,95,902,1620,0,0,0,0,0,0,0,0,21
11924,11924,48,95,918,1620,0,0,0,0,0,0,0,0,21
11925,11925,49,95,934,1620,0,0,0,0,0,0,0,0,21
11926,11926,50,95,950,1620,0,0,0,0,0,0,0,0,21
11927,11927,51,95,966,1620,0,0,0,0,0,0,0,0,21
11928,11928,52,95,982,1620,0,0,0,0,0,0,0,0,21
11929,11929,53,95,998,1620,0,0,0,0,0,0,0,0,21
11930,11930,54,95,1014,1620,0,0,0,0,0,0,0,0,21
11931,11931,55,95,1030,1620,0,0,0,0,0,0,0,0,21
11932,11932,56,95,1046,1620,0,0,0,0,0,0,0,0,21
11933,11933,57,95,1062,1620,0,0,0,0,0,0,0,0,21
11934,11934,58,95,1078,1620,0,0,0,0,0,0,0,0,21
11935,11935,59,95,1094,1620,0,0,0,0,0,0,0,0,21
11936,11936,60,95,1110,1620,0,0,0,0,0,0,0,0,21
11937,11937,61,95,1126,1620,0,0,0,0,0,0,0,0,21
11938,11938,62,95,1142,1620,0,0,0,0,0,0,0,0,21
11939,11939,63,95,1158,1620,0,0,0,0,0,0,0,0,21
11940,11940,64,95,1174,1620,0,0,0,0,0,0,0,0,21
11941,11941,65,95,1190,1620,0,0,0,0,0,0,0,0,21
11942,11942,66,95,1206,1620,0,0,0,0,0,0,0,0,21
11943,11943,67,95,1222,1620,0,0,0,0,0,0,0,0,21
11944,11944,68,95,1238,1620,0,0,0,0,0,0,0,0,21
11945,11945,69,95,1254,1620,0,0,0,0,0,0,0,0,21
11946,11946,70,95,1270,1620,0,0,0,0,0,0,0,0,21
11947,11947,71,95,1286,1620,0,0,0,0,0,0,0,0,21
11948,11948,72,95,1302,1620,0,0,0,0,0,0,0,0,21
11949,11949,73,95,1318,1620,0,0,0,0,0,0,0,0,21
11950,11950,74,95,1334,1620,0,0,0,0,0,0,0,0,21
11951,11951,75,95,1350,1620,0,0,0,0,0,0,0,0,22
11952,11952,76,95,1366,1620,0,0,0,0,0,0,0,0,22
11953,11953,77,95,1382,1620,0,0,0,0,0,0,0,0,22
11954,11954,78,95,1398,1620,0,0,0,0,0,0,0,0,22
11955,11955,79,95,1414,1620,0,0,0,0,0,0,0,0,22
11956,11956,80,95,1430,1620,0,0,0,0,0,0,0,0,22
11957,11957,81,95,1446,1620,0,0,0,0,0,0,0,0,22
11958,11958,82,95,1462,1620,0,0,0,0,0,0,0,0,22
11959,11959,83,95,1478,1620,0,0,0,0,0,0,0,0,22
11960,11960,84,95,1494,1620,0,0,0,0,0,0,0,0,22
11961,11961,85,95,1510,1620,0,0,0,0,0,0,0,0,22
11962,11962,86,95,1526,1620,0,0,0,0,0,0,0,0,22
11963,11963,87,95,1542,1620,0,0,0,0,0,0,0,0,22
11964,11964,88,95,1558,1620,0,0,0,0,0,0,0,0,22
11965,11965,89,95,1574,1620,0,0,0,0,0,0,0,0,22
11966,11966,90,95,1590,1620,0,0,0,0,0,0,0,0,22
11967,11967,91,95,1606,1620,0,0,0,0,0,0,0,0,22
11968,11968,92,95,1622,1620,0,0,0,0,0,0,0,0,22
11969,11969,93,95,1638,1620,0,0,0,0,0,0,0,0,22
11970,11970,94,95,1654,1620,0,0,0,0,0,0,0,0,22
11971,11971,95,95,1670,1620,0,0,0,0,0,0,0,0,22
11972,11972,96,95,1686,1620,0,0,0,0,0,0,0,0,22
11973,11973,97,95,1702,1620,0,0,0,0,0,0,0,0,22
11974,11974,98,95,1718,1620,0,0,0,0,0,0,0,0,22
11975,11975,99,95,1734,1620,0,0,0,0,0,0,0,0,22
11976,11976,100,95,1750,1620,0,0,0,0,0,0,0,0,22
11977,11977,101,95,1766,1620,0,0,0,0,0,0,0,0,22
11978,11978,102,95,1782,1620,0,0,0,0,0,0,0,0,22
11979,11979,103,95,1798,1620,0,0,0,0,0,0,0,0,22
11980,11980,104,95,1814,1620,0,0,0,0,0,0,0,0,22
11981,11981,105,95,1830,1620,0,0,0,0,0,0,0,0,22
11982,11982,106,95,1846,1620,0,0,0,0,0,0,0,0,22
11983,11983,107,95,1862,1620,0,0,0,0,0,0,0,0,22
11984,11984,108,95,1878,1620,0,0,0,0,0,0,0,0,22
11985,11985,109,95,1894,1620,0,0,0,0,0,0,0,0,22
11986,11986,110,95,1910,1620,0,0,0,0,0,0,0,0,22
11987,11987,111,95,1926,1620,0,0,0,0,0,0,0,0,22
11988,11988,112,95,1942,1620,0,0,0,0,0,0,0,0,22
11989,11989,113,95,1958,1620,0,0,0,0,0,0,0,0,22
11990,11990,114,95,1974,1620,0,0,0,0,0,0,0,0,22
11991,11991,115,95,1990,1620,0,0,0,0,0,0,0,0,22
11992,11992,116,95,2006,1620,0,0,0,0,0,0,0,0,22
11993,11993,117,95,2022,1620,0,0,0,0,0,0,0,0,22
11994,11994,118,95,2038,1620,0,0,0,0,0,0,0,0,22
11995,11995,119,95,2054,1620,0,0,0,0,0,0,0,0,22
11996,11996,120,95,2070,1620,0,0,0,0,0,0,0,0,22
11997,11997,121,95,2086,1620,0,0,0,0,0,0,0,0,22
11998,11998,122,95,2102,1620,0,0,0,0,0,0,0,0,22
11999,11999,123,95,2118,1620,0,0,0,0,0,0,0,0,22
12000,12000,124,95,2134,1620,0,0,0,0,0,0,0,0,29
12001,12001,0,96,150,1636,0,0,0,0,0,0,0,0,29
12002,12002,1,96,166,1636,0,0,0,0,0,0,0,0,29
12003,12003,2,96,182,1636,0,0,0,0,0,0,0,0,29
12004,12004,3,96,198,1636,0,0,0,0,0,0,0,0,29
12005,12005,4,96,214,1636,0,0,0,0,0,0,0,0,24
12006,12006,5,96,230,1636,0,0,0,0,0,0,0,0,24
12007,12007,6,96,246,1636,0,0,0,0,0,0,0,0,24
12008,12008,7,96,262,1636,0,0,0,0,0,0,0,0,24
12009,12009,8,96,278,1636,0,0,0,0,0,0,0,0,24
12010,12010,9,96,294,1636,0,0,0,0,0,0,0,0,24
12011,12011,10,96,310,1636,0,0,0,0,0,0,0,0,24
12012,12012,11,96,326,1636,0,0,0,0,0,0,0,0,24
12013,12013,12,96,342,1636,0,0,0,0,0,0,0,0,24
12014,12014,13,96,358,1636,0,0,0,0,0,0,0,0,24
12015,12015,14,96,374,1636,0,0,0,0,0,0,0,0,24
12016,12016,15,96,390,1636,0,0,0,0,0,0,0,0,24
12017,12017,16,96,406,1636,0,0,0,0,0,0,0,0,30
12018,12018,17,96,422,1636,0,0,0,0,0,0,0,0,30
12019,12019,18,96,438,1636,0,0,0,0,0,0,0,0,30
12020,12020,19,96,454,1636,0,0,0,0,0,0,0,0,28
12021,12021,20,96,470,1636,0,0,0,0,0,0,0,0,28
12022,12022,21,96,486,1636,0,0,0,0,0,0,0,0,3
12023,12023,22,96,502,1636,0,0,0,0,0,0,0,0,28
12024,12024,23,96,518,1636,0,0,0,0,0,0,0,0,28
12025,12025,24,96,534,1636,0,0,0,0,0,0,0,0,28
12026,12026,25,96,550,1636,0,0,0,0,0,0,0,0,28
12027,12027,26,96,566,1636,0,0,0,0,0,0,0,0,28
12028,12028,27,96,582,1636,0,0,0,0,0,0,0,0,28
12029,12029,28,96,598,1636,0,0,0,0,0,0,0,0,28
12030,12030,29,96,614,1636,0,0,0,0,0,0,0,0,28
12031,12031,30,96,630,1636,0,0,0,0,0,0,0,0,28
12032,12032,31,96,646,1636,0,0,0,0,0,0,0,0,28
12033,12033,32,96,662,1636,0,0,0,0,0,0,0,0,28
12034,12034,33,96,678,1636,0,0,0,0,0,0,0,0,28
12035,12035,34,96,694,1636,0,0,0,0,0,0,0,0,28
12036,12036,35,96,710,1636,0,0,0,0,0,0,0,0,28
12037,12037,36,96,726,1636,0,0,0,0,0,0,0,0,28
12038,12038,37,96,742,1636,0,0,0,0,0,0,0,0,28
12039,12039,38,96,758,1636,0,0,0,0,0,0,0,0,27
12040,12040,39,96,774,1636,0,0,0,0,0,0,0,0,27
12041,12041,40,96,790,1636,0,0,0,0,0,0,0,0,21
12042,12042,41,96,806,1636,0,0,0,0,0,0,0,0,21
12043,12043,42,96,822,1636,0,0,0,0,0,0,0,0,21
12044,12044,43,96,838,1636,0,0,0,0,0,0,0,0,21
12045,12045,44,96,854,1636,0,0,0,0,0,0,0,0,21
12046,12046,45,96,870,1636,0,0,0,0,0,0,0,0,21
12047,12047,46,96,886,1636,0,0,0,0,0,0,0,0,21
12048,12048,47,96,902,1636,0,0,0,0,0,0,0,0,21
12049,12049,48,96,918,1636,0,0,0,0,0,0,0,0,21
12050,12050,49,96,934,1636,0,0,0,0,0,0,0,0,21
12051,12051,50,96,950,1636,0,0,0,0,0,0,0,0,21
12052,12052,51,96,966,1636,0,0,0,0,0,0,0,0,21
12053,12053,52,96,982,1636,0,0,0,0,0,0,0,0,21
12054,12054,53,96,998,1636,0,0,0,0,0,0,0,0,21
12055,12055,54,96,1014,1636,0,0,0,0,0,0,0,0,21
12056,12056,55,96,1030,1636,0,0,0,0,0,0,0,0,21
12057,12057,56,96,1046,1636,0,0,0,0,0,0,0,0,21
12058,12058,57,96,1062,1636,0,0,0,0,0,0,0,0,21
12059,12059,58,96,1078,1636,0,0,0,0,0,0,0,0,21
12060,12060,59,96,1094,1636,0,0,0,0,0,0,0,0,21
12061,12061,60,96,1110,1636,0,0,0,0,0,0,0,0,21
12062,12062,61,96,1126,1636,0,0,0,0,0,0,0,0,21
12063,12063,62,96,1142,1636,0,0,0,0,0,0,0,0,21
12064,12064,63,96,1158,1636,0,0,0,0,0,0,0,0,21
12065,12065,64,96,1174,1636,0,0,0,0,0,0,0,0,21
12066,12066,65,96,1190,1636,0,0,0,0,0,0,0,0,21
12067,12067,66,96,1206,1636,0,0,0,0,0,0,0,0,21
12068,12068,67,96,1222,1636,0,0,0,0,0,0,0,0,21
12069,12069,68,96,1238,1636,0,0,0,0,0,0,0,0,21
12070,12070,69,96,1254,1636,0,0,0,0,0,0,0,0,21
12071,12071,70,96,1270,1636,0,0,0,0,0,0,0,0,21
12072,12072,71,96,1286,1636,0,0,0,0,0,0,0,0,21
12073,12073,72,96,1302,1636,0,0,0,0,0,0,0,0,21
12074,12074,73,96,1318,1636,0,0,0,0,0,0,0,0,21
12075,12075,74,96,1334,1636,0,0,0,0,0,0,0,0,22
12076,12076,75,96,1350,1636,0,0,0,0,0,0,0,0,22
12077,12077,76,96,1366,1636,0,0,0,0,0,0,0,0,22
12078,12078,77,96,1382,1636,0,0,0,0,0,0,0,0,22
12079,12079,78,96,1398,1636,0,0,0,0,0,0,0,0,22
12080,12080,79,96,1414,1636,0,0,0,0,0,0,0,0,22
12081,12081,80,96,1430,1636,0,0,0,0,0,0,0,0,22
12082,12082,81,96,1446,1636,0,0,0,0,0,0,0,0,22
12083,12083,82,96,1462,1636,0,0,0,0,0,0,0,0,22
12084,12084,83,96,1478,1636,0,0,0,0,0,0,0,0,22
12085,12085,84,96,1494,1636,0,0,0,0,0,0,0,0,22
12086,12086,85,96,1510,1636,0,0,0,0,0,0,0,0,22
12087,12087,86,96,1526,1636,0,0,0,0,0,0,0,0,22
12088,12088,87,96,1542,1636,0,0,0,0,0,0,0,0,22
12089,12089,88,96,1558,1636,0,0,0,0,0,0,0,0,22
12090,12090,89,96,1574,1636,0,0,0,0,0,0,0,0,22
12091,12091,90,96,1590,1636,0,0,0,0,0,0,0,0,22
12092,12092,91,96,1606,1636,0,0,0,0,0,0,0,0,22
12093,12093,92,96,1622,1636,0,0,0,0,0,0,0,0,22
12094,12094,93,96,1638,1636,0,0,0,0,0,0,0,0,22
12095,12095,94,96,1654,1636,0,0,0,0,0,0,0,0,22
12096,12096,95,96,1670,1636,0,0,0,0,0,0,0,0,22
12097,12097,96,96,1686,1636,0,0,0,0,0,0,0,0,22
12098,12098,97,96,1702,1636,0,0,0,0,0,0,0,0,22
12099,12099,98,96,1718,1636,0,0,0,0,0,0,0,0,22
12100,12100,99,96,1734,1636,0,0,0,0,0,0,0,0,22
12101,12101,100,96,1750,1636,0,0,0,0,0,0,0,0,22
12102,12102,101,96,1766,1636,0,0,0,0,0,0,0,0,22
12103,12103,102,96,1782,1636,0,0,0,0,0,0,0,0,22
12104,12104,103,96,1798,1636,0,0,0,0,0,0,0,0,22
12105,12105,104,96,1814,1636,0,0,0,0,0,0,0,0,22
12106,12106,105,96,1830,1636,0,0,0,0,0,0,0,0,22
12107,12107,106,96,1846,1636,0,0,0,0,0,0,0,0,22
12108,12108,107,96,1862,1636,0,0,0,0,0,0,0,0,22
12109,12109,108,96,1878,1636,0,0,0,0,0,0,0,0,22
12110,12110,109,96,1894,1636,0,0,0,0,0,0,0,0,22
12111,12111,110,96,1910,1636,0,0,0,0,0,0,0,0,22
12112,12112,111,96,1926,1636,0,0,0,0,0,0,0,0,22
12113,12113,112,96,1942,1636,0,0,0,0,0,0,0,0,22
12114,12114,113,96,1958,1636,0,0,0,0,0,0,0,0,22
12115,12115,114,96,1974,1636,0,0,0,0,0,0,0,0,22
12116,12116,115,96,1990,1636,0,0,0,0,0,0,0,0,22
12117,12117,116,96,2006,1636,0,0,0,0,0,0,0,0,22
12118,12118,117,96,2022,1636,0,0,0,0,0,0,0,0,22
12119,12119,118,96,2038,1636,0,0,0,0,0,0,0,0,22
12120,12120,119,96,2054,1636,0,0,0,0,0,0,0,0,22
12121,12121,120,96,2070,1636,0,0,0,0,0,0,0,0,22
12122,12122,121,96,2086,1636,0,0,0,0,0,0,0,0,22
12123,12123,122,96,2102,1636,0,0,0,0,0,0,0,0,22
12124,12124,123,96,2118,1636,0,0,0,0,0,0,0,0,22
12125,12125,124,96,2134,1636,0,0,0,0,0,0,0,0,29
12126,12126,0,97,150,1652,0,0,0,0,0,0,0,0,29
12127,12127,1,97,166,1652,0,0,0,0,0,0,0,0,29
12128,12128,2,97,182,1652,0,0,0,0,0,0,0,0,29
12129,12129,3,97,198,1652,0,0,0,0,0,0,0,0,29
12130,12130,4,97,214,1652,0,0,0,0,0,0,0,0,24
12131,12131,5,97,230,1652,0,0,0,0,0,0,0,0,24
12132,12132,6,97,246,1652,0,0,0,0,0,0,0,0,24
12133,12133,7,97,262,1652,0,0,0,0,0,0,0,0,24
12134,12134,8,97,278,1652,0,0,0,0,0,0,0,0,24
12135,12135,9,97,294,1652,0,0,0,0,0,0,0,0,24
12136,12136,10,97,310,1652,0,0,0,0,0,0,0,0,24
12137,12137,11,97,326,1652,0,0,0,0,0,0,0,0,24
12138,12138,12,97,342,1652,0,0,0,0,0,0,0,0,24
12139,12139,13,97,358,1652,0,0,0,0,0,0,0,0,24
12140,12140,14,97,374,1652,0,0,0,0,0,0,0,0,24
12141,12141,15,97,390,1652,0,0,0,0,0,0,0,0,24
12142,12142,16,97,406,1652,0,0,0,0,0,0,0,0,30
12143,12143,17,97,422,1652,0,0,0,0,0,0,0,0,30
12144,12144,18,97,438,1652,0,0,0,0,0,0,0,0,30
12145,12145,19,97,454,1652,0,0,0,0,0,0,0,0,28
12146,12146,20,97,470,1652,0,0,0,0,0,0,0,0,28
12147,12147,21,97,486,1652,0,0,0,0,0,0,0,0,3
12148,12148,22,97,502,1652,0,0,0,0,0,0,0,0,28
12149,12149,23,97,518,1652,0,0,0,0,0,0,0,0,28
12150,12150,24,97,534,1652,0,0,0,0,0,0,0,0,28
12151,12151,25,97,550,1652,0,0,0,0,0,0,0,0,28
12152,12152,26,97,566,1652,0,0,0,0,0,0,0,0,28
12153,12153,27,97,582,1652,0,0,0,0,0,0,0,0,28
12154,12154,28,97,598,1652,0,0,0,0,0,0,0,0,28
12155,12155,29,97,614,1652,0,0,0,0,0,0,0,0,28
12156,12156,30,97,630,1652,0,0,0,0,0,0,0,0,28
12157,12157,31,97,646,1652,0,0,0,0,0,0,0,0,28
12158,12158,32,97,662,1652,0,0,0,0,0,0,0,0,28
12159,12159,33,97,678,1652,0,0,0,0,0,0,0,0,28
12160,12160,34,97,694,1652,0,0,0,0,0,0,0,0,28
12161,12161,35,97,710,1652,0,0,0,0,0,0,0,0,28
12162,12162,36,97,726,1652,0,0,0,0,0,0,0,0,28
12163,12163,37,97,742,1652,0,0,0,0,0,0,0,0,28
12164,12164,38,97,758,1652,0,0,0,0,0,0,0,0,28
12165,12165,39,97,774,1652,0,0,0,0,0,0,0,0,3
12166,12166,40,97,790,1652,0,0,0,0,0,0,0,0,21
12167,12167,41,97,806,1652,0,0,0,0,0,0,0,0,21
12168,12168,42,97,822,1652,0,0,0,0,0,0,0,0,21
12169,12169,43,97,838,1652,0,0,0,0,0,0,0,0,21
12170,12170,44,97,854,1652,0,0,0,0,0,0,0,0,21
12171,12171,45,97,870,1652,0,0,0,0,0,0,0,0,21
12172,12172,46,97,886,1652,0,0,0,0,0,0,0,0,21
12173,12173,47,97,902,1652,0,0,0,0,0,0,0,0,21
12174,12174,48,97,918,1652,0,0,0,0,0,0,0,0,21
12175,12175,49,97,934,1652,0,0,0,0,0,0,0,0,21
12176,12176,50,97,950,1652,0,0,0,0,0,0,0,0,21
12177,12177,51,97,966,1652,0,0,0,0,0,0,0,0,21
12178,12178,52,97,982,1652,0,0,0,0,0,0,0,0,21
12179,12179,53,97,998,1652,0,0,0,0,0,0,0,0,21
12180,12180,54,97,1014,1652,0,0,0,0,0,0,0,0,21
12181,12181,55,97,1030,1652,0,0,0,0,0,0,0,0,21
12182,12182,56,97,1046,1652,0,0,0,0,0,0,0,0,21
12183,12183,57,97,1062,1652,0,0,0,0,0,0,0,0,21
12184,12184,58,97,1078,1652,0,0,0,0,0,0,0,0,21
12185,12185,59,97,1094,1652,0,0,0,0,0,0,0,0,21
12186,12186,60,97,1110,1652,0,0,0,0,0,0,0,0,21
12187,12187,61,97,1126,1652,0,0,0,0,0,0,0,0,21
12188,12188,62,97,1142,1652,0,0,0,0,0,0,0,0,21
12189,12189,63,97,1158,1652,0,0,0,0,0,0,0,0,21
12190,12190,64,97,1174,1652,0,0,0,0,0,0,0,0,21
12191,12191,65,97,1190,1652,0,0,0,0,0,0,0,0,21
12192,12192,66,97,1206,1652,0,0,0,0,0,0,0,0,21
12193,12193,67,97,1222,1652,0,0,0,0,0,0,0,0,21
12194,12194,68,97,1238,1652,0,0,0,0,0,0,0,0,21
12195,12195,69,97,1254,1652,0,0,0,0,0,0,0,0,21
12196,12196,70,97,1270,1652,0,0,0,0,0,0,0,0,21
12197,12197,71,97,1286,1652,0,0,0,0,0,0,0,0,21
12198,12198,72,97,1302,1652,0,0,0,0,0,0,0,0,21
12199,12199,73,97,1318,1652,0,0,0,0,0,0,0,0,22
12200,12200,74,97,1334,1652,0,0,0,0,0,0,0,0,22
12201,12201,75,97,1350,1652,0,0,0,0,0,0,0,0,22
12202,12202,76,97,1366,1652,0,0,0,0,0,0,0,0,22
12203,12203,77,97,1382,1652,0,0,0,0,0,0,0,0,22
12204,12204,78,97,1398,1652,0,0,0,0,0,0,0,0,22
12205,12205,79,97,1414,1652,0,0,0,0,0,0,0,0,22
12206,12206,80,97,1430,1652,0,0,0,0,0,0,0,0,22
12207,12207,81,97,1446,1652,0,0,0,0,0,0,0,0,22
12208,12208,82,97,1462,1652,0,0,0,0,0,0,0,0,22
12209,12209,83,97,1478,1652,0,0,0,0,0,0,0,0,22
12210,12210,84,97,1494,1652,0,0,0,0,0,0,0,0,22
12211,12211,85,97,1510,1652,0,0,0,0,0,0,0,0,22
12212,12212,86,97,1526,1652,0,0,0,0,0,0,0,0,22
12213,12213,87,97,1542,1652,0,0,0,0,0,0,0,0,22
12214,12214,88,97,1558,1652,0,0,0,0,0,0,0,0,22
12215,12215,89,97,1574,1652,0,0,0,0,0,0,0,0,22
12216,12216,90,97,1590,1652,0,0,0,0,0,0,0,0,22
12217,12217,91,97,1606,1652,0,0,0,0,0,0,0,0,22
12218,12218,92,97,1622,1652,0,0,0,0,0,0,0,0,22
12219,12219,93,97,1638,1652,0,0,0,0,0,0,0,0,22
12220,12220,94,97,1654,1652,0,0,0,0,0,0,0,0,22
12221,12221,95,97,1670,1652,0,0,0,0,0,0,0,0,22
12222,12222,96,97,1686,1652,0,0,0,0,0,0,0,0,22
12223,12223,97,97,1702,1652,0,0,0,0,0,0,0,0,22
12224,12224,98,97,1718,1652,0,0,0,0,0,0,0,0,22
12225,12225,99,97,1734,1652,0,0,0,0,0,0,0,0,22
12226,12226,100,97,1750,1652,0,0,0,0,0,0,0,0,22
12227,12227,101,97,1766,1652,0,0,0,0,0,0,0,0,22
12228,12228,102,97,1782,1652,0,0,0,0,0,0,0,0,22
12229,12229,103,97,1798,1652,0,0,0,0,0,0,0,0,22
12230,12230,104,97,1814,1652,0,0,0,0,0,0,0,0,22
12231,12231,105,97,1830,1652,0,0,0,0,0,0,0,0,22
12232,12232,106,97,1846,1652,0,0,0,0,0,0,0,0,22
12233,12233,107,97,1862,1652,0,0,0,0,0,0,0,0,22
12234,12234,108,97,1878,1652,0,0,0,0,0,0,0,0,22
12235,12235,109,97,1894,1652,0,0,0,0,0,0,0,0,22
12236,12236,110,97,1910,1652,0,0,0,0,0,0,0,0,22
12237,12237,111,97,1926,1652,0,0,0,0,0,0,0,0,22
12238,12238,112,97,1942,1652,0,0,0,0,0,0,0,0,22
12239,12239,113,97,1958,1652,0,0,0,0,0,0,0,0,22
12240,12240,114,97,1974,1652,0,0,0,0,0,0,0,0,22
12241,12241,115,97,1990,1652,0,0,0,0,0,0,0,0,22
12242,12242,116,97,2006,1652,0,0,0,0,0,0,0,0,22
12243,12243,117,97,2022,1652,0,0,0,0,0,0,0,0,22
12244,12244,118,97,2038,1652,0,0,0,0,0,0,0,0,22
12245,12245,119,97,2054,1652,0,0,0,0,0,0,0,0,22
12246,12246,120,97,2070,1652,0,0,0,0,0,0,0,0,22
12247,12247,121,97,2086,1652,0,0,0,0,0,0,0,0,22
12248,12248,122,97,2102,1652,0,0,0,0,0,0,0,0,22
12249,12249,123,97,2118,1652,0,0,0,0,0,0,0,0,22
12250,12250,124,97,2134,1652,0,0,0,0,0,0,0,0,29
12251,12251,0,98,150,1668,0,0,0,0,0,0,0,0,29
12252,12252,1,98,166,1668,0,0,0,0,0,0,0,0,29
12253,12253,2,98,182,1668,0,0,0,0,0,0,0,0,29
12254,12254,3,98,198,1668,0,0,0,0,0,0,0,0,29
12255,12255,4,98,214,1668,0,0,0,0,0,0,0,0,29
12256,12256,5,98,230,1668,0,0,0,0,0,0,0,0,24
12257,12257,6,98,246,1668,0,0,0,0,0,0,0,0,24
12258,12258,7,98,262,1668,0,0,0,0,0,0,0,0,24
12259,12259,8,98,278,1668,0,0,0,0,0,0,0,0,24
12260,12260,9,98,294,1668,0,0,0,0,0,0,0,0,24
12261,12261,10,98,310,1668,0,0,0,0,0,0,0,0,24
12262,12262,11,98,326,1668,0,0,0,0,0,0,0,0,24
12263,12263,12,98,342,1668,0,0,0,0,0,0,0,0,24
12264,12264,13,98,358,1668,0,0,0,0,0,0,0,0,24
12265,12265,14,98,374,1668,0,0,0,0,0,0,0,0,24
12266,12266,15,98,390,1668,0,0,0,0,0,0,0,0,30
12267,12267,16,98,406,1668,0,0,0,0,0,0,0,0,30
12268,12268,17,98,422,1668,0,0,0,0,0,0,0,0,30
12269,12269,18,98,438,1668,0,0,0,0,0,0,0,0,30
12270,12270,19,98,454,1668,0,0,0,0,0,0,0,0,28
12271,12271,20,98,470,1668,0,0,0,0,0,0,0,0,28
12272,12272,21,98,486,1668,0,0,0,0,0,0,0,0,3
12273,12273,22,98,502,1668,0,0,0,0,0,0,0,0,28
12274,12274,23,98,518,1668,0,0,0,0,0,0,0,0,28
12275,12275,24,98,534,1668,0,0,0,0,0,0,0,0,28
12276,12276,25,98,550,1668,0,0,0,0,0,0,0,0,28
12277,12277,26,98,566,1668,0,0,0,0,0,0,0,0,28
12278,12278,27,98,582,1668,0,0,0,0,0,0,0,0,28
12279,12279,28,98,598,1668,0,0,0,0,0,0,0,0,28
12280,12280,29,98,614,1668,0,0,0,0,0,0,0,0,28
12281,12281,30,98,630,1668,0,0,0,0,0,0,0,0,28
12282,12282,31,98,646,1668,0,0,0,0,0,0,0,0,28
12283,12283,32,98,662,1668,0,0,0,0,0,0,0,0,28
12284,12284,33,98,678,1668,0,0,0,0,0,0,0,0,28
12285,12285,34,98,694,1668,0,0,0,0,0,0,0,0,28
12286,12286,35,98,710,1668,0,0,0,0,0,0,0,0,28
12287,12287,36,98,726,1668,0,0,0,0,0,0,0,0,28
12288,12288,37,98,742,1668,0,0,0,0,0,0,0,0,28
12289,12289,38,98,758,1668,0,0,0,0,0,0,0,0,31
12290,12290,39,98,774,1668,0,0,0,0,0,0,0,0,31
12291,12291,40,98,790,1668,0,0,0,0,0,0,0,0,21
12292,12292,41,98,806,1668,0,0,0,0,0,0,0,0,21
12293,12293,42,98,822,1668,0,0,0,0,0,0,0,0,21
12294,12294,43,98,838,1668,0,0,0,0,0,0,0,0,21
12295,12295,44,98,854,1668,0,0,0,0,0,0,0,0,21
12296,12296,45,98,870,1668,0,0,0,0,0,0,0,0,21
12297,12297,46,98,886,1668,0,0,0,0,0,0,0,0,21
12298,12298,47,98,902,1668,0,0,0,0,0,0,0,0,21
12299,12299,48,98,918,1668,0,0,0,0,0,0,0,0,21
12300,12300,49,98,934,1668,0,0,0,0,0,0,0,0,21
12301,12301,50,98,950,1668,0,0,0,0,0,0,0,0,21
12302,12302,51,98,966,1668,0,0,0,0,0,0,0,0,21
12303,12303,52,98,982,1668,0,0,0,0,0,0,0,0,21
12304,12304,53,98,998,1668,0,0,0,0,0,0,0,0,21
12305,12305,54,98,1014,1668,0,0,0,0,0,0,0,0,21
12306,12306,55,98,1030,1668,0,0,0,0,0,0,0,0,21
12307,12307,56,98,1046,1668,0,0,0,0,0,0,0,0,21
12308,12308,57,98,1062,1668,0,0,0,0,0,0,0,0,21
12309,12309,58,98,1078,1668,0,0,0,0,0,0,0,0,21
12310,12310,59,98,1094,1668,0,0,0,0,0,0,0,0,21
12311,12311,60,98,1110,1668,0,0,0,0,0,0,0,0,21
12312,12312,61,98,1126,1668,0,0,0,0,0,0,0,0,21
12313,12313,62,98,1142,1668,0,0,0,0,0,0,0,0,21
12314,12314,63,98,1158,1668,0,0,0,0,0,0,0,0,21
12315,12315,64,98,1174,1668,0,0,0,0,0,0,0,0,21
12316,12316,65,98,1190,1668,0,0,0,0,0,0,0,0,21
12317,12317,66,98,1206,1668,0,0,0,0,0,0,0,0,21
12318,12318,67,98,1222,1668,0,0,0,0,0,0,0,0,21
12319,12319,68,98,1238,1668,0,0,0,0,0,0,0,0,21
12320,12320,69,98,1254,1668,0,0,0,0,0,0,0,0,21
12321,12321,70,98,1270,1668,0,0,0,0,0,0,0,0,21
12322,12322,71,98,1286,1668,0,0,0,0,0,0,0,0,21
12323,12323,72,98,1302,1668,0,0,0,0,0,0,0,0,21
12324,12324,73,98,1318,1668,0,0,0,0,0,0,0,0,22
12325,12325,74,98,1334,1668,0,0,0,0,0,0,0,0,22
12326,12326,75,98,1350,1668,0,0,0,0,0,0,0,0,22
12327,12327,76,98,1366,1668,0,0,0,0,0,0,0,0,22
12328,12328,77,98,1382,1668,0,0,0,0,0,0,0,0,22
12329,12329,78,98,1398,1668,0,0,0,0,0,0,0,0,22
12330,12330,79,98,1414,1668,0,0,0,0,0,0,0,0,22
12331,12331,80,98,1430,1668,0,0,0,0,0,0,0,0,22
12332,12332,81,98,1446,1668,0,0,0,0,0,0,0,0,22
12333,12333,82,98,1462,1668,0,0,0,0,0,0,0,0,22
12334,12334,83,98,1478,1668,0,0,0,0,0,0,0,0,22
12335,12335,84,98,1494,1668,0,0,0,0,0,0,0,0,22
12336,12336,85,98,1510,1668,0,0,0,0,0,0,0,0,22
12337,12337,86,98,1526,1668,0,0,0,0,0,0,0,0,22
12338,12338,87,98,1542,1668,0,0,0,0,0,0,0,0,22
12339,12339,88,98,1558,1668,0,0,0,0,0,0,0,0,22
12340,12340,89,98,1574,1668,0,0,0,0,0,0,0,0,22
12341,12341,90,98,1590,1668,0,0,0,0,0,0,0,0,22
12342,12342,91,98,1606,1668,0,0,0,0,0,0,0,0,22
12343,12343,92,98,1622,1668,0,0,0,0,0,0,0,0,22
12344,12344,93,98,1638,1668,0,0,0,0,0,0,0,0,22
12345,12345,94,98,1654,1668,0,0,0,0,0,0,0,0,22
12346,12346,95,98,1670,1668,0,0,0,0,0,0,0,0,22
12347,12347,96,98,1686,1668,0,0,0,0,0,0,0,0,22
12348,12348,97,98,1702,1668,0,0,0,0,0,0,0,0,22
12349,12349,98,98,1718,1668,0,0,0,0,0,0,0,0,22
12350,12350,99,98,1734,1668,0,0,0,0,0,0,0,0,22
12351,12351,100,98,1750,1668,0,0,0,0,0,0,0,0,22
12352,12352,101,98,1766,1668,0,0,0,0,0,0,0,0,22
12353,12353,102,98,1782,1668,0,0,0,0,0,0,0,0,22
12354,12354,103,98,1798,1668,0,0,0,0,0,0,0,0,22
12355,12355,104,98,1814,1668,0,0,0,0,0,0,0,0,22
12356,12356,105,98,1830,1668,0,0,0,0,0,0,0,0,22
12357,12357,106,98,1846,1668,0,0,0,0,0,0,0,0,22
12358,12358,107,98,1862,1668,0,0,0,0,0,0,0,0,22
12359,12359,108,98,1878,1668,0,0,0,0,0,0,0,0,22
12360,12360,109,98,1894,1668,0,0,0,0,0,0,0,0,22
12361,12361,110,98,1910,1668,0,0,0,0,0,0,0,0,22
12362,12362,111,98,1926,1668,0,0,0,0,0,0,0,0,22
12363,12363,112,98,1942,1668,0,0,0,0,0,0,0,0,22
12364,12364,113,98,1958,1668,0,0,0,0,0,0,0,0,22
12365,12365,114,98,1974,1668,0,0,0,0,0,0,0,0,22
12366,12366,115,98,1990,1668,0,0,0,0,0,0,0,0,22
12367,12367,116,98,2006,1668,0,0,0,0,0,0,0,0,22
12368,12368,117,98,2022,1668,0,0,0,0,0,0,0,0,22
12369,12369,118,98,2038,1668,0,0,0,0,0,0,0,0,22
12370,12370,119,98,2054,1668,0,0,0,0,0,0,0,0,22
12371,12371,120,98,2070,1668,0,0,0,0,0,0,0,0,22
12372,12372,121,98,2086,1668,0,0,0,0,0,0,0,0,22
12373,12373,122,98,2102,1668,0,0,0,0,0,0,0,0,22
12374,12374,123,98,2118,1668,0,0,0,0,0,0,0,0,22
12375,12375,124,98,2134,1668,0,0,0,0,0,0,0,0,29
12376,12376,0,99,150,1684,0,0,0,0,0,0,0,0,29
12377,12377,1,99,166,1684,0,0,0,0,0,0,0,0,29
12378,12378,2,99,182,1684,0,0,0,0,0,0,0,0,29
12379,12379,3,99,198,1684,0,0,0,0,0,0,0,0,29
12380,12380,4,99,214,1684,0,0,0,0,0,0,0,0,29
12381,12381,5,99,230,1684,0,0,0,0,0,0,0,0,24
12382,12382,6,99,246,1684,0,0,0,0,0,0,0,0,24
12383,12383,7,99,262,1684,0,0,0,0,0,0,0,0,24
12384,12384,8,99,278,1684,0,0,0,0,0,0,0,0,24
12385,12385,9,99,294,1684,0,0,0,0,0,0,0,0,24
12386,12386,10,99,310,1684,0,0,0,0,0,0,0,0,24
12387,12387,11,99,326,1684,0,0,0,0,0,0,0,0,24
12388,12388,12,99,342,1684,0,0,0,0,0,0,0,0,24
12389,12389,13,99,358,1684,0,0,0,0,0,0,0,0,24
12390,12390,14,99,374,1684,0,0,0,0,0,0,0,0,24
12391,12391,15,99,390,1684,0,0,0,0,0,0,0,0,30
12392,12392,16,99,406,1684,0,0,0,0,0,0,0,0,30
12393,12393,17,99,422,1684,0,0,0,0,0,0,0,0,30
12394,12394,18,99,438,1684,0,0,0,0,0,0,0,0,30
12395,12395,19,99,454,1684,0,0,0,0,0,0,0,0,30
12396,12396,20,99,470,1684,0,0,0,0,0,0,0,0,28
12397,12397,21,99,486,1684,0,0,0,0,0,0,0,0,28
12398,12398,22,99,502,1684,0,0,0,0,0,0,0,0,28
12399,12399,23,99,518,1684,0,0,0,0,0,0,0,0,28
12400,12400,24,99,534,1684,0,0,0,0,0,0,0,0,28
12401,12401,25,99,550,1684,0,0,0,0,0,0,0,0,28
12402,12402,26,99,566,1684,0,0,0,0,0,0,0,0,28
12403,12403,27,99,582,1684,0,0,0,0,0,0,0,0,28
12404,12404,28,99,598,1684,0,0,0,0,0,0,0,0,28
12405,12405,29,99,614,1684,0,0,0,0,0,0,0,0,28
12406,12406,30,99,630,1684,0,0,0,0,0,0,0,0,28
12407,12407,31,99,646,1684,0,0,0,0,0,0,0,0,28
12408,12408,32,99,662,1684,0,0,0,0,0,0,0,0,28
12409,12409,33,99,678,1684,0,0,0,0,0,0,0,0,28
12410,12410,34,99,694,1684,0,0,0,0,0,0,0,0,28
12411,12411,35,99,710,1684,0,0,0,0,0,0,0,0,28
12412,12412,36,99,726,1684,0,0,0,0,0,0,0,0,31
12413,12413,37,99,742,1684,0,0,0,0,0,0,0,0,31
12414,12414,38,99,758,1684,0,0,0,0,0,0,0,0,31
12415,12415,39,99,774,1684,0,0,0,0,0,0,0,0,31
12416,12416,40,99,790,1684,0,0,0,0,0,0,0,0,31
12417,12417,41,99,806,1684,0,0,0,0,0,0,0,0,21
12418,12418,42,99,822,1684,0,0,0,0,0,0,0,0,21
12419,12419,43,99,838,1684,0,0,0,0,0,0,0,0,21
12420,12420,44,99,854,1684,0,0,0,0,0,0,0,0,21
12421,12421,45,99,870,1684,0,0,0,0,0,0,0,0,21
12422,12422,46,99,886,1684,0,0,0,0,0,0,0,0,21
12423,12423,47,99,902,1684,0,0,0,0,0,0,0,0,21
12424,12424,48,99,918,1684,0,0,0,0,0,0,0,0,21
12425,12425,49,99,934,1684,0,0,0,0,0,0,0,0,21
12426,12426,50,99,950,1684,0,0,0,0,0,0,0,0,21
12427,12427,51,99,966,1684,0,0,0,0,0,0,0,0,21
12428,12428,52,99,982,1684,0,0,0,0,0,0,0,0,21
12429,12429,53,99,998,1684,0,0,0,0,0,0,0,0,21
12430,12430,54,99,1014,1684,0,0,0,0,0,0,0,0,21
12431,12431,55,99,1030,1684,0,0,0,0,0,0,0,0,21
12432,12432,56,99,1046,1684,0,0,0,0,0,0,0,0,21
12433,12433,57,99,1062,1684,0,0,0,0,0,0,0,0,21
12434,12434,58,99,1078,1684,0,0,0,0,0,0,0,0,21
12435,12435,59,99,1094,1684,0,0,0,0,0,0,0,0,21
12436,12436,60,99,1110,1684,0,0,0,0,0,0,0,0,21
12437,12437,61,99,1126,1684,0,0,0,0,0,0,0,0,21
12438,12438,62,99,1142,1684,0,0,0,0,0,0,0,0,21
12439,12439,63,99,1158,1684,0,0,0,0,0,0,0,0,21
12440,12440,64,99,1174,1684,0,0,0,0,0,0,0,0,21
12441,12441,65,99,1190,1684,0,0,0,0,0,0,0,0,21
12442,12442,66,99,1206,1684,0,0,0,0,0,0,0,0,21
12443,12443,67,99,1222,1684,0,0,0,0,0,0,0,0,21
12444,12444,68,99,1238,1684,0,0,0,0,0,0,0,0,21
12445,12445,69,99,1254,1684,0,0,0,0,0,0,0,0,21
12446,12446,70,99,1270,1684,0,0,0,0,0,0,0,0,21
12447,12447,71,99,1286,1684,0,0,0,0,0,0,0,0,21
12448,12448,72,99,1302,1684,0,0,0,0,0,0,0,0,22
12449,12449,73,99,1318,1684,0,0,0,0,0,0,0,0,22
12450,12450,74,99,1334,1684,0,0,0,0,0,0,0,0,22
12451,12451,75,99,1350,1684,0,0,0,0,0,0,0,0,22
12452,12452,76,99,1366,1684,0,0,0,0,0,0,0,0,22
12453,12453,77,99,1382,1684,0,0,0,0,0,0,0,0,22
12454,12454,78,99,1398,1684,0,0,0,0,0,0,0,0,22
12455,12455,79,99,1414,1684,0,0,0,0,0,0,0,0,22
12456,12456,80,99,1430,1684,0,0,0,0,0,0,0,0,22
12457,12457,81,99,1446,1684,0,0,0,0,0,0,0,0,22
12458,12458,82,99,1462,1684,0,0,0,0,0,0,0,0,22
12459,12459,83,99,1478,1684,0,0,0,0,0,0,0,0,22
12460,12460,84,99,1494,1684,0,0,0,0,0,0,0,0,22
12461,12461,85,99,1510,1684,0,0,0,0,0,0,0,0,22
12462,12462,86,99,1526,1684,0,0,0,0,0,0,0,0,22
12463,12463,87,99,1542,1684,0,0,0,0,0,0,0,0,22
12464,12464,88,99,1558,1684,0,0,0,0,0,0,0,0,22
12465,12465,89,99,1574,1684,0,0,0,0,0,0,0,0,22
12466,12466,90,99,1590,1684,0,0,0,0,0,0,0,0,22
12467,12467,91,99,1606,1684,0,0,0,0,0,0,0,0,22
12468,12468,92,99,1622,1684,0,0,0,0,0,0,0,0,22
12469,12469,93,99,1638,1684,0,0,0,0,0,0,0,0,22
12470,12470,94,99,1654,1684,0,0,0,0,0,0,0,0,22
12471,12471,95,99,1670,1684,0,0,0,0,0,0,0,0,22
12472,12472,96,99,1686,1684,0,0,0,0,0,0,0,0,22
12473,12473,97,99,1702,1684,0,0,0,0,0,0,0,0,22
12474,12474,98,99,1718,1684,0,0,0,0,0,0,0,0,22
12475,12475,99,99,1734,1684,0,0,0,0,0,0,0,0,22
12476,12476,100,99,1750,1684,0,0,0,0,0,0,0,0,22
12477,12477,101,99,1766,1684,0,0,0,0,0,0,0,0,22
12478,12478,102,99,1782,1684,0,0,0,0,0,0,0,0,22
12479,12479,103,99,1798,1684,0,0,0,0,0,0,0,0,22
12480,12480,104,99,1814,1684,0,0,0,0,0,0,0,0,22
12481,12481,105,99,1830,1684,0,0,0,0,0,0,0,0,22
12482,12482,106,99,1846,1684,0,0,0,0,0,0,0,0,22
12483,12483,107,99,1862,1684,0,0,0,0,0,0,0,0,22
12484,12484,108,99,1878,1684,0,0,0,0,0,0,0,0,22
12485,12485,109,99,1894,1684,0,0,0,0,0,0,0,0,22
12486,12486,110,99,1910,1684,0,0,0,0,0,0,0,0,22
12487,12487,111,99,1926,1684,0,0,0,0,0,0,0,0,22
12488,12488,112,99,1942,1684,0,0,0,0,0,0,0,0,22
12489,12489,113,99,1958,1684,0,0,0,0,0,0,0,0,22
12490,12490,114,99,1974,1684,0,0,0,0,0,0,0,0,22
12491,12491,115,99,1990,1684,0,0,0,0,0,0,0,0,22
12492,12492,116,99,2006,1684,0,0,0,0,0,0,0,0,22
12493,12493,117,99,2022,1684,0,0,0,0,0,0,0,0,22
12494,12494,118,99,2038,1684,0,0,0,0,0,0,0,0,22
12495,12495,119,99,2054,1684,0,0,0,0,0,0,0,0,22
12496,12496,120,99,2070,1684,0,0,0,0,0,0,0,0,22
12497,12497,121,99,2086,1684,0,0,0,0,0,0,0,0,22
12498,12498,122,99,2102,1684,0,0,0,0,0,0,0,0,22
12499,12499,123,99,2118,1684,0,0,0,0,0,0,0,0,22
12500,12500,124,99,2134,1684,0,0,0,0,0,0,0,0,22
