,X,Y,応力,Grain_Number
1,0,0,0.210357876,0
2,1,0,0.091299529,0
3,2,0,0.007130732,0
4,3,0,0.148093872,0
5,4,0,-0.133452229,0
6,5,0,0.172697684,0
7,6,0,-0.050547989,0
8,7,0,0.214499954,0
9,8,0,0.154344605,0
10,9,0,0.150545206,0
11,10,0,0.193049047,0
12,11,0,-0.048659112,0
13,12,0,-0.002236405,0
14,13,0,0.122182729,0
15,14,0,0.130601696,0
16,15,0,0.042731664,0
17,16,0,0.211893788,0
18,17,0,0.132039944,0
19,18,0,0.16686445,0
20,19,0,0.288506908,0
21,20,0,0.092875548,0
22,21,0,0.057121733,0
23,22,0,0.220437019,0
24,23,0,0.009470105,0
25,24,0,0.138134758,0
26,25,0,0.152608376,0
27,26,0,0.218555692,0
28,27,0,0.047538485,0
29,28,0,0.232494045,0
30,29,0,0.109405823,0
31,30,0,0.156481097,0
32,31,0,0.154180713,0
33,32,0,0.180927359,0
34,33,0,0.323311091,0
35,34,0,0.146712254,1
36,35,0,0.305286233,1
37,36,0,-0.012604956,1
38,37,0,0.11847764,1
39,38,0,0.175720121,1
40,39,0,0.09006357,1
41,40,0,0.086334747,1
42,41,0,0.097231358,1
43,42,0,-0.016337086,1
44,43,0,0.013457951,1
45,44,0,0.015710887,1
46,45,0,0.135643941,1
47,46,0,0.071053342,1
48,47,0,-0.030075524,1
49,48,0,0.028186622,1
50,49,0,0.085797545,1
51,50,0,0.056513007,1
52,51,0,0.116821057,1
53,52,0,0.030206015,1
54,53,0,0.005057756,1
55,54,0,0.076461992,1
56,55,0,0.176817921,1
57,56,0,0.149826996,1
58,57,0,0,NaN
59,58,0,0,NaN
60,59,0,0,NaN
61,60,0,0.115720876,2
62,61,0,-0.347074965,2
63,62,0,-0.172849995,2
64,63,0,-0.045673003,2
65,64,0,0.060466814,2
66,65,0,-0.023349795,2
67,66,0,0.058467257,2
68,67,0,0.094540887,2
69,68,0,-0.203977105,2
70,69,0,-0.124166084,2
71,70,0,-0.090958348,2
72,71,0,-0.082831174,2
73,72,0,-0.141749485,2
74,73,0,-0.007619446,2
75,74,0,-0.053831131,2
76,75,0,0.104162856,2
77,76,0,-0.122629102,2
78,77,0,0.023778592,2
79,78,0,0.003402347,2
80,79,0,-0.028087903,2
81,80,0,0.037490853,3
82,81,0,0.039485859,3
83,82,0,-0.045939439,3
84,83,0,-0.007282888,3
85,84,0,-0.010062895,3
86,85,0,-0.009794157,3
87,86,0,0.043355864,3
88,87,0,0,NaN
89,88,0,0.221280423,4
90,89,0,0.086716495,4
91,90,0,0.058244436,4
92,91,0,-0.004853099,4
93,92,0,0.157929392,4
94,93,0,0.012385993,4
95,94,0,-0.04721649,4
96,95,0,0.052432916,4
97,96,0,-0.027599429,4
98,97,0,0.049802539,4
99,98,0,-0.043275149,4
100,99,0,0.050461103,4
101,100,0,0.166116052,4
102,101,0,0.262223962,5
103,102,0,-0.167276713,5
104,103,0,-0.019447542,5
105,104,0,-0.179462103,5
106,105,0,0.143783144,5
107,106,0,0.01537319,5
108,107,0,0.341460128,5
109,108,0,0.220435799,6
110,109,0,0.028761011,6
111,110,0,0.143938601,6
112,111,0,0.093840598,6
113,112,0,0.053736526,6
114,113,0,-0.024274738,6
115,114,0,0.117893571,6
116,115,0,-0.031640038,6
117,116,0,-0.000964238,6
118,117,0,-0.042541826,6
119,118,0,0.07715838,6
120,119,0,0.062031241,6
121,120,0,0.049472418,6
122,121,0,0.02347466,6
123,122,0,0.052071116,6
124,123,0,0.021239615,6
125,124,0,0.103875679,6
126,125,0,0.095690929,6
127,0,1,0.135497729,0
128,1,1,0.135161485,0
129,2,1,-0.02563553,0
130,3,1,0.250819036,0
131,4,1,0.044886209,0
132,5,1,0.023609401,0
133,6,1,0.092020838,0
134,7,1,0.195068416,0
135,8,1,0.231425847,0
136,9,1,0.160520669,0
137,10,1,0.202869975,0
138,11,1,0.044149549,0
139,12,1,0.080151147,0
140,13,1,-0.020740116,0
141,14,1,0.144004479,0
142,15,1,0.05289628,0
143,16,1,0.151234991,0
144,17,1,0.115478678,0
145,18,1,0.002477824,0
146,19,1,0.035138742,0
147,20,1,0.157206876,0
148,21,1,0.063732646,0
149,22,1,0.111362336,0
150,23,1,0.146669924,0
151,24,1,0.102980303,0
152,25,1,0.055687222,0
153,26,1,0.085617689,0
154,27,1,0.141646191,0
155,28,1,0.067616595,0
156,29,1,0.089259591,0
157,30,1,0.124404212,0
158,31,1,0.207412477,0
159,32,1,-0.123998856,0
160,33,1,0.086240393,1
161,34,1,0.216377445,1
162,35,1,0.076676074,1
163,36,1,0.068082351,1
164,37,1,0.012910528,1
165,38,1,0.02530062,1
166,39,1,0.110870697,1
167,40,1,-0.014303308,1
168,41,1,0.086086003,1
169,42,1,0.014100323,1
170,43,1,0.098223254,1
171,44,1,0.065049707,1
172,45,1,0.062092681,1
173,46,1,0.084641894,1
174,47,1,-0.000918083,1
175,48,1,0.069939244,1
176,49,1,-0.027250471,1
177,50,1,0.064441495,1
178,51,1,0.031825072,1
179,52,1,0.013565143,1
180,53,1,0.005030792,1
181,54,1,-0.024554344,1
182,55,1,0.09133326,1
183,56,1,0.187165387,1
184,57,1,0.158000231,1
185,58,1,0,NaN
186,59,1,0,NaN
187,60,1,-0.014353614,2
188,61,1,-0.134755976,2
189,62,1,-0.330824087,2
190,63,1,-0.199107502,2
191,64,1,-0.005313394,2
192,65,1,-0.244765118,2
193,66,1,-0.159370743,2
194,67,1,0.076690711,2
195,68,1,0,2
196,69,1,-0.020872228,2
197,70,1,-0.025770959,2
198,71,1,-0.067468255,2
199,72,1,-0.056902321,2
200,73,1,-0.206778867,2
201,74,1,-0.032583079,2
202,75,1,-0.070027466,2
203,76,1,-0.170689834,2
204,77,1,0.018413869,3
205,78,1,0.03895851,3
206,79,1,0.049963378,3
207,80,1,-0.030607583,3
208,81,1,0.017324558,3
209,82,1,-0.014954734,3
210,83,1,-0.074629404,3
211,84,1,-0.075646827,3
212,85,1,-0.146184855,3
213,86,1,0.088219418,3
214,87,1,0,NaN
215,88,1,0.233354771,4
216,89,1,-0.041129093,4
217,90,1,0.042851014,4
218,91,1,0.053935633,4
219,92,1,-0.033428976,4
220,93,1,0.156471743,4
221,94,1,0.005454563,4
222,95,1,-0.023414819,4
223,96,1,0.021805876,4
224,97,1,0.034011648,4
225,98,1,-0.054310083,4
226,99,1,0.025816839,4
227,100,1,0.131124831,4
228,101,1,0.081892485,5
229,102,1,-0.128307373,5
230,103,1,0.136563248,5
231,104,1,0.085187326,5
232,105,1,0.141080048,5
233,106,1,0.01088611,5
234,107,1,0.345807831,5
235,108,1,0.112363859,6
236,109,1,-0.039627676,6
237,110,1,0.105314147,6
238,111,1,0.085489968,6
239,112,1,0.14153939,6
240,113,1,-0.118786762,6
241,114,1,0.035799136,6
242,115,1,-0.035191736,6
243,116,1,0.167896686,6
244,117,1,0.200132141,6
245,118,1,0.05006362,6
246,119,1,0.112513328,6
247,120,1,0.142470419,6
248,121,1,-0.066650998,6
249,122,1,0.109307942,6
250,123,1,0.0615048,6
251,124,1,0.040711559,6
252,125,1,0.139764345,6
253,0,2,0.171420019,0
254,1,2,0.084733571,0
255,2,2,0.24080053,0
256,3,2,0.091636644,0
257,4,2,0.074962208,0
258,5,2,0.055963944,0
259,6,2,0.027638076,0
260,7,2,-0.01260478,0
261,8,2,0.201892321,0
262,9,2,0.11563395,0
263,10,2,0.157544619,0
264,11,2,-0.05885762,0
265,12,2,0.156705324,0
266,13,2,0.087352169,0
267,14,2,0.178455261,0
268,15,2,0.171625635,0
269,16,2,0.125250659,0
270,17,2,0.117150777,0
271,18,2,0.219270789,0
272,19,2,0.009295938,0
273,20,2,0.220629195,0
274,21,2,0.178699391,0
275,22,2,0.162771161,0
276,23,2,0.071475542,0
277,24,2,0.197602264,0
278,25,2,0.076122986,0
279,26,2,0.033210374,0
280,27,2,0.227123437,0
281,28,2,0.07893559,0
282,29,2,0.13284083,0
283,30,2,0.331787007,0
284,31,2,0.118006661,7
285,32,2,0.021880057,1
286,33,2,0.164737775,1
287,34,2,0.149672437,1
288,35,2,0.184739422,1
289,36,2,0.050054288,1
290,37,2,0.084654728,1
291,38,2,-0.059904721,1
292,39,2,-0.034854103,1
293,40,2,0.02850944,1
294,41,2,0.069867312,1
295,42,2,0.115712126,1
296,43,2,0.100721766,1
297,44,2,7.31E-05,1
298,45,2,0.02389935,1
299,46,2,0.052668621,1
300,47,2,0.005469873,1
301,48,2,0.022428862,1
302,49,2,-0.011222058,1
303,50,2,-0.063494657,1
304,51,2,0.083014944,1
305,52,2,0.030853331,1
306,53,2,-0.079137465,1
307,54,2,0.105155314,1
308,55,2,-0.128930348,1
309,56,2,0.108776379,1
310,57,2,0.142342109,1
311,58,2,0.193328373,1
312,59,2,0,NaN
313,60,2,0.081776451,2
314,61,2,0.030226855,2
315,62,2,-0.074061887,2
316,63,2,-0.122700067,2
317,64,2,-0.080574757,2
318,65,2,-0.131820475,2
319,66,2,0.0621203,2
320,67,2,-0.086115722,2
321,68,2,-0.011623383,2
322,69,2,-0.120940282,2
323,70,2,-0.03777066,2
324,71,2,-0.157673578,2
325,72,2,-0.051808401,2
326,73,2,-0.243377145,2
327,74,2,0.080246495,3
328,75,2,0.00223461,3
329,76,2,0.071803862,3
330,77,2,0.049554394,3
331,78,2,0.143288995,3
332,79,2,-0.011808701,3
333,80,2,-0.022393155,3
334,81,2,-0.045176558,3
335,82,2,-0.096499923,3
336,83,2,-0.097383749,3
337,84,2,-0.011412072,3
338,85,2,0.033159143,3
339,86,2,-0.055823718,3
340,87,2,0.009140963,3
341,88,2,0.306842787,4
342,89,2,-0.215772508,4
343,90,2,0.038653704,4
344,91,2,0.017881098,4
345,92,2,0.014591714,4
346,93,2,0.062056724,4
347,94,2,0.093497229,4
348,95,2,0.087813827,4
349,96,2,0.175723625,4
350,97,2,0.085990521,4
351,98,2,-0.096863093,4
352,99,2,0.091634649,4
353,100,2,0.091095201,4
354,101,2,0.06780926,5
355,102,2,-0.133730831,5
356,103,2,0,5
357,104,2,0.001449141,5
358,105,2,-0.103718436,5
359,106,2,0.007699234,5
360,107,2,0.274545139,5
361,108,2,0.062695225,6
362,109,2,0.042241932,6
363,110,2,0.122439192,6
364,111,2,-0.213431806,6
365,112,2,-0.028687136,6
366,113,2,0.025863396,6
367,114,2,0.068546682,6
368,115,2,-0.022862438,6
369,116,2,-0.039729191,6
370,117,2,0.080767106,6
371,118,2,0.125230228,6
372,119,2,-0.089417865,6
373,120,2,0.030191435,6
374,121,2,-0.045280773,6
375,122,2,-0.034773442,6
376,123,2,-0.073877679,6
377,124,2,0.086640489,6
378,125,2,0.112903528,6
379,0,3,0.204974161,0
380,1,3,0.073403412,0
381,2,3,-0.020648262,0
382,3,3,0.062357669,0
383,4,3,0.197539143,0
384,5,3,0.123451353,0
385,6,3,0.270884263,0
386,7,3,0.108486238,0
387,8,3,0.055915395,0
388,9,3,0.080456219,0
389,10,3,0.122987346,0
390,11,3,0.123339643,0
391,12,3,0.194734045,0
392,13,3,-0.031622852,0
393,14,3,0.031507436,0
394,15,3,0.082298373,0
395,16,3,0.192931645,0
396,17,3,0.218547082,0
397,18,3,0.187859283,0
398,19,3,0.055671268,0
399,20,3,0.080913521,0
400,21,3,0.208022923,0
401,22,3,0,0
402,23,3,0.057932813,0
403,24,3,0.028221499,0
404,25,3,0.150159594,0
405,26,3,0.007567483,0
406,27,3,0.185146558,0
407,28,3,-0.033493087,0
408,29,3,-0.105590556,7
409,30,3,0.069643745,7
410,31,3,0.158685107,7
411,32,3,0.123142034,1
412,33,3,0.110570387,1
413,34,3,0.091546981,1
414,35,3,0.149290632,1
415,36,3,0.062335294,1
416,37,3,0.133916342,1
417,38,3,0.007755157,1
418,39,3,0.001218269,1
419,40,3,0.105046087,1
420,41,3,-0.109681715,1
421,42,3,0.096654084,1
422,43,3,-0.067626091,1
423,44,3,0.114459442,1
424,45,3,0.0797796,1
425,46,3,0.161785318,1
426,47,3,0.186236766,1
427,48,3,-0.012491463,1
428,49,3,0.036561901,1
429,50,3,0.043137988,1
430,51,3,-0.043548196,1
431,52,3,-0.009043934,1
432,53,3,0.120198881,1
433,54,3,0.080094177,1
434,55,3,0.091467627,1
435,56,3,0.185154109,1
436,57,3,0.059593535,1
437,58,3,0.08123699,1
438,59,3,0.113032255,1
439,60,3,0.060341356,2
440,61,3,-0.025234733,2
441,62,3,-0.039758972,2
442,63,3,-0.118486925,2
443,64,3,-0.23187615,2
444,65,3,0.008132745,2
445,66,3,-0.175579496,2
446,67,3,-0.151243351,2
447,68,3,-0.047909718,2
448,69,3,-0.105920338,2
449,70,3,-0.152712036,2
450,71,3,0.100223148,3
451,72,3,0.018216266,3
452,73,3,-0.0995117,3
453,74,3,0.051466511,3
454,75,3,-0.019214355,3
455,76,3,0.050285488,3
456,77,3,-0.172302909,3
457,78,3,0.15783285,3
458,79,3,-0.003568725,3
459,80,3,0.018108158,3
460,81,3,-0.165748974,3
461,82,3,-0.13636966,3
462,83,3,0.014682298,3
463,84,3,0.098979396,3
464,85,3,-0.004926676,3
465,86,3,0.001369716,3
466,87,3,-0.01169283,3
467,88,3,-0.232115815,3
468,89,3,0.006029434,4
469,90,3,0.081427661,4
470,91,3,0.067721245,4
471,92,3,0.075220467,4
472,93,3,-0.052696253,4
473,94,3,0.132368597,4
474,95,3,0.076972668,4
475,96,3,0.0103191,4
476,97,3,0.101499894,4
477,98,3,-0.094088781,4
478,99,3,-0.018204296,4
479,100,3,0.187244678,4
480,101,3,0.027712724,5
481,102,3,0.012059565,5
482,103,3,0.102461152,5
483,104,3,-0.001001258,5
484,105,3,0.100307418,5
485,106,3,0.017485999,5
486,107,3,0.32509136,5
487,108,3,0.16983223,6
488,109,3,0.145768978,6
489,110,3,-0.000973289,6
490,111,3,0.059093231,6
491,112,3,-0.258954205,6
492,113,3,0.248182615,6
493,114,3,-0.058601949,6
494,115,3,-0.034362383,6
495,116,3,-0.034219586,6
496,117,3,-0.00635573,6
497,118,3,0.017777073,6
498,119,3,0.12186548,6
499,120,3,0.040444879,6
500,121,3,0.121230775,6
501,122,3,0.000133191,6
502,123,3,0.120151152,6
503,124,3,0.060381747,6
504,125,3,0.159155741,6
505,0,4,0.071682641,0
506,1,4,-0.052505889,0
507,2,4,0.209829378,0
508,3,4,0.000694862,0
509,4,4,0.009181822,0
510,5,4,-0.014077088,0
511,6,4,0.206909061,0
512,7,4,-0.05944145,0
513,8,4,0.129877034,0
514,9,4,0.0988769,0
515,10,4,0.08870508,0
516,11,4,0.094893078,0
517,12,4,0.165220469,0
518,13,4,0.167046685,0
519,14,4,0.057866841,0
520,15,4,0.168409728,0
521,16,4,0.106045964,0
522,17,4,0.113307079,0
523,18,4,0.21780519,0
524,19,4,0.080402662,0
525,20,4,0.091382638,0
526,21,4,0.161209398,0
527,22,4,0.245102923,0
528,23,4,0.18209683,0
529,24,4,0.142035189,0
530,25,4,0.216547438,0
531,26,4,0.536933484,0
532,27,4,-0.055671233,7
533,28,4,-0.149170639,7
534,29,4,0.143281934,7
535,30,4,0.073832165,7
536,31,4,0.089187737,7
537,32,4,0.283898315,1
538,33,4,0.123243528,1
539,34,4,0.1696411,1
540,35,4,0.117372506,1
541,36,4,0.066254239,1
542,37,4,0.097727028,1
543,38,4,0.107187997,1
544,39,4,0.113925185,1
545,40,4,-0.00031505,1
546,41,4,0.054757107,1
547,42,4,0.143241291,1
548,43,4,0.123681216,1
549,44,4,0.020290958,1
550,45,4,-0.053654197,1
551,46,4,0.168299104,1
552,47,4,0.188371979,1
553,48,4,-0.054600687,1
554,49,4,-0.137244312,1
555,50,4,0.059940757,1
556,51,4,-0.001762596,1
557,52,4,0.003797523,1
558,53,4,0.127678425,1
559,54,4,0.110431096,1
560,55,4,0.107945878,1
561,56,4,0.070366125,1
562,57,4,0.09226756,1
563,58,4,0.097529273,1
564,59,4,0.076232823,1
565,60,4,0.289592707,1
566,61,4,0.057781288,2
567,62,4,0.056052188,2
568,63,4,-0.274603921,2
569,64,4,-0.24842581,2
570,65,4,-0.051461974,2
571,66,4,-0.18309746,2
572,67,4,-0.093804363,2
573,68,4,-0.408350981,2
574,69,4,0.063418909,3
575,70,4,0.058241755,3
576,71,4,0.128429386,3
577,72,4,0.003041629,3
578,73,4,0.005704279,3
579,74,4,0.066833108,3
580,75,4,-0.005230935,3
581,76,4,0.07151388,3
582,77,4,-0.0242855,3
583,78,4,-0.086485292,3
584,79,4,-0.041576401,3
585,80,4,-0.030138613,3
586,81,4,0.036041449,3
587,82,4,-0.014913559,3
588,83,4,-0.035945759,3
589,84,4,0.054711294,3
590,85,4,0.020820702,3
591,86,4,-0.125751103,3
592,87,4,0.032432474,3
593,88,4,-0.010251355,3
594,89,4,-0.152949926,3
595,90,4,-0.113481349,4
596,91,4,0.219001462,4
597,92,4,0.043321611,4
598,93,4,-0.011654069,4
599,94,4,-0.03275198,4
600,95,4,-0.204941694,4
601,96,4,0.044116528,4
602,97,4,-0.076374062,4
603,98,4,0.029175212,4
604,99,4,0.160726231,4
605,100,4,0.216042945,4
606,101,4,-0.091461503,5
607,102,4,0.17604166,5
608,103,4,-0.13868495,5
609,104,4,0.095954507,5
610,105,4,-0.285671665,5
611,106,4,0.062564502,5
612,107,4,0.528998734,6
613,108,4,0.238116187,6
614,109,4,0.16627156,6
615,110,4,-0.132964811,6
616,111,4,0.023756256,6
617,112,4,-0.070789303,6
618,113,4,-0.058939688,6
619,114,4,-0.00692753,6
620,115,4,-0.071937353,6
621,116,4,0.166384945,6
622,117,4,0.048733233,6
623,118,4,-0.156176279,6
624,119,4,0.116575578,6
625,120,4,0.068513023,6
626,121,4,0.169827782,6
627,122,4,0.124157861,6
628,123,4,0.049900905,6
629,124,4,0.041809301,6
630,125,4,0.10943203,6
631,0,5,0.115223415,0
632,1,5,0.280225674,0
633,2,5,0.219787876,0
634,3,5,0.144384141,0
635,4,5,0.073477654,0
636,5,5,0.138075054,0
637,6,5,0.028659495,0
638,7,5,0.085855402,0
639,8,5,0.047683456,0
640,9,5,0.120518225,0
641,10,5,0.114865183,0
642,11,5,0.039729126,0
643,12,5,0.156139658,0
644,13,5,0.2229267,0
645,14,5,0.100643339,0
646,15,5,0.013964845,0
647,16,5,0.126566307,0
648,17,5,0.041104766,0
649,18,5,-0.073779522,0
650,19,5,-0.101610374,0
651,20,5,0.118826658,0
652,21,5,0.11960979,0
653,22,5,0.065172761,0
654,23,5,0.264808062,0
655,24,5,-0.330011717,7
656,25,5,-0.128762716,7
657,26,5,0.026434122,7
658,27,5,-0.059018717,7
659,28,5,-0.049177044,7
660,29,5,-0.141306509,7
661,30,5,-0.001125876,7
662,31,5,0.072145681,7
663,32,5,-0.179726497,7
664,33,5,0.128220016,1
665,34,5,0.170392863,1
666,35,5,0.064559162,1
667,36,5,0.110710925,1
668,37,5,0.078708161,1
669,38,5,0.001996997,1
670,39,5,0.173992447,1
671,40,5,-0.07527805,1
672,41,5,0.105076766,1
673,42,5,0.180793408,1
674,43,5,-0.007804567,1
675,44,5,-0.094562618,1
676,45,5,0.102177753,1
677,46,5,0.011911885,1
678,47,5,0.120620098,1
679,48,5,0.014715515,1
680,49,5,0.094434975,1
681,50,5,0.032558368,1
682,51,5,0.123410557,1
683,52,5,0.043884704,1
684,53,5,-0.019052062,1
685,54,5,0.046830183,1
686,55,5,0.013885442,1
687,56,5,0.045764912,1
688,57,5,-0.044881898,1
689,58,5,0.030687892,1
690,59,5,0.188531488,1
691,60,5,0.120164624,1
692,61,5,0.408845818,1
693,62,5,0.096815371,2
694,63,5,-0.136713876,2
695,64,5,-0.261038774,2
696,65,5,-0.309834684,2
697,66,5,-0.064199013,3
698,67,5,-0.008294011,3
699,68,5,-0.141505007,3
700,69,5,0.079201962,3
701,70,5,-0.044280556,3
702,71,5,0.086667258,3
703,72,5,-0.074810241,3
704,73,5,-0.035106836,3
705,74,5,0.026258049,3
706,75,5,0.070803991,3
707,76,5,-0.1355787,3
708,77,5,0.047192052,3
709,78,5,0.000833357,3
710,79,5,0.009871207,3
711,80,5,-0.03493257,3
712,81,5,0.051684455,3
713,82,5,-0.035647472,3
714,83,5,-0.006282125,3
715,84,5,-0.039813858,3
716,85,5,-0.01927867,3
717,86,5,-0.089579715,3
718,87,5,0.044727662,3
719,88,5,-0.025852734,3
720,89,5,0.024158134,3
721,90,5,0.093416513,4
722,91,5,-0.002208668,4
723,92,5,0.120765789,4
724,93,5,-0.001228041,4
725,94,5,0,4
726,95,5,-0.097400137,4
727,96,5,-0.072076591,4
728,97,5,-0.088256776,4
729,98,5,0.138034866,4
730,99,5,0.097842671,4
731,100,5,0.072838399,4
732,101,5,-0.021103991,5
733,102,5,0.109500967,5
734,103,5,-0.208469476,5
735,104,5,-0.050020777,5
736,105,5,0.079693601,5
737,106,5,0.18871297,5
738,107,5,0.600148544,6
739,108,5,0.284124247,6
740,109,5,0.224298998,6
741,110,5,0.040773163,6
742,111,5,-0.035245798,6
743,112,5,-0.077180388,6
744,113,5,0.004564231,6
745,114,5,0.117578045,6
746,115,5,0.040224136,6
747,116,5,0.141573694,6
748,117,5,0.247140587,6
749,118,5,0.032196626,6
750,119,5,-0.006293155,6
751,120,5,-0.089550166,6
752,121,5,-0.06733012,6
753,122,5,0.075504738,6
754,123,5,-0.051489452,6
755,124,5,0.162975162,6
756,125,5,0.09966517,6
757,0,6,0.130834726,0
758,1,6,0.114373745,0
759,2,6,0.099392489,0
760,3,6,0.044725871,0
761,4,6,0.133704139,0
762,5,6,-0.009402609,0
763,6,6,0.130360747,0
764,7,6,0.175011599,0
765,8,6,0.093397238,0
766,9,6,0.036443143,0
767,10,6,0.163983344,0
768,11,6,0.10122772,0
769,12,6,0.067129549,0
770,13,6,0.15511765,0
771,14,6,0.186896733,0
772,15,6,0.065119023,0
773,16,6,0.036584664,0
774,17,6,0.169312313,0
775,18,6,-0.071240563,0
776,19,6,0.017296863,0
777,20,6,0.076849513,0
778,21,6,0.053375063,7
779,22,6,0.003403772,7
780,23,6,-0.04405708,7
781,24,6,-0.03444911,7
782,25,6,-0.281277246,7
783,26,6,-0.100282129,7
784,27,6,-0.17506546,7
785,28,6,-0.097715167,7
786,29,6,-0.112918321,7
787,30,6,-0.064850881,7
788,31,6,-0.019219173,7
789,32,6,0.097849318,7
790,33,6,0.033101736,1
791,34,6,-0.021674968,1
792,35,6,0.109488089,1
793,36,6,-0.044485266,1
794,37,6,0.008548673,1
795,38,6,0.055609619,1
796,39,6,-0.060828928,1
797,40,6,0.024996353,1
798,41,6,0.185731443,1
799,42,6,0.230788859,1
800,43,6,0.118175608,1
801,44,6,-0.01096317,1
802,45,6,0.163072834,1
803,46,6,0.025314986,1
804,47,6,0.12148504,1
805,48,6,0.124657842,1
806,49,6,0.070403629,1
807,50,6,0.147071947,1
808,51,6,0.077359317,1
809,52,6,-0.06221371,1
810,53,6,0.068293384,1
811,54,6,0.031198193,1
812,55,6,0.031754583,1
813,56,6,0.074450755,1
814,57,6,0.06085982,1
815,58,6,-0.035770126,1
816,59,6,0.119828892,1
817,60,6,0.05740745,1
818,61,6,0.112952797,1
819,62,6,0.504301299,2
820,63,6,0.05594019,3
821,64,6,0.046246349,3
822,65,6,-0.041768897,3
823,66,6,-0.050833144,3
824,67,6,-0.048864256,3
825,68,6,0.030436123,3
826,69,6,0.031418312,3
827,70,6,-0.024605063,3
828,71,6,0.055799729,3
829,72,6,0.0309085,3
830,73,6,-0.031627688,3
831,74,6,-0.074400825,3
832,75,6,0.086554902,3
833,76,6,0.014394139,3
834,77,6,0.023901315,3
835,78,6,-0.043513454,3
836,79,6,-0.01443897,3
837,80,6,0,3
838,81,6,0.043938631,3
839,82,6,0.059513119,3
840,83,6,0.044249078,3
841,84,6,0.033391684,3
842,85,6,-0.041519245,3
843,86,6,-0.009978208,3
844,87,6,0.045076448,3
845,88,6,-0.126689041,3
846,89,6,0.055372534,3
847,90,6,-0.102029136,3
848,91,6,0.074460498,4
849,92,6,0.105590418,4
850,93,6,0.077958599,4
851,94,6,-0.093700922,4
852,95,6,0.021601184,4
853,96,6,0.051449403,4
854,97,6,-0.077484396,4
855,98,6,-0.105640315,4
856,99,6,0.226909172,4
857,100,6,0.125170399,4
858,101,6,0.136928623,5
859,102,6,0.018981756,5
860,103,6,0.103671347,5
861,104,6,-0.129591328,5
862,105,6,0.175344007,5
863,106,6,0.143661639,5
864,107,6,0.219958333,8
865,108,6,0.138046542,8
866,109,6,0.311048336,6
867,110,6,0.177039529,6
868,111,6,0.000457663,6
869,112,6,0.040455446,6
870,113,6,0.043577153,6
871,114,6,0.117833242,6
872,115,6,0.158987289,6
873,116,6,0.019295815,6
874,117,6,0.023157365,6
875,118,6,0.069371407,6
876,119,6,0.153877368,6
877,120,6,-0.035643767,6
878,121,6,0.00645186,6
879,122,6,0.017524523,6
880,123,6,0.166256333,6
881,124,6,0.118577611,6
882,125,6,0,6
883,0,7,0.056620442,0
884,1,7,0.204653915,0
885,2,7,0.114473844,0
886,3,7,-0.030810656,0
887,4,7,-0.033364879,0
888,5,7,0.11358747,0
889,6,7,0.133107417,0
890,7,7,0.155827335,0
891,8,7,0.106310032,0
892,9,7,0.234141953,0
893,10,7,0.036282321,0
894,11,7,0.159610445,0
895,12,7,0.014624862,0
896,13,7,0.028839755,0
897,14,7,0.106571044,0
898,15,7,0.16197999,0
899,16,7,0.194114017,0
900,17,7,0.431490346,7
901,18,7,-0.086148749,7
902,19,7,-0.09551157,7
903,20,7,-0.114632066,7
904,21,7,-0.016049749,7
905,22,7,-0.061907608,7
906,23,7,-0.015147514,7
907,24,7,-0.111745454,7
908,25,7,-0.036231624,7
909,26,7,0.022715289,7
910,27,7,-0.057564435,7
911,28,7,-0.070072837,7
912,29,7,-0.033230374,7
913,30,7,-0.176673548,7
914,31,7,0.104197175,7
915,32,7,-0.050844972,7
916,33,7,-0.379263109,7
917,34,7,0.16977725,1
918,35,7,-0.008411638,1
919,36,7,0.106324722,1
920,37,7,0.08269526,1
921,38,7,0.026574693,1
922,39,7,0.082864843,1
923,40,7,0.042662031,1
924,41,7,0.158024043,1
925,42,7,0.114695345,1
926,43,7,0.15223094,1
927,44,7,0.21533382,1
928,45,7,0.171202198,1
929,46,7,0.183706565,1
930,47,7,0.135624837,1
931,48,7,0.093416159,1
932,49,7,0.085407796,1
933,50,7,0.146524589,1
934,51,7,0.085304086,1
935,52,7,0.119992306,1
936,53,7,0.077869484,1
937,54,7,0.061410858,1
938,55,7,0.099116182,1
939,56,7,0.138495389,1
940,57,7,0.090651117,1
941,58,7,0.178111636,1
942,59,7,0.031529831,1
943,60,7,0.073066812,1
944,61,7,0.129434565,1
945,62,7,0.160850707,1
946,63,7,0.502215835,1
947,64,7,0.005345805,3
948,65,7,0.112832733,3
949,66,7,-0.025535496,3
950,67,7,-0.020226508,3
951,68,7,-0.013325484,3
952,69,7,0.178462663,3
953,70,7,0.084704181,3
954,71,7,-0.081566897,3
955,72,7,-0.194907711,3
956,73,7,0.007841995,3
957,74,7,-0.133784638,3
958,75,7,0.08212423,3
959,76,7,0.033668473,3
960,77,7,0.053262019,3
961,78,7,0.068084971,3
962,79,7,0.089888891,3
963,80,7,-0.10309073,3
964,81,7,0.142908689,3
965,82,7,0.021755738,3
966,83,7,0.031549667,3
967,84,7,-0.04583288,3
968,85,7,-0.054501462,3
969,86,7,-0.090861071,3
970,87,7,0.062605004,3
971,88,7,-0.079378529,3
972,89,7,-0.075756435,3
973,90,7,0.028509222,3
974,91,7,0.052888009,3
975,92,7,0.012924972,4
976,93,7,0.062697748,4
977,94,7,0.006092516,4
978,95,7,-0.030935709,4
979,96,7,0.076813645,4
980,97,7,-0.10227615,4
981,98,7,0.052454006,4
982,99,7,-0.086260974,4
983,100,7,0.231337883,4
984,101,7,0.170326395,5
985,102,7,0.015049771,5
986,103,7,-0.000914847,5
987,104,7,0.06238714,5
988,105,7,0.145599625,5
989,106,7,0.663458181,5
990,107,7,0.25891151,8
991,108,7,0.129515746,8
992,109,7,0.215586262,8
993,110,7,0.190039156,8
994,111,7,0.375119448,8
995,112,7,-0.031052216,6
996,113,7,0.087033909,6
997,114,7,0.131032134,6
998,115,7,0.166651198,6
999,116,7,-0.033401352,6
1000,117,7,-0.012275852,6
1001,118,7,0.108533909,6
1002,119,7,0.176464199,6
1003,120,7,0.107143202,6
1004,121,7,0.136138718,6
1005,122,7,0.254595232,6
1006,123,7,-0.002088631,6
1007,124,7,0.052254049,6
1008,125,7,0.152300396,6
1009,0,8,0.139148721,0
1010,1,8,0.105157066,0
1011,2,8,0.09477622,0
1012,3,8,0.071600228,0
1013,4,8,0.133945071,0
1014,5,8,0.065194449,0
1015,6,8,0.086407847,0
1016,7,8,0.121396917,0
1017,8,8,0.196356942,0
1018,9,8,0.142116893,0
1019,10,8,0.131077867,0
1020,11,8,-0.009689738,0
1021,12,8,0.008656568,0
1022,13,8,0.068184242,0
1023,14,8,-0.074409932,0
1024,15,8,-0.280485495,7
1025,16,8,0.088423636,7
1026,17,8,0.024067058,7
1027,18,8,0.006542971,7
1028,19,8,0.020715739,7
1029,20,8,-0.136165903,7
1030,21,8,-0.14114472,7
1031,22,8,-0.134694122,7
1032,23,8,-0.112298394,7
1033,24,8,0.034196037,7
1034,25,8,-0.024129123,7
1035,26,8,0.040523681,7
1036,27,8,-0.036831655,7
1037,28,8,-0.016217285,7
1038,29,8,-0.113449407,7
1039,30,8,-0.101579973,7
1040,31,8,0.066920021,7
1041,32,8,-0.005021391,7
1042,33,8,0.043551624,7
1043,34,8,0.082837426,1
1044,35,8,-0.056237413,1
1045,36,8,0.092192056,1
1046,37,8,0.134273335,1
1047,38,8,0.125513196,1
1048,39,8,0.077710955,1
1049,40,8,0.080932386,1
1050,41,8,0.148972093,1
1051,42,8,0.215926999,1
1052,43,8,0.073899121,1
1053,44,8,-0.003238499,1
1054,45,8,0.151119248,1
1055,46,8,0.229423561,1
1056,47,8,0.061723262,1
1057,48,8,0.197230154,1
1058,49,8,0.115825308,1
1059,50,8,-0.014758323,1
1060,51,8,0.079819521,1
1061,52,8,0.114486482,1
1062,53,8,0.120543879,1
1063,54,8,0.051048698,1
1064,55,8,-0.001844947,1
1065,56,8,0.026772397,1
1066,57,8,0.045029124,1
1067,58,8,0.006756062,1
1068,59,8,0.023334615,1
1069,60,8,0.075226742,1
1070,61,8,0.087321502,1
1071,62,8,0.073456805,1
1072,63,8,0.144220787,1
1073,64,8,0.187088449,1
1074,65,8,0.026568838,3
1075,66,8,0.008090795,3
1076,67,8,-0.003910196,3
1077,68,8,-0.044612259,3
1078,69,8,0.01504993,3
1079,70,8,-0.003088136,3
1080,71,8,0.640866967,9
1081,72,8,0.353540027,9
1082,73,8,0.109328914,3
1083,74,8,-0.001602971,3
1084,75,8,0.025457035,3
1085,76,8,0.038287233,3
1086,77,8,0.064245462,3
1087,78,8,-0.117073331,3
1088,79,8,-0.027784456,3
1089,80,8,-0.076764917,3
1090,81,8,-0.095391748,3
1091,82,8,0.099248796,3
1092,83,8,0.108984241,3
1093,84,8,-0.042539075,3
1094,85,8,-0.002029081,3
1095,86,8,-0.155568261,3
1096,87,8,-0.102749244,3
1097,88,8,-0.093979367,3
1098,89,8,-0.025761583,3
1099,90,8,0.015051798,3
1100,91,8,0.126302273,3
1101,92,8,0.125692621,3
1102,93,8,0.000417698,4
1103,94,8,-0.037027926,4
1104,95,8,0.163647651,4
1105,96,8,0.08311347,4
1106,97,8,-0.055592295,4
1107,98,8,0.186837292,4
1108,99,8,0.024820904,4
1109,100,8,-0.053629137,5
1110,101,8,0.164371244,5
1111,102,8,-0.047312863,5
1112,103,8,0.028557331,5
1113,104,8,-0.112917949,5
1114,105,8,0.027756812,5
1115,106,8,0.212476826,8
1116,107,8,0.119906513,8
1117,108,8,0.16434001,8
1118,109,8,0.116802774,8
1119,110,8,0.144746862,8
1120,111,8,0.102609245,8
1121,112,8,0.189980433,8
1122,113,8,-0.000462521,8
1123,114,8,0.21252304,6
1124,115,8,0.038369061,6
1125,116,8,-0.00380911,6
1126,117,8,0.077921815,6
1127,118,8,-0.048953401,6
1128,119,8,0.124534639,6
1129,120,8,-0.215705018,6
1130,121,8,0.056249106,6
1131,122,8,-0.015779778,6
1132,123,8,0.099282425,6
1133,124,8,0.138745194,6
1134,125,8,0.280745328,6
1135,0,9,0.080523752,0
1136,1,9,0.076933342,0
1137,2,9,0.144389141,0
1138,3,9,0.011757849,0
1139,4,9,0.151750845,0
1140,5,9,0.133183272,0
1141,6,9,-0.087898217,0
1142,7,9,0.059286155,0
1143,8,9,0.080597267,0
1144,9,9,0.248956507,0
1145,10,9,0.098725639,0
1146,11,9,0.018273834,0
1147,12,9,0.261124214,0
1148,13,9,0.525985284,0
1149,14,9,-0.289233516,7
1150,15,9,-0.165636374,7
1151,16,9,0.01382889,7
1152,17,9,-0.040565728,7
1153,18,9,0.021719801,7
1154,19,9,0.043119256,7
1155,20,9,-0.107617922,7
1156,21,9,-0.055573977,7
1157,22,9,-0.141141941,7
1158,23,9,-0.155085324,7
1159,24,9,-0.118571334,7
1160,25,9,0.032425,7
1161,26,9,-0.050585902,7
1162,27,9,-0.117851409,7
1163,28,9,-0.013407171,7
1164,29,9,-0.113060226,7
1165,30,9,-0.027840661,7
1166,31,9,-0.012046938,7
1167,32,9,-0.001545656,7
1168,33,9,0.104598974,7
1169,34,9,0.071086298,1
1170,35,9,0.103528925,1
1171,36,9,0.161855696,1
1172,37,9,0.189276555,1
1173,38,9,-0.000999883,1
1174,39,9,0.092005823,1
1175,40,9,0.007972822,1
1176,41,9,0.113554923,1
1177,42,9,0.093370136,1
1178,43,9,0.205669523,1
1179,44,9,0.133238168,1
1180,45,9,0.060133501,1
1181,46,9,0.11348743,1
1182,47,9,0.093384298,1
1183,48,9,0.160605603,1
1184,49,9,0.193209618,1
1185,50,9,0.018944726,1
1186,51,9,0.062794113,1
1187,52,9,-9.03E-05,1
1188,53,9,-0.185728517,1
1189,54,9,0.060183454,1
1190,55,9,0.089666904,1
1191,56,9,0.02342619,1
1192,57,9,0.126533029,1
1193,58,9,0.088947198,1
1194,59,9,0.123290561,1
1195,60,9,0.08932821,1
1196,61,9,0.012239784,1
1197,62,9,0.049414098,1
1198,63,9,0.205466117,1
1199,64,9,0.154200742,1
1200,65,9,0.240505572,1
1201,66,9,0.16396499,3
1202,67,9,-0.045198978,3
1203,68,9,-0.071729179,3
1204,69,9,0.70090349,9
1205,70,9,0.528920337,9
1206,71,9,0.37626003,9
1207,72,9,0.433157149,9
1208,73,9,0.141760835,9
1209,74,9,0.122154811,3
1210,75,9,0.106554894,3
1211,76,9,0.081597819,3
1212,77,9,0.037679936,3
1213,78,9,0.032512671,3
1214,79,9,-0.048465274,3
1215,80,9,-0.05952246,3
1216,81,9,-0.011297497,3
1217,82,9,-0.009217007,3
1218,83,9,0.007486908,3
1219,84,9,-0.118446481,3
1220,85,9,-0.182864815,3
1221,86,9,0.018692274,3
1222,87,9,-0.035793829,3
1223,88,9,-0.045972628,3
1224,89,9,0.117157879,3
1225,90,9,0.019452443,3
1226,91,9,0.035757477,3
1227,92,9,0.090550997,3
1228,93,9,0.066863234,3
1229,94,9,-0.008520324,3
1230,95,9,0.128309257,4
1231,96,9,0.001051978,4
1232,97,9,0.038171937,4
1233,98,9,0.050872154,4
1234,99,9,0.083613661,4
1235,100,9,0.357678948,5
1236,101,9,-0.032735776,5
1237,102,9,0.043495377,5
1238,103,9,0.018954313,5
1239,104,9,-0.036937313,5
1240,105,9,0.510704106,5
1241,106,9,0.061965091,8
1242,107,9,0.053555597,8
1243,108,9,0.07388011,8
1244,109,9,-0.0250534,8
1245,110,9,0.084352555,8
1246,111,9,0.035250217,8
1247,112,9,0.068960002,8
1248,113,9,-0.00048553,8
1249,114,9,0.232470835,8
1250,115,9,0.185031491,8
1251,116,9,0.080224787,6
1252,117,9,0.236865037,6
1253,118,9,0.294629567,6
1254,119,9,0.111080172,6
1255,120,9,0.035321415,6
1256,121,9,0.024848436,6
1257,122,9,0.024983762,6
1258,123,9,0.03198065,6
1259,124,9,-0.043529591,6
1260,125,9,0.165056728,6
1261,0,10,0.225510495,0
1262,1,10,0.202785573,0
1263,2,10,0.112050595,0
1264,3,10,0.300816034,0
1265,4,10,0.138906946,0
1266,5,10,0.217905304,0
1267,6,10,-0.001116872,0
1268,7,10,-0.013469527,0
1269,8,10,0.07266,0
1270,9,10,0.055751079,0
1271,10,10,0.161823013,0
1272,11,10,-0.158046071,7
1273,12,10,0.121594683,7
1274,13,10,-0.23022381,7
1275,14,10,-0.085515336,7
1276,15,10,-0.028331341,7
1277,16,10,-0.069077347,7
1278,17,10,0.031328058,7
1279,18,10,-0.108097685,7
1280,19,10,0.057124395,7
1281,20,10,-0.164196972,7
1282,21,10,0.089649312,7
1283,22,10,-0.100661202,7
1284,23,10,0.005033086,7
1285,24,10,0.075963723,7
1286,25,10,0.124267367,7
1287,26,10,-0.028675587,7
1288,27,10,-0.097843018,7
1289,28,10,-0.055094244,7
1290,29,10,-0.080266045,7
1291,30,10,-0.114756606,7
1292,31,10,-0.123743629,7
1293,32,10,-0.132550771,7
1294,33,10,0.035861607,7
1295,34,10,0.292398918,1
1296,35,10,0.122103378,1
1297,36,10,0.080855511,1
1298,37,10,0.212157181,1
1299,38,10,0.213427254,1
1300,39,10,0.184002683,1
1301,40,10,0.10481506,1
1302,41,10,0.134281659,1
1303,42,10,0.073600312,1
1304,43,10,-0.133310235,1
1305,44,10,-0.092343407,1
1306,45,10,0.036371603,1
1307,46,10,0.074358344,1
1308,47,10,0.109234987,1
1309,48,10,0.11826745,1
1310,49,10,-0.003108588,1
1311,50,10,0.088879959,1
1312,51,10,0.013022252,1
1313,52,10,0.148992348,1
1314,53,10,0.116748267,1
1315,54,10,0.119378377,1
1316,55,10,0.080375863,1
1317,56,10,0.195130546,1
1318,57,10,0.077281585,1
1319,58,10,0.061126537,1
1320,59,10,0.14948843,1
1321,60,10,0.094984926,1
1322,61,10,0.112492288,1
1323,62,10,0.140157102,1
1324,63,10,0.163317256,1
1325,64,10,0.137337973,1
1326,65,10,0.172444706,1
1327,66,10,0.281019323,1
1328,67,10,0.150863321,3
1329,68,10,0.530473687,9
1330,69,10,0.510500437,9
1331,70,10,0.496312459,9
1332,71,10,0.302283616,9
1333,72,10,0.410727762,9
1334,73,10,0.401074755,9
1335,74,10,0.775599741,9
1336,75,10,-0.024210109,3
1337,76,10,-0.129724141,3
1338,77,10,0.05254083,3
1339,78,10,0.038433839,3
1340,79,10,0.046028671,3
1341,80,10,-0.109013719,3
1342,81,10,-0.045397723,3
1343,82,10,-0.027805458,3
1344,83,10,0.01110094,3
1345,84,10,0.032147593,3
1346,85,10,0.00248472,3
1347,86,10,0.029981077,3
1348,87,10,-0.120988787,3
1349,88,10,-0.042791471,3
1350,89,10,0.07540189,3
1351,90,10,0.04608964,3
1352,91,10,-0.023749031,3
1353,92,10,-0.124685594,3
1354,93,10,0.088746314,3
1355,94,10,-0.054549019,3
1356,95,10,0.053171033,3
1357,96,10,0.201470488,4
1358,97,10,0.113996879,4
1359,98,10,-0.009195568,4
1360,99,10,0.133513287,4
1361,100,10,0.076255046,5
1362,101,10,-0.093649557,5
1363,102,10,-0.101675387,5
1364,103,10,-0.136852704,5
1365,104,10,-0.266364421,5
1366,105,10,0.06925772,8
1367,106,10,0.028997719,8
1368,107,10,-0.113368122,8
1369,108,10,-0.092608947,8
1370,109,10,-0.043668988,8
1371,110,10,-0.006947384,8
1372,111,10,0.041145423,8
1373,112,10,0.066531091,8
1374,113,10,0.095172588,8
1375,114,10,0.038393625,8
1376,115,10,0.171019985,8
1377,116,10,0.036976177,8
1378,117,10,0.090767776,8
1379,118,10,0.274250528,8
1380,119,10,0.027704976,6
1381,120,10,0.03697601,6
1382,121,10,0.03267763,6
1383,122,10,0.254327993,6
1384,123,10,0.11691957,6
1385,124,10,0.078149283,6
1386,125,10,0.215283006,6
1387,0,11,0.323960194,0
1388,1,11,0.309364123,0
1389,2,11,0.090449584,0
1390,3,11,0.129267943,0
1391,4,11,0.003540274,0
1392,5,11,0.336168737,0
1393,6,11,0.127700113,0
1394,7,11,0.018201983,0
1395,8,11,0.228031983,0
1396,9,11,-0.07583986,7
1397,10,11,-0.039651928,7
1398,11,11,-0.049864274,7
1399,12,11,-0.055031389,7
1400,13,11,0.093812442,7
1401,14,11,-0.08472221,7
1402,15,11,-0.225177994,7
1403,16,11,-0.088729622,7
1404,17,11,0.034904885,7
1405,18,11,0.029315064,7
1406,19,11,-0.057352199,7
1407,20,11,-0.111459148,7
1408,21,11,-0.318163904,7
1409,22,11,0.003943287,7
1410,23,11,-0.074885544,7
1411,24,11,-0.152685576,7
1412,25,11,0.008121472,7
1413,26,11,-0.053329868,7
1414,27,11,-0.01003991,7
1415,28,11,-0.106735706,7
1416,29,11,-0.143756051,7
1417,30,11,-0.001042631,7
1418,31,11,-0.317204732,7
1419,32,11,-0.020582509,7
1420,33,11,0.046749094,7
1421,34,11,-0.17505266,7
1422,35,11,0.104007728,1
1423,36,11,0.10767274,1
1424,37,11,0.083238735,1
1425,38,11,0.160632689,1
1426,39,11,0.065323173,1
1427,40,11,0.058460015,1
1428,41,11,0.18460727,1
1429,42,11,0.016939827,1
1430,43,11,0.061886435,1
1431,44,11,0.037040497,1
1432,45,11,-0.010067614,1
1433,46,11,-0.008849098,1
1434,47,11,0.057988776,1
1435,48,11,0.10326666,1
1436,49,11,0.017986258,1
1437,50,11,0.202857523,1
1438,51,11,0.174659453,1
1439,52,11,0.028681184,1
1440,53,11,-0.004273937,1
1441,54,11,0.045960979,1
1442,55,11,0.045195263,1
1443,56,11,0.232635006,1
1444,57,11,0.151213538,1
1445,58,11,0.023394807,1
1446,59,11,0.128348469,1
1447,60,11,0.071485036,1
1448,61,11,0.175329168,1
1449,62,11,0.10961636,1
1450,63,11,0.058218244,1
1451,64,11,0.054483764,1
1452,65,11,0.163438705,1
1453,66,11,0.095837705,1
1454,67,11,0.351832571,1
1455,68,11,0.892559266,9
1456,69,11,0.240558725,9
1457,70,11,0.059628041,9
1458,71,11,0.326856652,9
1459,72,11,0.094676036,9
1460,73,11,0.232563877,9
1461,74,11,0.33973744,9
1462,75,11,-0.01035262,3
1463,76,11,-0.149205623,3
1464,77,11,-0.080292569,3
1465,78,11,0.063997898,3
1466,79,11,-0.0875316,3
1467,80,11,-0.13933269,3
1468,81,11,-0.005307392,3
1469,82,11,0.075041422,3
1470,83,11,-0.098886304,3
1471,84,11,0.064660348,3
1472,85,11,0.033867191,3
1473,86,11,-0.104832619,3
1474,87,11,-0.161075988,3
1475,88,11,0.000589561,3
1476,89,11,-0.005244025,3
1477,90,11,-0.038738421,3
1478,91,11,-0.10482491,3
1479,92,11,0.026160541,3
1480,93,11,0.029818075,3
1481,94,11,-0.080829637,3
1482,95,11,-0.07337008,3
1483,96,11,0.061516304,3
1484,97,11,-0.045341804,3
1485,98,11,-0.028983012,3
1486,99,11,0.301580176,4
1487,100,11,0.40388271,5
1488,101,11,0.044065279,5
1489,102,11,-0.051397903,5
1490,103,11,-0.137334074,5
1491,104,11,0.27194126,5
1492,105,11,0.219059903,8
1493,106,11,-0.067501622,8
1494,107,11,1.206032935,8
1495,108,11,0.034962063,8
1496,109,11,-0.314063464,8
1497,110,11,-0.538852917,8
1498,111,11,0.02126701,8
1499,112,11,0,8
1500,113,11,0.075932898,8
1501,114,11,0.075871407,8
1502,115,11,0.104808167,8
1503,116,11,0.016841154,8
1504,117,11,0.078684737,8
1505,118,11,0.042294996,8
1506,119,11,0.061821469,8
1507,120,11,0.264857315,8
1508,121,11,0.293049591,6
1509,122,11,0.193926177,6
1510,123,11,0.309221199,6
1511,124,11,0.132214034,6
1512,125,11,0.132031347,6
1513,0,12,0.071301665,0
1514,1,12,0.256104724,0
1515,2,12,0.159074062,0
1516,3,12,0.115020624,0
1517,4,12,0.204736379,0
1518,5,12,0.186949529,0
1519,6,12,0.238541189,0
1520,7,12,0,NaN
1521,8,12,-0.03823245,7
1522,9,12,-0.113543254,7
1523,10,12,0.043926949,7
1524,11,12,-0.134974453,7
1525,12,12,-0.04075938,7
1526,13,12,-0.204322412,7
1527,14,12,-0.001436932,7
1528,15,12,0.057052653,7
1529,16,12,0.141151683,7
1530,17,12,-0.061080905,7
1531,18,12,0.03390512,7
1532,19,12,-0.123302254,7
1533,20,12,-0.094346883,7
1534,21,12,-0.107290629,7
1535,22,12,0.090694232,7
1536,23,12,-0.060599447,7
1537,24,12,0.007651816,7
1538,25,12,-0.089845109,7
1539,26,12,-0.050742403,7
1540,27,12,-0.102089189,7
1541,28,12,-0.018289407,7
1542,29,12,-0.04655757,7
1543,30,12,-0.044162751,7
1544,31,12,-0.120111679,7
1545,32,12,-0.136774657,7
1546,33,12,-0.025658373,7
1547,34,12,0.131009133,7
1548,35,12,0.203972349,1
1549,36,12,0.203906192,1
1550,37,12,0.14206513,1
1551,38,12,0.04676463,1
1552,39,12,0.004833257,1
1553,40,12,0.250240771,1
1554,41,12,0.011909476,1
1555,42,12,0.031747743,1
1556,43,12,0.028276003,1
1557,44,12,0.105755217,1
1558,45,12,0.151841982,1
1559,46,12,-0.001938112,1
1560,47,12,-0.045958312,1
1561,48,12,-0.087632625,1
1562,49,12,0.106362529,1
1563,50,12,0.12676434,1
1564,51,12,0.174066795,1
1565,52,12,0.060445534,1
1566,53,12,0.244368989,1
1567,54,12,0.087865639,1
1568,55,12,0.24467689,1
1569,56,12,0.092403341,1
1570,57,12,0.009128725,1
1571,58,12,0.07809822,1
1572,59,12,0.156314538,1
1573,60,12,0.108366082,1
1574,61,12,0.144266968,1
1575,62,12,0.11110575,1
1576,63,12,0.016367323,1
1577,64,12,0.163057282,1
1578,65,12,0.18044399,1
1579,66,12,0.209303569,1
1580,67,12,0.098285139,1
1581,68,12,0.914895672,9
1582,69,12,0.549047677,9
1583,70,12,0.159089341,9
1584,71,12,0.329713725,9
1585,72,12,0.179515198,9
1586,73,12,0.463538525,9
1587,74,12,0.388728538,9
1588,75,12,0.439670905,9
1589,76,12,0.013968081,3
1590,77,12,-0.138934193,3
1591,78,12,0.077980673,3
1592,79,12,-0.065351576,3
1593,80,12,-0.022334525,3
1594,81,12,-0.04070711,3
1595,82,12,-0.024111126,3
1596,83,12,-0.048821741,3
1597,84,12,0.094762784,3
1598,85,12,0.054931839,3
1599,86,12,-0.146919608,3
1600,87,12,-0.065466346,3
1601,88,12,0.131608954,3
1602,89,12,-0.020746228,3
1603,90,12,-0.041630129,3
1604,91,12,-0.090712462,3
1605,92,12,-0.051380445,3
1606,93,12,0.06369309,3
1607,94,12,-0.243422838,3
1608,95,12,0.106718927,3
1609,96,12,0.101567725,3
1610,97,12,-0.004912997,3
1611,98,12,0.084910418,10
1612,99,12,0.016480085,10
1613,100,12,0.13924002,10
1614,101,12,0.006106717,3
1615,102,12,-0.066587127,5
1616,103,12,0.063804936,5
1617,104,12,0,NaN
1618,105,12,0.179575222,8
1619,106,12,0.039852352,8
1620,107,12,0.34161684,8
1621,108,12,-0.051651725,8
1622,109,12,-0.004446321,8
1623,110,12,-0.046504944,8
1624,111,12,-0.001594578,8
1625,112,12,0.210058854,8
1626,113,12,0.187606393,8
1627,114,12,0.124925099,8
1628,115,12,0.179553582,8
1629,116,12,0.239174868,8
1630,117,12,0.061397809,8
1631,118,12,-0.001554882,8
1632,119,12,-0.033831802,8
1633,120,12,0.033037607,8
1634,121,12,0.083757009,8
1635,122,12,0.191113307,8
1636,123,12,0.356426566,8
1637,124,12,0.136153861,6
1638,125,12,0.086146971,6
1639,0,13,-0.027003574,0
1640,1,13,0.131265721,0
1641,2,13,0.211889372,0
1642,3,13,0.127102365,0
1643,4,13,0.308687164,0
1644,5,13,0,NaN
1645,6,13,0,11
1646,7,13,0.042559206,7
1647,8,13,-0.076437837,7
1648,9,13,-0.020138696,7
1649,10,13,-0.044373273,7
1650,11,13,0.005690264,7
1651,12,13,-0.119507488,7
1652,13,13,-0.02990212,7
1653,14,13,-0.14969563,7
1654,15,13,-0.075346391,7
1655,16,13,-0.130635846,7
1656,17,13,-0.04433275,7
1657,18,13,-0.00580059,7
1658,19,13,-0.10066276,7
1659,20,13,-0.08513822,7
1660,21,13,-0.062658351,7
1661,22,13,-0.062471927,7
1662,23,13,-0.06418412,7
1663,24,13,-0.099869595,7
1664,25,13,0.062842327,7
1665,26,13,-0.031213918,7
1666,27,13,-0.048231725,7
1667,28,13,-0.140210807,7
1668,29,13,-0.051461482,7
1669,30,13,-0.094081651,7
1670,31,13,-0.087909236,7
1671,32,13,0.110249069,7
1672,33,13,-0.049037712,7
1673,34,13,0.014189131,7
1674,35,13,0.116639611,1
1675,36,13,0.043256788,1
1676,37,13,0.172088767,1
1677,38,13,0.213044406,1
1678,39,13,-0.01399189,1
1679,40,13,0.069399706,1
1680,41,13,0.046454591,1
1681,42,13,0.162969695,1
1682,43,13,0.058286545,1
1683,44,13,0.013651143,1
1684,45,13,0.063397909,1
1685,46,13,0.07284819,1
1686,47,13,0.136062002,1
1687,48,13,-0.044993047,1
1688,49,13,0.123127387,1
1689,50,13,0.090894638,1
1690,51,13,0.02323155,1
1691,52,13,0.223130082,1
1692,53,13,0.113004515,1
1693,54,13,0.108235958,1
1694,55,13,0.054092269,1
1695,56,13,0.086180399,1
1696,57,13,0.060302833,1
1697,58,13,0.157474619,1
1698,59,13,0.043663087,1
1699,60,13,-0.064270049,1
1700,61,13,0.078613271,1
1701,62,13,0.15795395,1
1702,63,13,0.056627459,1
1703,64,13,0.021811987,1
1704,65,13,0.045817183,1
1705,66,13,0.080545764,1
1706,67,13,0.240410893,1
1707,68,13,0.110209235,1
1708,69,13,0.345628223,9
1709,70,13,0.299776363,9
1710,71,13,0.316310683,9
1711,72,13,0.156084823,9
1712,73,13,0.312292746,9
1713,74,13,0.332758936,9
1714,75,13,0.285137137,9
1715,76,13,-0.05127455,3
1716,77,13,-0.017284411,3
1717,78,13,-0.114044097,3
1718,79,13,-0.038861535,3
1719,80,13,-0.133133816,3
1720,81,13,0.014275412,3
1721,82,13,0.069872115,3
1722,83,13,-0.105182582,3
1723,84,13,1.97E-05,3
1724,85,13,-0.049178434,3
1725,86,13,-0.065700527,3
1726,87,13,-0.062222332,3
1727,88,13,-0.007159728,3
1728,89,13,0.029548052,3
1729,90,13,0.083354072,3
1730,91,13,0.02071436,3
1731,92,13,-0.042147317,3
1732,93,13,0.023558849,3
1733,94,13,0.021847224,3
1734,95,13,-0.074770378,3
1735,96,13,0.001324644,3
1736,97,13,0.090666396,10
1737,98,13,0.01566269,10
1738,99,13,0.079889532,3
1739,100,13,0.139597899,3
1740,101,13,-0.016541454,3
1741,102,13,-0.031304316,3
1742,103,13,0.031935453,3
1743,104,13,-0.133549237,8
1744,105,13,0.057949948,8
1745,106,13,0.102404469,8
1746,107,13,0.01462131,8
1747,108,13,-0.067009407,8
1748,109,13,-0.042013762,8
1749,110,13,0.14923097,8
1750,111,13,0.040410902,8
1751,112,13,0.096881091,8
1752,113,13,-0.098894956,8
1753,114,13,0.07509249,8
1754,115,13,0.014108817,8
1755,116,13,0.120433741,8
1756,117,13,0.027609953,8
1757,118,13,0.045370143,8
1758,119,13,0.062641576,8
1759,120,13,0.014616142,8
1760,121,13,0.138596046,8
1761,122,13,0.033653639,8
1762,123,13,0.064419128,8
1763,124,13,0.027012016,8
1764,125,13,0.457806512,8
1765,0,14,0.089010123,0
1766,1,14,0.099188782,11
1767,2,14,-0.367610432,11
1768,3,14,-0.014849092,11
1769,4,14,0.003798986,11
1770,5,14,0.103095018,11
1771,6,14,0.274205682,11
1772,7,14,0.082065338,7
1773,8,14,-0.022423327,7
1774,9,14,-0.021235303,7
1775,10,14,-0.006977657,7
1776,11,14,-0.126664902,7
1777,12,14,-0.269331352,7
1778,13,14,-0.08499658,7
1779,14,14,-0.053870342,7
1780,15,14,-0.070248825,7
1781,16,14,-0.073259257,7
1782,17,14,-0.160163041,7
1783,18,14,-0.000871248,7
1784,19,14,0.014489263,7
1785,20,14,0.022237474,7
1786,21,14,-0.147291001,7
1787,22,14,-0.058017761,7
1788,23,14,-0.047231726,7
1789,24,14,0.049813516,7
1790,25,14,0.030487796,7
1791,26,14,-0.070160934,7
1792,27,14,-0.001212745,7
1793,28,14,-0.002194346,7
1794,29,14,-0.061504866,7
1795,30,14,-0.121261259,7
1796,31,14,-0.070917415,7
1797,32,14,-0.018139528,7
1798,33,14,0.093429669,7
1799,34,14,-0.000104709,7
1800,35,14,-0.013960513,7
1801,36,14,0.144102263,1
1802,37,14,0.141162465,1
1803,38,14,0.202886275,1
1804,39,14,0.205547022,1
1805,40,14,-0.118440285,1
1806,41,14,0.085106125,1
1807,42,14,0.109795011,1
1808,43,14,0.197539056,1
1809,44,14,0.126715047,1
1810,45,14,0.071492748,1
1811,46,14,0.046529424,1
1812,47,14,0.099774161,1
1813,48,14,0.129477823,1
1814,49,14,0.18265579,1
1815,50,14,-0.013699319,1
1816,51,14,0.103144487,1
1817,52,14,0.209988052,1
1818,53,14,0.079586532,1
1819,54,14,0.242393603,1
1820,55,14,0.249308642,1
1821,56,14,0.085123799,1
1822,57,14,0.054179747,1
1823,58,14,0.031612344,1
1824,59,14,0.015219787,1
1825,60,14,0.029072712,1
1826,61,14,0.12979781,1
1827,62,14,0.158732382,1
1828,63,14,0.081602947,1
1829,64,14,-0.075676633,1
1830,65,14,0.158426305,1
1831,66,14,0.014416201,1
1832,67,14,0.161462216,1
1833,68,14,0.213036725,1
1834,69,14,0.378026356,9
1835,70,14,0.380050047,9
1836,71,14,0.210387469,9
1837,72,14,0.254758756,9
1838,73,14,0.364353325,9
1839,74,14,0.371729515,9
1840,75,14,0.338739359,9
1841,76,14,0.260286213,9
1842,77,14,0.032163199,3
1843,78,14,0.029557806,3
1844,79,14,0.048924099,3
1845,80,14,0.040692573,3
1846,81,14,0.071964956,3
1847,82,14,0.051220048,3
1848,83,14,0.001508679,3
1849,84,14,0.065639667,3
1850,85,14,-0.007018406,3
1851,86,14,-0.07090045,3
1852,87,14,0.063931772,3
1853,88,14,-0.082303078,3
1854,89,14,-0.0688389,3
1855,90,14,-0.0522228,3
1856,91,14,-0.057286625,3
1857,92,14,0.099000101,3
1858,93,14,-0.031672571,3
1859,94,14,-0.081668764,3
1860,95,14,0.022643097,10
1861,96,14,-0.022543688,10
1862,97,14,0.06220034,10
1863,98,14,0.067088416,3
1864,99,14,0.076736043,3
1865,100,14,-0.041050196,3
1866,101,14,-0.062753737,3
1867,102,14,0.045197938,3
1868,103,14,0.109718275,3
1869,104,14,0.173510247,8
1870,105,14,0.071101222,8
1871,106,14,-0.003254205,8
1872,107,14,0.042449504,8
1873,108,14,0.022983524,8
1874,109,14,0.060421783,8
1875,110,14,0.201930057,8
1876,111,14,0.050788383,8
1877,112,14,0.191282901,8
1878,113,14,0.022986513,8
1879,114,14,0.085477482,8
1880,115,14,0.323235403,8
1881,116,14,0.096883253,8
1882,117,14,0.055762814,8
1883,118,14,0.248241615,8
1884,119,14,0.129533926,8
1885,120,14,0.050242657,8
1886,121,14,0.202331201,8
1887,122,14,-0.000131744,8
1888,123,14,0.099076314,8
1889,124,14,0.024465058,8
1890,125,14,0.14994606,8
1891,0,15,-0.1541612,11
1892,1,15,0.030295291,11
1893,2,15,0.014672278,11
1894,3,15,0.048023281,11
1895,4,15,0.007526503,7
1896,5,15,0.264763797,11
1897,6,15,0.155646866,7
1898,7,15,-0.08093186,7
1899,8,15,-0.049863031,7
1900,9,15,-0.079673324,7
1901,10,15,-0.168199835,7
1902,11,15,0.043771677,7
1903,12,15,-0.196206958,7
1904,13,15,-0.174253307,7
1905,14,15,-0.105672036,7
1906,15,15,-0.203403739,7
1907,16,15,-0.03399105,7
1908,17,15,-0.11775996,7
1909,18,15,-0.001763249,7
1910,19,15,-0.122573706,7
1911,20,15,0.085748709,7
1912,21,15,-0.060192815,7
1913,22,15,-0.080752491,7
1914,23,15,-0.123818688,7
1915,24,15,-0.052843988,7
1916,25,15,-0.126506181,7
1917,26,15,0.123009621,7
1918,27,15,-0.015608353,7
1919,28,15,-0.14055865,7
1920,29,15,-0.135940463,7
1921,30,15,-0.27263123,7
1922,31,15,0.057813672,7
1923,32,15,-0.009962661,7
1924,33,15,-0.117664691,7
1925,34,15,0.0883647,7
1926,35,15,0.052956935,7
1927,36,15,0.229783512,1
1928,37,15,0.037173158,1
1929,38,15,0.19255012,1
1930,39,15,0.089896449,1
1931,40,15,-0.10060758,1
1932,41,15,0.209354128,1
1933,42,15,0.1522088,1
1934,43,15,0.026100718,1
1935,44,15,0.141881009,1
1936,45,15,0.080279604,1
1937,46,15,0.12471081,1
1938,47,15,0.106285662,1
1939,48,15,0.071608535,1
1940,49,15,-0.122675985,1
1941,50,15,-0.098117425,1
1942,51,15,0.169044407,1
1943,52,15,0.126979466,1
1944,53,15,-0.056435654,1
1945,54,15,0.247077429,1
1946,55,15,0.208356817,1
1947,56,15,0.209117037,1
1948,57,15,0.029140858,1
1949,58,15,-0.1016033,1
1950,59,15,0.352582275,1
1951,60,15,0.019079471,1
1952,61,15,-0.005277964,1
1953,62,15,0.144760808,1
1954,63,15,0.065472925,1
1955,64,15,0.048064295,1
1956,65,15,0.222776821,1
1957,66,15,0.135631555,1
1958,67,15,0.011515642,1
1959,68,15,0.17510008,1
1960,69,15,0.613224312,9
1961,70,15,0.312590152,9
1962,71,15,0.156232541,9
1963,72,15,0.525183127,9
1964,73,15,0.105894479,9
1965,74,15,0.154253056,9
1966,75,15,-0.032184374,9
1967,76,15,0.154270221,9
1968,77,15,-0.004299275,3
1969,78,15,0.16372817,3
1970,79,15,-0.027711834,3
1971,80,15,-0.042523874,3
1972,81,15,-0.05516501,3
1973,82,15,-0.027083629,3
1974,83,15,0.023428936,3
1975,84,15,-0.038255397,3
1976,85,15,0.022562846,3
1977,86,15,0.015800105,3
1978,87,15,0.018268983,3
1979,88,15,-0.070152334,3
1980,89,15,-0.060473429,3
1981,90,15,0.016494428,3
1982,91,15,0.025319477,3
1983,92,15,-0.057961584,3
1984,93,15,-0.008047394,3
1985,94,15,-0.058971821,10
1986,95,15,0.111864716,10
1987,96,15,-0.09046526,10
1988,97,15,0.009106152,3
1989,98,15,0.0433896,3
1990,99,15,0.035455488,3
1991,100,15,0.007584842,3
1992,101,15,-0.154859008,3
1993,102,15,0.047660232,3
1994,103,15,0.085319444,3
1995,104,15,0.225640256,8
1996,105,15,0.057653396,8
1997,106,15,0.063009608,8
1998,107,15,0.065232355,8
1999,108,15,0.055817565,8
2000,109,15,0.0363707,8
2001,110,15,0.066124497,8
2002,111,15,-0.003446639,8
2003,112,15,0.043118121,8
2004,113,15,0.110689958,8
2005,114,15,0.168731489,8
2006,115,15,0.217635003,8
2007,116,15,0.161055037,8
2008,117,15,0.093711056,8
2009,118,15,0.204250217,8
2010,119,15,0.156116115,8
2011,120,15,0.174921617,8
2012,121,15,0.100162985,8
2013,122,15,0.253993803,8
2014,123,15,0.135709545,8
2015,124,15,0.066506818,8
2016,125,15,0.001231162,8
2017,0,16,-0.059027346,11
2018,1,16,-0.166297273,11
2019,2,16,-0.10689389,11
2020,3,16,0.110027896,7
2021,4,16,0.07188157,7
2022,5,16,0.066656592,7
2023,6,16,0.04216307,7
2024,7,16,-0.094719557,7
2025,8,16,-0.156528983,7
2026,9,16,-0.170032783,7
2027,10,16,-0.125353078,7
2028,11,16,-0.066425263,7
2029,12,16,0.135895698,7
2030,13,16,-0.069170692,7
2031,14,16,-0.188961056,7
2032,15,16,-0.176579377,7
2033,16,16,-0.101830449,7
2034,17,16,-0.113699358,7
2035,18,16,-0.175364207,7
2036,19,16,-0.021748054,7
2037,20,16,-0.073509653,7
2038,21,16,-0.012079193,7
2039,22,16,-0.011187118,7
2040,23,16,-0.025665382,7
2041,24,16,-0.037280859,7
2042,25,16,-0.206412905,7
2043,26,16,-0.071208951,7
2044,27,16,-0.018838009,7
2045,28,16,-0.090065726,7
2046,29,16,0.111976824,7
2047,30,16,-0.128024066,7
2048,31,16,0.042638097,7
2049,32,16,-0.036498986,7
2050,33,16,-0.155159262,7
2051,34,16,-0.038765018,7
2052,35,16,0.244658471,7
2053,36,16,0.329095034,1
2054,37,16,-0.014181983,1
2055,38,16,0.149031312,1
2056,39,16,-0.005250433,1
2057,40,16,0.230447101,1
2058,41,16,0.059876634,1
2059,42,16,0.066565395,1
2060,43,16,0.098372884,1
2061,44,16,0.087237654,1
2062,45,16,-0.027393844,1
2063,46,16,0.186775666,1
2064,47,16,0.068799187,1
2065,48,16,0.154630845,1
2066,49,16,0.201457203,1
2067,50,16,0.109899802,1
2068,51,16,0.088544311,1
2069,52,16,0.010691154,1
2070,53,16,0.198126901,1
2071,54,16,0.015945679,1
2072,55,16,0.107719612,1
2073,56,16,0.041093226,1
2074,57,16,-0.069750811,1
2075,58,16,-0.045007744,1
2076,59,16,0.102331533,1
2077,60,16,0.130529782,1
2078,61,16,0.190985953,1
2079,62,16,0.067147553,1
2080,63,16,-0.064060055,1
2081,64,16,0.215720408,1
2082,65,16,0.269506403,1
2083,66,16,0.195463589,1
2084,67,16,-0.007781717,1
2085,68,16,0.197513377,1
2086,69,16,0.968571932,9
2087,70,16,0.271661584,9
2088,71,16,0.177245603,9
2089,72,16,0.126006895,9
2090,73,16,0.474554175,9
2091,74,16,-0.046223993,9
2092,75,16,0.052285758,9
2093,76,16,0.295105641,9
2094,77,16,0.377178745,9
2095,78,16,0.028716093,3
2096,79,16,0.310794272,3
2097,80,16,-0.088684836,3
2098,81,16,-0.178845055,3
2099,82,16,-0.128358857,3
2100,83,16,-0.010286335,3
2101,84,16,-0.056055914,3
2102,85,16,-0.087374725,3
2103,86,16,-0.099532092,3
2104,87,16,-0.010507953,3
2105,88,16,-0.13821541,3
2106,89,16,0.06812835,3
2107,90,16,-0.059218228,3
2108,91,16,-0.002341422,3
2109,92,16,0.086819535,3
2110,93,16,0.07908089,10
2111,94,16,-0.036537053,10
2112,95,16,0.056425724,3
2113,96,16,0.02340812,3
2114,97,16,0.011851027,3
2115,98,16,-0.064790908,3
2116,99,16,-0.086131266,3
2117,100,16,-0.10065219,3
2118,101,16,-0.09301334,3
2119,102,16,-0.122917352,3
2120,103,16,0.040437962,12
2121,104,16,0.022972419,12
2122,105,16,0.089033386,12
2123,106,16,0.028418407,8
2124,107,16,0.101331596,8
2125,108,16,0.328244997,8
2126,109,16,0.092583129,8
2127,110,16,0.15547376,8
2128,111,16,0.177409324,8
2129,112,16,0.078664397,8
2130,113,16,-0.051023929,8
2131,114,16,0.03670487,8
2132,115,16,0.120368697,8
2133,116,16,0.077506762,8
2134,117,16,0.059259644,8
2135,118,16,-0.0910773,8
2136,119,16,0.0843778,8
2137,120,16,0.081237878,8
2138,121,16,0.019607337,8
2139,122,16,0.144778886,8
2140,123,16,0.078959638,8
2141,124,16,0.083950084,8
2142,125,16,-0.013180547,8
2143,0,17,-0.101913049,11
2144,1,17,-0.071901902,11
2145,2,17,-0.085527812,11
2146,3,17,0.084105711,7
2147,4,17,-0.034285716,7
2148,5,17,-0.029002004,7
2149,6,17,-0.063423645,7
2150,7,17,0.070627286,7
2151,8,17,-0.013393247,7
2152,9,17,-0.029847118,7
2153,10,17,-0.076083152,7
2154,11,17,-0.134964042,7
2155,12,17,-0.112706265,7
2156,13,17,-0.04560353,7
2157,14,17,-0.077171103,7
2158,15,17,-0.113474022,7
2159,16,17,-0.118734431,7
2160,17,17,-0.008617456,7
2161,18,17,-0.017569638,7
2162,19,17,-0.187458927,7
2163,20,17,-0.089630621,7
2164,21,17,-0.06772916,7
2165,22,17,-0.124550536,7
2166,23,17,0.100880108,7
2167,24,17,0.016547558,7
2168,25,17,-0.033189294,7
2169,26,17,-0.078588205,7
2170,27,17,-0.133052158,7
2171,28,17,-0.013951952,7
2172,29,17,0.121189588,7
2173,30,17,0.02217636,7
2174,31,17,0.074746649,7
2175,32,17,0.106225743,7
2176,33,17,0.099455413,7
2177,34,17,0.005379045,7
2178,35,17,-0.087066624,7
2179,36,17,0.151882711,7
2180,37,17,-0.115367752,7
2181,38,17,0.189547886,1
2182,39,17,0.086568749,1
2183,40,17,0.166296874,1
2184,41,17,0.073472637,1
2185,42,17,0.135752326,1
2186,43,17,0.314451394,1
2187,44,17,0.313858294,1
2188,45,17,0.142084136,1
2189,46,17,0.08538415,1
2190,47,17,-0.063296903,1
2191,48,17,0.130044151,1
2192,49,17,0.292356743,1
2193,50,17,0.13549687,1
2194,51,17,-0.083340868,1
2195,52,17,0.070375224,1
2196,53,17,0.099531969,1
2197,54,17,0.069217019,1
2198,55,17,0.00983646,1
2199,56,17,0.064016212,1
2200,57,17,0.000472999,1
2201,58,17,-0.036823762,1
2202,59,17,0.006420447,1
2203,60,17,0.071251911,1
2204,61,17,0.208399053,1
2205,62,17,0.074798646,1
2206,63,17,0.075369492,1
2207,64,17,0.12858035,1
2208,65,17,0.153987652,1
2209,66,17,0.148096996,1
2210,67,17,-0.330212977,1
2211,68,17,0.110440522,1
2212,69,17,0.043219872,1
2213,70,17,0.431611058,9
2214,71,17,0.215316046,9
2215,72,17,0.236355872,9
2216,73,17,0.242124353,9
2217,74,17,0.409150099,9
2218,75,17,0.211696438,9
2219,76,17,0.513861236,9
2220,77,17,0.395960014,9
2221,78,17,-0.285881212,3
2222,79,17,-0.078850797,3
2223,80,17,-0.114010057,3
2224,81,17,-0.111889591,3
2225,82,17,0.00876838,3
2226,83,17,-0.011671399,3
2227,84,17,0.045657785,3
2228,85,17,0.04218081,3
2229,86,17,0.006665205,3
2230,87,17,-0.013288848,3
2231,88,17,0.193510131,3
2232,89,17,0.02648174,3
2233,90,17,0.075930029,3
2234,91,17,0.032878474,10
2235,92,17,0,10
2236,93,17,-0.051504973,10
2237,94,17,-0.0036922,3
2238,95,17,0.109219518,3
2239,96,17,-0.020792822,3
2240,97,17,-0.036490677,3
2241,98,17,0.085294686,3
2242,99,17,-0.130609359,3
2243,100,17,0.072172323,3
2244,101,17,0.206604627,12
2245,102,17,-0.054984499,12
2246,103,17,-0.052811535,12
2247,104,17,-0.084179376,12
2248,105,17,-0.463334997,12
2249,106,17,0.110990986,12
2250,107,17,0.193498442,12
2251,108,17,0.739532047,12
2252,109,17,0.080638056,8
2253,110,17,0.205686697,8
2254,111,17,-0.056134108,8
2255,112,17,-0.065197182,8
2256,113,17,0.133382843,8
2257,114,17,0.168269488,8
2258,115,17,0.058736235,8
2259,116,17,-0.006559428,8
2260,117,17,0.062401416,8
2261,118,17,0.092289748,8
2262,119,17,-0.016041027,8
2263,120,17,0.001614615,8
2264,121,17,-0.020154,8
2265,122,17,0.085946474,8
2266,123,17,-0.011728938,8
2267,124,17,0.186711709,8
2268,125,17,0.173840077,8
2269,0,18,-0.230264777,11
2270,1,18,0.057467076,11
2271,2,18,0.20225063,7
2272,3,18,-0.110998897,7
2273,4,18,-0.089049673,7
2274,5,18,-0.047333981,7
2275,6,18,-0.054822292,7
2276,7,18,-0.212834675,7
2277,8,18,-0.114963659,7
2278,9,18,0.079165347,7
2279,10,18,-0.036030999,7
2280,11,18,-0.033078155,7
2281,12,18,-0.102666686,7
2282,13,18,-0.157121221,7
2283,14,18,-0.077381467,7
2284,15,18,-0.11127953,7
2285,16,18,0.028611204,7
2286,17,18,-0.004040076,7
2287,18,18,0.052793935,7
2288,19,18,-0.088929735,7
2289,20,18,0.065394492,7
2290,21,18,-0.019393098,7
2291,22,18,-0.04586216,7
2292,23,18,-0.171196488,7
2293,24,18,-0.063317632,7
2294,25,18,0.100241585,7
2295,26,18,0.000190288,7
2296,27,18,-0.052597778,7
2297,28,18,-0.100811767,7
2298,29,18,-0.029957838,7
2299,30,18,-0.028534315,7
2300,31,18,-0.066334541,7
2301,32,18,0.027395486,7
2302,33,18,0.128562041,7
2303,34,18,0.006172879,7
2304,35,18,-0.048872528,7
2305,36,18,0.032221395,7
2306,37,18,-0.196123404,7
2307,38,18,0.458977299,7
2308,39,18,0.055986326,1
2309,40,18,0.236985438,1
2310,41,18,0.195023428,1
2311,42,18,0.222384046,1
2312,43,18,-0.051227502,1
2313,44,18,0.004344023,1
2314,45,18,0.012547618,1
2315,46,18,-0.006143781,1
2316,47,18,0.139334523,1
2317,48,18,0.087215544,1
2318,49,18,0.20409288,1
2319,50,18,0.03586855,1
2320,51,18,0.051504527,1
2321,52,18,0.032288502,1
2322,53,18,0.152006106,1
2323,54,18,-0.072255444,1
2324,55,18,0.006710072,1
2325,56,18,0.176033921,1
2326,57,18,0.235702829,1
2327,58,18,-0.011251294,1
2328,59,18,0.086768204,1
2329,60,18,0.224647331,1
2330,61,18,0.114512738,1
2331,62,18,-0.037636694,1
2332,63,18,-0.068405013,1
2333,64,18,0.110307179,1
2334,65,18,0.141413389,1
2335,66,18,0.20567616,1
2336,67,18,0.184557356,1
2337,68,18,0.254794796,1
2338,69,18,0.149049613,1
2339,70,18,0.537856765,9
2340,71,18,0.355554473,9
2341,72,18,0.475586038,9
2342,73,18,0.382480863,9
2343,74,18,0.217087006,9
2344,75,18,0.440064081,9
2345,76,18,0.306810052,9
2346,77,18,0.466963623,9
2347,78,18,0.277673184,9
2348,79,18,0.001936247,3
2349,80,18,0.029391219,3
2350,81,18,0.050045148,3
2351,82,18,-0.098147869,3
2352,83,18,-0.081131786,3
2353,84,18,-0.010562492,3
2354,85,18,-0.05927516,3
2355,86,18,-0.052699556,3
2356,87,18,0.088076309,3
2357,88,18,-0.029175637,3
2358,89,18,0.013019255,3
2359,90,18,0.017144824,10
2360,91,18,-0.139171091,10
2361,92,18,0.057572964,3
2362,93,18,-0.04500736,3
2363,94,18,-0.000813941,3
2364,95,18,-0.06226246,3
2365,96,18,0.046736092,3
2366,97,18,-0.030640537,3
2367,98,18,0.11990152,3
2368,99,18,-0.046706958,3
2369,100,18,0.075728402,3
2370,101,18,0.07572456,12
2371,102,18,0.000435279,12
2372,103,18,-0.120561965,12
2373,104,18,-0.083577617,12
2374,105,18,-0.068224908,12
2375,106,18,-0.265571676,12
2376,107,18,-0.235756587,12
2377,108,18,0.035992962,12
2378,109,18,0.029056575,12
2379,110,18,0.397982979,12
2380,111,18,-0.166371909,8
2381,112,18,0.064871038,8
2382,113,18,-0.171901712,8
2383,114,18,0.038423197,8
2384,115,18,-0.012885064,8
2385,116,18,0.027576489,8
2386,117,18,0.15597034,8
2387,118,18,0.047682124,8
2388,119,18,0.089247582,8
2389,120,18,0.102064681,8
2390,121,18,0.055787322,8
2391,122,18,0.122617711,8
2392,123,18,-0.009444803,8
2393,124,18,-0.002566031,8
2394,125,18,0.126962272,8
2395,0,19,-0.17383905,11
2396,1,19,-0.032904765,7
2397,2,19,-0.050150176,7
2398,3,19,-0.12072299,7
2399,4,19,-0.08002407,7
2400,5,19,-0.092888786,7
2401,6,19,0.065799213,7
2402,7,19,-0.132734347,7
2403,8,19,-0.127858473,7
2404,9,19,-0.021245152,7
2405,10,19,-0.146401815,7
2406,11,19,-0.016409004,7
2407,12,19,0.050032987,7
2408,13,19,-0.030682075,7
2409,14,19,-0.112670216,7
2410,15,19,-0.068212243,7
2411,16,19,-0.146353944,7
2412,17,19,-0.155707102,7
2413,18,19,-0.051988931,7
2414,19,19,0.131409321,7
2415,20,19,0.040775835,7
2416,21,19,0.010024374,7
2417,22,19,-0.214887707,7
2418,23,19,-0.013759471,7
2419,24,19,-0.025555024,7
2420,25,19,-0.106553425,7
2421,26,19,-0.124222729,7
2422,27,19,-0.026934358,7
2423,28,19,0.040853603,7
2424,29,19,0.080238073,7
2425,30,19,-0.113269642,7
2426,31,19,0.078186734,7
2427,32,19,-0.243745881,7
2428,33,19,-0.028073577,7
2429,34,19,-0.001593157,7
2430,35,19,0.014997165,7
2431,36,19,-0.133623969,7
2432,37,19,-0.018515554,7
2433,38,19,0.171786371,7
2434,39,19,0.168272423,1
2435,40,19,0.290030176,1
2436,41,19,0.170364528,1
2437,42,19,0.133482036,1
2438,43,19,0.12928844,1
2439,44,19,0.178917825,1
2440,45,19,0.046318288,1
2441,46,19,0.087426156,1
2442,47,19,0.15718454,1
2443,48,19,-0.030449046,1
2444,49,19,0.132943464,1
2445,50,19,0.043176328,1
2446,51,19,0.076226136,1
2447,52,19,0.099320828,1
2448,53,19,-0.035618396,1
2449,54,19,-0.088956714,1
2450,55,19,0.132486509,1
2451,56,19,0.114766147,1
2452,57,19,0.113658689,1
2453,58,19,-0.085268009,1
2454,59,19,0.109202392,1
2455,60,19,0.036457043,1
2456,61,19,0.195064287,1
2457,62,19,0.059880472,1
2458,63,19,0.078136882,1
2459,64,19,0.139952662,1
2460,65,19,0.207816989,1
2461,66,19,0.165366334,1
2462,67,19,0.218080642,1
2463,68,19,0.143419794,1
2464,69,19,0.135831244,1
2465,70,19,0.2187751,9
2466,71,19,0.416019358,9
2467,72,19,0.326750307,9
2468,73,19,0.476133711,9
2469,74,19,0.356349134,9
2470,75,19,0.254149437,9
2471,76,19,0.381918176,9
2472,77,19,0.40343073,9
2473,78,19,0.064695375,9
2474,79,19,-0.077327834,3
2475,80,19,0.007259227,3
2476,81,19,0.063927536,3
2477,82,19,-0.139872272,3
2478,83,19,0.02876664,3
2479,84,19,0.133697667,3
2480,85,19,0.015629689,3
2481,86,19,0.157608535,3
2482,87,19,-0.010496691,3
2483,88,19,0.115344671,10
2484,89,19,0.182812165,10
2485,90,19,0.043174967,10
2486,91,19,0.039070602,3
2487,92,19,0.180869221,3
2488,93,19,-0.03202,3
2489,94,19,0.016964134,3
2490,95,19,-0.107100996,3
2491,96,19,-0.040236484,3
2492,97,19,0.02628508,3
2493,98,19,-0.049674248,3
2494,99,19,0.116257852,3
2495,100,19,-0.174871737,12
2496,101,19,-0.090964371,12
2497,102,19,-0.168012593,12
2498,103,19,-0.113043758,12
2499,104,19,-0.177395372,12
2500,105,19,-0.232491334,12
2501,106,19,-0.189781596,12
2502,107,19,-0.099707271,12
2503,108,19,-0.09741319,12
2504,109,19,-0.110986458,12
2505,110,19,-0.049984242,12
2506,111,19,0.099001125,12
2507,112,19,0.483675762,12
2508,113,19,0.007477474,8
2509,114,19,0.094896494,8
2510,115,19,0.098969987,8
2511,116,19,0.237159652,8
2512,117,19,0.004156076,8
2513,118,19,-0.043737726,8
2514,119,19,0.010462058,8
2515,120,19,0.076442023,8
2516,121,19,0.075153639,8
2517,122,19,0.107817285,8
2518,123,19,0.029787353,8
2519,124,19,0.043396469,8
2520,125,19,0.056814179,8
2521,0,20,0.260991081,11
2522,1,20,-0.02048544,7
2523,2,20,0.041335629,7
2524,3,20,-0.089273586,7
2525,4,20,-0.140565263,7
2526,5,20,-0.036265302,7
2527,6,20,-0.047077775,7
2528,7,20,-0.084052789,7
2529,8,20,0.028016641,7
2530,9,20,-0.197677467,7
2531,10,20,-0.310858873,7
2532,11,20,-0.202723474,7
2533,12,20,-0.07124787,7
2534,13,20,-0.192901848,7
2535,14,20,-0.026705872,7
2536,15,20,-0.145123061,7
2537,16,20,-0.053708771,7
2538,17,20,-0.109439351,7
2539,18,20,-0.129280388,7
2540,19,20,-0.009782762,7
2541,20,20,-0.035660076,7
2542,21,20,-0.04025238,7
2543,22,20,-0.13233635,7
2544,23,20,-0.046241287,7
2545,24,20,-0.061260871,7
2546,25,20,-0.023497827,7
2547,26,20,-0.080193822,7
2548,27,20,-0.041542812,7
2549,28,20,-0.048873222,7
2550,29,20,0.056980321,7
2551,30,20,0.007077016,7
2552,31,20,0.015115245,7
2553,32,20,0.05429944,7
2554,33,20,-0.06100026,7
2555,34,20,0.099992228,7
2556,35,20,0.006271652,7
2557,36,20,-0.084938225,7
2558,37,20,0.007658209,7
2559,38,20,0.007812755,7
2560,39,20,0.216436362,1
2561,40,20,-0.153123035,1
2562,41,20,0.297262876,1
2563,42,20,0.019464842,1
2564,43,20,0.058283681,1
2565,44,20,0.087340085,1
2566,45,20,0.04347763,1
2567,46,20,0.218261234,1
2568,47,20,0.009815057,1
2569,48,20,0.113305635,1
2570,49,20,0.100051401,1
2571,50,20,0.092983973,1
2572,51,20,0.176529322,1
2573,52,20,0.108917952,1
2574,53,20,-0.051818752,1
2575,54,20,-0.015498647,1
2576,55,20,0.028013755,1
2577,56,20,0.149871866,1
2578,57,20,0.234756741,1
2579,58,20,0.043726761,1
2580,59,20,0.219115757,1
2581,60,20,0.01634408,1
2582,61,20,0.026781989,1
2583,62,20,0.135135656,1
2584,63,20,0.22871578,1
2585,64,20,0.115657963,1
2586,65,20,0.111643192,1
2587,66,20,0.173138055,1
2588,67,20,0.07885713,1
2589,68,20,0.024379151,1
2590,69,20,0.003168755,1
2591,70,20,-0.038069622,1
2592,71,20,0.210231695,9
2593,72,20,0.020341982,9
2594,73,20,0.153880258,9
2595,74,20,0.253975523,9
2596,75,20,0.284012967,9
2597,76,20,0.326642293,9
2598,77,20,0.285313795,9
2599,78,20,0.353061327,9
2600,79,20,0.661408469,9
2601,80,20,-0.129046742,3
2602,81,20,-0.369833371,3
2603,82,20,-0.107698635,3
2604,83,20,-0.21814259,3
2605,84,20,-0.19835579,3
2606,85,20,0.151260428,3
2607,86,20,-0.261170038,3
2608,87,20,-0.013233082,10
2609,88,20,-0.120895958,10
2610,89,20,-0.278640599,3
2611,90,20,-0.056598245,3
2612,91,20,-0.091653192,3
2613,92,20,-0.01772444,3
2614,93,20,0.103610424,3
2615,94,20,0.105684126,3
2616,95,20,0.05909729,3
2617,96,20,0.162189578,3
2618,97,20,-0.059665684,3
2619,98,20,-0.080461494,3
2620,99,20,0.138459342,3
2621,100,20,-0.083740946,12
2622,101,20,-0.083994184,12
2623,102,20,-0.270252559,12
2624,103,20,-0.059464328,12
2625,104,20,-0.06168029,12
2626,105,20,-0.178714379,12
2627,106,20,-0.065620437,12
2628,107,20,-0.392730742,12
2629,108,20,0.015849037,12
2630,109,20,0.206414178,12
2631,110,20,-0.118049407,12
2632,111,20,0.225635793,12
2633,112,20,-0.203445239,12
2634,113,20,-0.155733747,12
2635,114,20,-0.084710066,12
2636,115,20,0.593650301,12
2637,116,20,0.06511129,8
2638,117,20,0.051551715,8
2639,118,20,0.088162802,8
2640,119,20,-0.037879041,8
2641,120,20,0.026450334,8
2642,121,20,0.052201172,8
2643,122,20,-0.02544822,8
2644,123,20,-0.026237278,8
2645,124,20,0.034532964,8
2646,125,20,0.020872558,8
2647,0,21,0.380340743,7
2648,1,21,-0.159002965,7
2649,2,21,-0.226196162,7
2650,3,21,0.01494733,7
2651,4,21,-0.053869151,7
2652,5,21,-0.14953584,7
2653,6,21,-0.129544271,7
2654,7,21,-0.048709341,7
2655,8,21,-0.02570512,7
2656,9,21,-0.145423441,7
2657,10,21,-0.172633176,7
2658,11,21,-0.116049844,7
2659,12,21,-0.019648751,7
2660,13,21,0.002583852,7
2661,14,21,-0.185210856,7
2662,15,21,-0.218606475,7
2663,16,21,-0.139656484,7
2664,17,21,-0.075577362,7
2665,18,21,-0.035104565,7
2666,19,21,-0.057136167,7
2667,20,21,0.013858716,7
2668,21,21,-0.050601035,7
2669,22,21,-0.189942867,7
2670,23,21,-0.127057732,7
2671,24,21,-0.119600204,7
2672,25,21,-0.009075071,7
2673,26,21,-0.055504791,7
2674,27,21,-0.016401953,7
2675,28,21,0.046736445,7
2676,29,21,-0.129991698,7
2677,30,21,-0.0566827,7
2678,31,21,-0.073159487,7
2679,32,21,0.03684988,7
2680,33,21,-0.094066497,7
2681,34,21,-0.043552247,7
2682,35,21,0.036244847,7
2683,36,21,0.003234575,7
2684,37,21,-0.103501775,7
2685,38,21,-0.106747705,7
2686,39,21,-0.188625125,7
2687,40,21,-0.201630609,1
2688,41,21,0.128868026,1
2689,42,21,0.011152286,1
2690,43,21,0.117627069,1
2691,44,21,0.134738894,1
2692,45,21,0.145367196,1
2693,46,21,0.122043148,1
2694,47,21,0.297597722,1
2695,48,21,0.068570626,1
2696,49,21,0.072653344,1
2697,50,21,0.040256607,1
2698,51,21,0.077638734,1
2699,52,21,0.034674543,1
2700,53,21,0.15953271,1
2701,54,21,-0.006084076,1
2702,55,21,0.046731178,1
2703,56,21,0.078462931,1
2704,57,21,0.191882102,1
2705,58,21,-0.10764094,1
2706,59,21,0.168477375,1
2707,60,21,0.102720622,1
2708,61,21,0.015102932,1
2709,62,21,0.150290157,1
2710,63,21,0.242800171,1
2711,64,21,-0.005006127,1
2712,65,21,0.109299048,1
2713,66,21,0.15049884,1
2714,67,21,0.06890588,1
2715,68,21,0.152262384,1
2716,69,21,-0.043433082,1
2717,70,21,0.147850457,1
2718,71,21,0.276527056,9
2719,72,21,0.366199318,9
2720,73,21,0.353703716,9
2721,74,21,0.205575131,9
2722,75,21,0.217566368,9
2723,76,21,0,9
2724,77,21,-0.26712207,9
2725,78,21,0,NaN
2726,79,21,0.630032923,9
2727,80,21,-0.258546955,3
2728,81,21,-0.634487654,3
2729,82,21,0,NaN
2730,83,21,0,NaN
2731,84,21,-0.863062108,3
2732,85,21,0,NaN
2733,86,21,-0.321643761,10
2734,87,21,-0.340053077,10
2735,88,21,-0.240032441,3
2736,89,21,-0.232145106,3
2737,90,21,-0.033162735,3
2738,91,21,0.068076474,3
2739,92,21,0.054430036,3
2740,93,21,0.073359842,3
2741,94,21,0.119846629,3
2742,95,21,0.085027862,3
2743,96,21,-0.109422924,3
2744,97,21,0.137870926,3
2745,98,21,0.031473388,3
2746,99,21,-0.304825903,3
2747,100,21,-0.204038764,12
2748,101,21,-0.101050782,12
2749,102,21,-0.321395022,12
2750,103,21,-0.105107922,12
2751,104,21,-0.024599061,12
2752,105,21,-0.208613922,12
2753,106,21,-0.0059914,12
2754,107,21,-0.200966456,12
2755,108,21,-0.023932602,12
2756,109,21,-0.321751218,12
2757,110,21,-0.409596686,12
2758,111,21,-0.092334729,12
2759,112,21,-0.136802102,12
2760,113,21,-0.035645613,12
2761,114,21,-0.294457007,12
2762,115,21,0.005764354,12
2763,116,21,0.159804032,12
2764,117,21,0.340901513,12
2765,118,21,0.665022324,12
2766,119,21,-0.146545403,8
2767,120,21,0.155030557,8
2768,121,21,0.060338112,8
2769,122,21,0.149333239,8
2770,123,21,0.168035881,8
2771,124,21,-0.019379895,8
2772,125,21,0.116754564,8
2773,0,22,-0.080885367,7
2774,1,22,-0.116192702,7
2775,2,22,-0.203851823,7
2776,3,22,0.034296537,7
2777,4,22,-0.05611566,7
2778,5,22,-0.126885018,7
2779,6,22,-0.150706249,7
2780,7,22,-0.130803994,7
2781,8,22,-0.173298738,7
2782,9,22,-0.134844312,7
2783,10,22,-0.155514656,7
2784,11,22,-0.003716762,7
2785,12,22,-0.245912162,7
2786,13,22,-0.085831144,7
2787,14,22,-0.083461091,7
2788,15,22,-0.085559475,7
2789,16,22,-0.048362521,7
2790,17,22,-0.134612338,7
2791,18,22,0.01373382,7
2792,19,22,-0.228568213,7
2793,20,22,0.098350608,7
2794,21,22,-0.087513436,7
2795,22,22,0.004148149,7
2796,23,22,-0.067516561,7
2797,24,22,-0.099011193,7
2798,25,22,-0.054356837,7
2799,26,22,-0.11431581,7
2800,27,22,-0.085931784,7
2801,28,22,0.000194096,7
2802,29,22,-0.049818621,7
2803,30,22,-0.066820647,7
2804,31,22,0.075481346,7
2805,32,22,-0.086725749,7
2806,33,22,-0.016406899,7
2807,34,22,0.064304307,7
2808,35,22,0.119628017,7
2809,36,22,0.057255886,7
2810,37,22,-0.083672508,7
2811,38,22,-0.033841295,7
2812,39,22,-0.05366638,7
2813,40,22,0.208955593,1
2814,41,22,0.139259173,1
2815,42,22,0.097977543,1
2816,43,22,0.095294029,1
2817,44,22,0.064730547,1
2818,45,22,0.198977738,1
2819,46,22,0.171053153,1
2820,47,22,-0.003256639,1
2821,48,22,0.123544121,1
2822,49,22,0.060526099,1
2823,50,22,0.205063799,1
2824,51,22,0.032691763,1
2825,52,22,0.148003742,1
2826,53,22,0.12908311,1
2827,54,22,0.090493047,1
2828,55,22,0.105694701,1
2829,56,22,0.30340612,1
2830,57,22,0.10046153,1
2831,58,22,-0.026594433,1
2832,59,22,0.068515204,1
2833,60,22,0.136675004,1
2834,61,22,-0.03957183,1
2835,62,22,0.053687023,1
2836,63,22,0.21660799,1
2837,64,22,0.238491493,1
2838,65,22,0.094574839,1
2839,66,22,0.050267026,1
2840,67,22,0.095340091,1
2841,68,22,0.229752729,1
2842,69,22,0.192326924,1
2843,70,22,0.104195704,1
2844,71,22,0.523050129,9
2845,72,22,0.381943205,9
2846,73,22,0.362119203,9
2847,74,22,0.389839559,9
2848,75,22,0.349232955,9
2849,76,22,0.044783109,9
2850,77,22,-0.531785994,9
2851,78,22,0,NaN
2852,79,22,17.18129934,9
2853,80,22,0.32219587,9
2854,81,22,-0.52849133,3
2855,82,22,0,NaN
2856,83,22,-0.421263501,3
2857,84,22,0,NaN
2858,85,22,0,NaN
2859,86,22,0,NaN
2860,87,22,-0.506260349,3
2861,88,22,-0.20284987,3
2862,89,22,-0.022265176,3
2863,90,22,0.100514226,3
2864,91,22,-0.178130853,3
2865,92,22,0.11373911,3
2866,93,22,0.133016492,3
2867,94,22,0.003533917,3
2868,95,22,0.036163408,3
2869,96,22,0.121238186,13
2870,97,22,0.389080786,13
2871,98,22,0.156215924,13
2872,99,22,0.047811085,13
2873,100,22,0.17171659,12
2874,101,22,-0.049900549,12
2875,102,22,-0.252282485,12
2876,103,22,-0.30888,12
2877,104,22,-0.229915823,12
2878,105,22,-0.205232384,12
2879,106,22,-0.091435733,12
2880,107,22,-0.084819395,12
2881,108,22,-0.4632748,12
2882,109,22,-0.117072845,12
2883,110,22,-0.307272074,12
2884,111,22,-0.224927807,12
2885,112,22,-0.076425012,12
2886,113,22,-0.147508866,12
2887,114,22,0.228620125,12
2888,115,22,-0.038412513,12
2889,116,22,-0.090363492,12
2890,117,22,0,12
2891,118,22,-0.055409803,12
2892,119,22,0.042800517,12
2893,120,22,-0.004323794,12
2894,121,22,0.178896455,12
2895,122,22,0.733178396,12
2896,123,22,0.013836245,8
2897,124,22,0.123856141,8
2898,125,22,0.053946106,8
2899,0,23,-0.100274747,7
2900,1,23,-0.118200968,7
2901,2,23,-0.173407386,7
2902,3,23,-0.110795377,7
2903,4,23,-0.003769045,7
2904,5,23,-0.081308537,7
2905,6,23,-0.091597197,7
2906,7,23,-0.157680148,7
2907,8,23,-0.161604653,7
2908,9,23,-0.302919569,7
2909,10,23,-0.112132589,7
2910,11,23,-0.007338715,7
2911,12,23,-0.09963289,7
2912,13,23,-0.007462107,7
2913,14,23,-0.129272673,7
2914,15,23,-0.047904257,7
2915,16,23,-0.029360295,7
2916,17,23,0.248949753,7
2917,18,23,0.047909102,7
2918,19,23,-0.197849499,7
2919,20,23,0.008136637,7
2920,21,23,-0.049340675,7
2921,22,23,0.024375117,7
2922,23,23,-0.071962952,7
2923,24,23,-0.072732372,7
2924,25,23,-0.027315339,7
2925,26,23,-0.007167763,7
2926,27,23,-0.141981379,7
2927,28,23,-0.085071004,7
2928,29,23,0.071545807,7
2929,30,23,0.088708152,7
2930,31,23,0.029305225,7
2931,32,23,0.044897386,7
2932,33,23,-0.046766431,7
2933,34,23,0.031673032,7
2934,35,23,0.002069912,7
2935,36,23,-0.087779201,7
2936,37,23,-0.080713337,7
2937,38,23,0.174846929,7
2938,39,23,0.056190529,7
2939,40,23,0.131525742,1
2940,41,23,0.118326617,1
2941,42,23,-0.059512645,1
2942,43,23,0.039590134,1
2943,44,23,0.137143685,1
2944,45,23,0.129424677,1
2945,46,23,0.339836998,1
2946,47,23,0.082020758,1
2947,48,23,0.1475052,1
2948,49,23,0.092046724,1
2949,50,23,0.170740126,1
2950,51,23,0.167924119,1
2951,52,23,0.245441889,1
2952,53,23,0.118353837,1
2953,54,23,0.072509125,1
2954,55,23,0.098284718,1
2955,56,23,0.215897987,1
2956,57,23,0.298231225,1
2957,58,23,0.080130299,1
2958,59,23,0.144608877,1
2959,60,23,0.166232278,1
2960,61,23,0.025279349,1
2961,62,23,-0.085392005,1
2962,63,23,0.228798816,1
2963,64,23,0.090785655,1
2964,65,23,0.004427243,1
2965,66,23,0.145099182,1
2966,67,23,0.057473703,1
2967,68,23,0.203876738,1
2968,69,23,0.155468562,1
2969,70,23,-0.090782583,1
2970,71,23,0.169602239,1
2971,72,23,0.235194008,9
2972,73,23,0.159752315,9
2973,74,23,0.128996732,9
2974,75,23,0.144142041,9
2975,76,23,0.098906427,9
2976,77,23,0.145511165,9
2977,78,23,0.490744896,9
2978,79,23,0.099035542,9
2979,80,23,0.093050896,9
2980,81,23,-0.158740692,3
2981,82,23,0.257475074,3
2982,83,23,-0.226787809,3
2983,84,23,-0.082110581,3
2984,85,23,0,NaN
2985,86,23,0,NaN
2986,87,23,-0.358527221,3
2987,88,23,-0.129331154,3
2988,89,23,-0.237427287,3
2989,90,23,-0.193492228,3
2990,91,23,-0.033242458,3
2991,92,23,-0.255491063,3
2992,93,23,-0.013270045,3
2993,94,23,0.331058895,13
2994,95,23,0.146714936,13
2995,96,23,0.083488274,13
2996,97,23,0.041413833,13
2997,98,23,0.116947381,13
2998,99,23,0.258349947,13
2999,100,23,0.080198744,12
3000,101,23,-0.25376485,12
3001,102,23,-0.162544444,12
3002,103,23,-0.225928055,12
3003,104,23,-0.072162392,12
3004,105,23,-0.199865513,12
3005,106,23,-0.184642679,12
3006,107,23,-0.064144111,12
3007,108,23,-0.047542957,12
3008,109,23,0.027815821,12
3009,110,23,-0.164669158,12
3010,111,23,-0.146221708,12
3011,112,23,-0.034642975,12
3012,113,23,-0.221525689,12
3013,114,23,-0.215240086,12
3014,115,23,-0.080010425,12
3015,116,23,-0.13336893,12
3016,117,23,-0.28873448,12
3017,118,23,-0.370832293,12
3018,119,23,-0.297905236,12
3019,120,23,-0.155407183,12
3020,121,23,0.008218083,12
3021,122,23,-0.211625726,12
3022,123,23,0.290633259,12
3023,124,23,0.417298421,12
3024,125,23,0.433925193,12
3025,0,24,-0.131706641,7
3026,1,24,0.02550659,7
3027,2,24,-0.065980108,7
3028,3,24,-0.118527327,7
3029,4,24,-0.120717114,7
3030,5,24,0.056322425,7
3031,6,24,-0.077893856,7
3032,7,24,-0.164844168,7
3033,8,24,-0.039253893,7
3034,9,24,-0.060630781,7
3035,10,24,-0.118265885,7
3036,11,24,-0.261528113,7
3037,12,24,-0.073014104,7
3038,13,24,-0.00102856,7
3039,14,24,-0.31106774,7
3040,15,24,-0.204519312,7
3041,16,24,-0.057684555,7
3042,17,24,-0.114551179,7
3043,18,24,-0.01878749,7
3044,19,24,-0.093258295,7
3045,20,24,-0.105430968,7
3046,21,24,-0.076439436,7
3047,22,24,0.029328391,7
3048,23,24,-0.114765426,7
3049,24,24,-0.196486143,7
3050,25,24,-0.094068342,7
3051,26,24,0.116515842,7
3052,27,24,0.078048806,7
3053,28,24,0.022890177,7
3054,29,24,0.014398311,7
3055,30,24,-0.085088477,7
3056,31,24,-0.11063682,7
3057,32,24,-0.120601535,7
3058,33,24,0.058214243,7
3059,34,24,0.042608882,7
3060,35,24,-0.118003422,7
3061,36,24,-0.082935454,7
3062,37,24,0.044003175,7
3063,38,24,0.002824172,7
3064,39,24,0.015143466,7
3065,40,24,0.184835862,1
3066,41,24,0.121234432,1
3067,42,24,0.095343466,1
3068,43,24,0.083845597,1
3069,44,24,0.014475962,1
3070,45,24,0.11627224,1
3071,46,24,0.185147856,1
3072,47,24,0.270334999,1
3073,48,24,0.025599615,1
3074,49,24,0.084238284,1
3075,50,24,0.134414419,1
3076,51,24,0.087468856,1
3077,52,24,0.018216157,1
3078,53,24,0.198614662,1
3079,54,24,0.130189401,1
3080,55,24,0.154095414,1
3081,56,24,0.119079607,1
3082,57,24,0.096929882,1
3083,58,24,0.077543605,1
3084,59,24,0.141714914,1
3085,60,24,0.068565279,1
3086,61,24,0.121557292,1
3087,62,24,0.136250932,1
3088,63,24,0.125645533,1
3089,64,24,0.202744352,1
3090,65,24,0.099589372,1
3091,66,24,0.058366936,1
3092,67,24,0.139174375,1
3093,68,24,0.066183915,1
3094,69,24,0.064632836,1
3095,70,24,0.091887477,1
3096,71,24,0.269807903,1
3097,72,24,0.43880981,9
3098,73,24,0.111046692,9
3099,74,24,0.322674651,9
3100,75,24,0.378891478,9
3101,76,24,0.243673656,9
3102,77,24,0.04329961,9
3103,78,24,0.208173525,9
3104,79,24,0.368054347,9
3105,80,24,0.008015352,9
3106,81,24,0.229156094,9
3107,82,24,-0.336890876,3
3108,83,24,0.253684564,3
3109,84,24,-0.175940079,3
3110,85,24,0.315485005,3
3111,86,24,0.015609562,3
3112,87,24,-0.023545247,3
3113,88,24,0.044107899,3
3114,89,24,0.015270961,3
3115,90,24,0.061922234,3
3116,91,24,-0.135042819,3
3117,92,24,0.039789818,3
3118,93,24,0.254410162,13
3119,94,24,0.111022002,13
3120,95,24,0.115978781,13
3121,96,24,0.128976844,13
3122,97,24,-0.042315715,13
3123,98,24,0.09067249,13
3124,99,24,0.285964287,13
3125,100,24,-0.021775187,12
3126,101,24,-0.044450849,12
3127,102,24,0.082263527,12
3128,103,24,-0.283826469,12
3129,104,24,-0.343457842,12
3130,105,24,-0.099966551,12
3131,106,24,-0.115525039,12
3132,107,24,-0.314701627,12
3133,108,24,0.018677206,12
3134,109,24,-0.116141166,12
3135,110,24,-0.0371601,12
3136,111,24,-0.225379343,12
3137,112,24,-0.35714427,12
3138,113,24,-0.276854175,12
3139,114,24,-0.204272754,12
3140,115,24,-0.098069919,12
3141,116,24,0.030613536,12
3142,117,24,-0.627724745,12
3143,118,24,-0.161176956,12
3144,119,24,-0.009726799,12
3145,120,24,-0.172095756,12
3146,121,24,-0.096345918,12
3147,122,24,-0.103625846,12
3148,123,24,-0.035452678,12
3149,124,24,0.035325845,12
3150,125,24,-0.311414653,12
3151,0,25,-0.109069332,7
3152,1,25,0.017757914,7
3153,2,25,0.02524432,7
3154,3,25,-0.207137556,7
3155,4,25,-0.043656867,7
3156,5,25,0.112923297,7
3157,6,25,-0.023954304,7
3158,7,25,-0.243930751,7
3159,8,25,-0.193094893,7
3160,9,25,-0.125074692,7
3161,10,25,-0.028707012,7
3162,11,25,-0.218673524,7
3163,12,25,-0.197238559,7
3164,13,25,-0.119803897,7
3165,14,25,-0.268398858,7
3166,15,25,-0.27033964,7
3167,16,25,-0.060961767,7
3168,17,25,-0.161258108,7
3169,18,25,-0.079922349,7
3170,19,25,0.07757369,7
3171,20,25,-0.139176884,7
3172,21,25,0.037954165,7
3173,22,25,0.021850854,7
3174,23,25,0.155322471,7
3175,24,25,-0.146543094,7
3176,25,25,-0.142115933,7
3177,26,25,-0.146970218,7
3178,27,25,-0.024401118,7
3179,28,25,-0.055385806,7
3180,29,25,-0.004395258,7
3181,30,25,-0.077345241,7
3182,31,25,0.09290841,7
3183,32,25,0.204410974,7
3184,33,25,0.094551889,7
3185,34,25,-0.070891915,7
3186,35,25,-0.058030834,7
3187,36,25,-0.019611429,7
3188,37,25,0.114052671,7
3189,38,25,-0.086440903,7
3190,39,25,-0.120549427,7
3191,40,25,-0.521255164,7
3192,41,25,0.062487276,1
3193,42,25,0.244651767,1
3194,43,25,-0.057371657,1
3195,44,25,-0.045059914,1
3196,45,25,0.144748236,1
3197,46,25,0.061793163,1
3198,47,25,-0.065238478,1
3199,48,25,0.017624426,1
3200,49,25,0.049039092,1
3201,50,25,0.239731703,1
3202,51,25,0.09196812,1
3203,52,25,-0.002110941,1
3204,53,25,0.205433488,1
3205,54,25,0.329654298,1
3206,55,25,0.045240807,1
3207,56,25,-0.025981627,1
3208,57,25,0.178596162,1
3209,58,25,0.308530059,1
3210,59,25,0.124613309,1
3211,60,25,0.053951167,1
3212,61,25,-0.020882819,1
3213,62,25,0.235228411,1
3214,63,25,0.139753387,1
3215,64,25,-0.020273366,1
3216,65,25,0.032210071,1
3217,66,25,0.103662226,1
3218,67,25,0.044120131,1
3219,68,25,0.107447419,1
3220,69,25,-0.032345394,1
3221,70,25,0.014627456,1
3222,71,25,0.081340595,1
3223,72,25,-0.025769651,1
3224,73,25,0.29587157,9
3225,74,25,0.027935678,9
3226,75,25,0.216933146,9
3227,76,25,0.417088864,9
3228,77,25,0.356211507,9
3229,78,25,0.086202312,9
3230,79,25,0.295321456,9
3231,80,25,0.341362083,9
3232,81,25,0.231498044,9
3233,82,25,-0.173395389,3
3234,83,25,-0.127505905,3
3235,84,25,-0.175080062,3
3236,85,25,0.400187728,3
3237,86,25,-0.167455278,3
3238,87,25,0.132754073,3
3239,88,25,0.012087304,3
3240,89,25,0.06681069,3
3241,90,25,0.026897227,3
3242,91,25,0.423229636,13
3243,92,25,0.22540572,13
3244,93,25,0.011695303,13
3245,94,25,0.091477706,13
3246,95,25,-0.008375847,13
3247,96,25,0.077501342,13
3248,97,25,-0.110608415,13
3249,98,25,0.073917189,13
3250,99,25,0.569812185,14
3251,100,25,0.272149518,12
3252,101,25,-0.114427298,12
3253,102,25,-0.213759657,12
3254,103,25,-0.153960365,12
3255,104,25,-0.185651044,12
3256,105,25,-0.092060723,12
3257,106,25,-0.164783186,12
3258,107,25,0.020296876,12
3259,108,25,-0.327274778,12
3260,109,25,-0.163215154,12
3261,110,25,-0.442470807,12
3262,111,25,-0.229486687,12
3263,112,25,0.063430056,12
3264,113,25,-0.341399876,12
3265,114,25,-0.397460599,12
3266,115,25,-0.187162825,12
3267,116,25,-0.146503071,12
3268,117,25,-0.229369275,12
3269,118,25,-0.116739922,12
3270,119,25,-0.297071438,12
3271,120,25,0.019355158,12
3272,121,25,-0.067162026,12
3273,122,25,-0.293238206,12
3274,123,25,-0.272110098,12
3275,124,25,-0.119421316,12
3276,125,25,-0.202610011,12
3277,0,26,-0.136532936,7
3278,1,26,-0.226098578,7
3279,2,26,-0.031883538,7
3280,3,26,-0.009136843,7
3281,4,26,-0.061352404,7
3282,5,26,-0.072843529,7
3283,6,26,-0.006568773,7
3284,7,26,0.031721853,7
3285,8,26,-0.097440952,7
3286,9,26,0.018751375,7
3287,10,26,-0.139922209,7
3288,11,26,-0.038772426,7
3289,12,26,-0.067991576,7
3290,13,26,-0.140171451,7
3291,14,26,-0.16160837,7
3292,15,26,-0.104073078,7
3293,16,26,-0.038084276,7
3294,17,26,-0.038360785,7
3295,18,26,-0.028874776,7
3296,19,26,-0.034070886,7
3297,20,26,-0.094177354,7
3298,21,26,-0.042587321,7
3299,22,26,0.067440018,7
3300,23,26,-0.029235101,7
3301,24,26,-0.077424318,7
3302,25,26,-0.056496867,7
3303,26,26,-0.092168627,7
3304,27,26,-0.054334416,7
3305,28,26,-0.018010481,7
3306,29,26,-0.094258367,7
3307,30,26,-0.115416815,7
3308,31,26,0.027521396,7
3309,32,26,-0.021750386,7
3310,33,26,-0.00658973,7
3311,34,26,-0.047365437,7
3312,35,26,0.007450965,7
3313,36,26,0.099959985,7
3314,37,26,-0.101038525,7
3315,38,26,-0.032176282,7
3316,39,26,-0.03105219,7
3317,40,26,0.047868718,7
3318,41,26,0.170492767,1
3319,42,26,0.154949723,1
3320,43,26,0.166065511,1
3321,44,26,0.186210915,1
3322,45,26,0.175668644,1
3323,46,26,0.233742273,1
3324,47,26,0.20597461,1
3325,48,26,0.081887882,1
3326,49,26,0.070715134,1
3327,50,26,0.127597546,1
3328,51,26,0.239932767,1
3329,52,26,0.120802955,1
3330,53,26,0.170418968,1
3331,54,26,0.080354437,1
3332,55,26,0.201077272,1
3333,56,26,0.138631487,1
3334,57,26,0.066823981,1
3335,58,26,0.088710392,1
3336,59,26,0.266821378,1
3337,60,26,0.105951077,1
3338,61,26,-0.001205117,1
3339,62,26,0.213833113,1
3340,63,26,0.047375061,1
3341,64,26,0.205061461,1
3342,65,26,0.199203945,1
3343,66,26,0.020196114,1
3344,67,26,0.091586666,1
3345,68,26,0.227282521,1
3346,69,26,-0.259360154,1
3347,70,26,-0.04666444,1
3348,71,26,0.117949392,1
3349,72,26,0.166449632,1
3350,73,26,0.24204583,9
3351,74,26,0.174267633,9
3352,75,26,0.044601777,9
3353,76,26,0.388234494,9
3354,77,26,0.308016835,9
3355,78,26,0.110258555,9
3356,79,26,0.369127128,9
3357,80,26,0.197662454,9
3358,81,26,0.202644419,9
3359,82,26,0.436173532,9
3360,83,26,-0.039388855,3
3361,84,26,0.048429306,3
3362,85,26,0.02786746,3
3363,86,26,-0.181924477,3
3364,87,26,0.071839558,3
3365,88,26,-0.153387882,3
3366,89,26,-0.016999136,3
3367,90,26,0.327010189,13
3368,91,26,0.010747341,13
3369,92,26,0.006869879,13
3370,93,26,0.035351372,13
3371,94,26,0.064587772,13
3372,95,26,-0.008277718,13
3373,96,26,0.101894851,13
3374,97,26,-0.015096345,13
3375,98,26,0.292159123,14
3376,99,26,0.550141118,14
3377,100,26,0.274873487,14
3378,101,26,0.023560215,12
3379,102,26,-0.204994428,12
3380,103,26,-0.127694934,12
3381,104,26,-0.174274052,12
3382,105,26,-0.126694732,12
3383,106,26,-0.237195303,12
3384,107,26,0.081039917,12
3385,108,26,-0.059261476,12
3386,109,26,-0.041162849,12
3387,110,26,-0.26350383,12
3388,111,26,-0.300407705,12
3389,112,26,-0.114156143,12
3390,113,26,-0.294519446,12
3391,114,26,-0.203929123,12
3392,115,26,-0.240801552,12
3393,116,26,-0.267317827,12
3394,117,26,-0.168013407,12
3395,118,26,-0.123370073,12
3396,119,26,-0.325479257,12
3397,120,26,-0.114841159,12
3398,121,26,-0.006563668,12
3399,122,26,-0.104383887,12
3400,123,26,-0.104473801,12
3401,124,26,0.052887437,12
3402,125,26,-0.127803048,12
3403,0,27,-0.121876883,7
3404,1,27,-0.045289631,7
3405,2,27,-0.009455794,7
3406,3,27,-0.058567308,7
3407,4,27,-0.100918212,7
3408,5,27,-0.07033663,7
3409,6,27,0.005848561,7
3410,7,27,-0.023030679,7
3411,8,27,-0.045726096,7
3412,9,27,0.050509514,7
3413,10,27,0.005494549,7
3414,11,27,-0.006706347,7
3415,12,27,-0.102638126,7
3416,13,27,-0.105605334,7
3417,14,27,-0.082840488,7
3418,15,27,0.035040529,7
3419,16,27,-0.106531326,7
3420,17,27,-0.084373505,7
3421,18,27,-0.022090633,7
3422,19,27,-0.186411821,7
3423,20,27,-0.021220568,7
3424,21,27,0.057161568,7
3425,22,27,0.167919264,7
3426,23,27,-0.141576746,7
3427,24,27,0.027433113,7
3428,25,27,-0.062688484,7
3429,26,27,-0.062156664,7
3430,27,27,0.050717583,7
3431,28,27,0.035903227,7
3432,29,27,-0.066478417,7
3433,30,27,-0.081850782,7
3434,31,27,0.057247107,7
3435,32,27,-0.070097989,7
3436,33,27,0.07294682,7
3437,34,27,0.038569457,7
3438,35,27,-0.016261247,7
3439,36,27,0.029791791,7
3440,37,27,-0.098135436,7
3441,38,27,0.009709419,7
3442,39,27,0.007236035,7
3443,40,27,0.075066473,7
3444,41,27,0.217245702,1
3445,42,27,0.226791267,1
3446,43,27,0.286060511,1
3447,44,27,0.101840224,1
3448,45,27,0.069497951,1
3449,46,27,0.145410514,1
3450,47,27,0.160772424,1
3451,48,27,0.105437633,1
3452,49,27,0.138178065,1
3453,50,27,0.11948777,1
3454,51,27,0.104537768,1
3455,52,27,-0.074637842,1
3456,53,27,0.247007792,1
3457,54,27,0.026230727,1
3458,55,27,0.181579081,1
3459,56,27,0.185548208,1
3460,57,27,0.248237635,1
3461,58,27,0.129011952,1
3462,59,27,0.024510155,1
3463,60,27,0.222784516,1
3464,61,27,-0.066963772,1
3465,62,27,0.10282973,1
3466,63,27,0.048396367,1
3467,64,27,0.075134199,1
3468,65,27,0.16688028,1
3469,66,27,0.167851332,1
3470,67,27,0.023995661,1
3471,68,27,0.016580088,1
3472,69,27,0.125288191,1
3473,70,27,0.231776614,1
3474,71,27,0.034394895,1
3475,72,27,0.102261617,1
3476,73,27,0.29012324,9
3477,74,27,0.3343112,9
3478,75,27,0.337628121,9
3479,76,27,0.208008637,9
3480,77,27,0.319966421,9
3481,78,27,0.150590118,9
3482,79,27,0.352270648,9
3483,80,27,0.451924925,9
3484,81,27,0.14870371,9
3485,82,27,0.497646563,9
3486,83,27,0.019075455,3
3487,84,27,-0.022863176,3
3488,85,27,0.069422446,3
3489,86,27,0.055844541,3
3490,87,27,-0.0935227,3
3491,88,27,-0.079440947,3
3492,89,27,0.356531142,13
3493,90,27,0.199222222,13
3494,91,27,0.08299464,13
3495,92,27,0.054338269,13
3496,93,27,0.10834665,13
3497,94,27,-0.167734328,13
3498,95,27,0.036694957,13
3499,96,27,0.274868838,14
3500,97,27,0.428511388,14
3501,98,27,0.415977859,14
3502,99,27,0.173604587,14
3503,100,27,0.581440753,14
3504,101,27,0.160626934,12
3505,102,27,-0.48989779,12
3506,103,27,0.027997507,12
3507,104,27,0.062780269,12
3508,105,27,-0.110885675,12
3509,106,27,-0.082530582,12
3510,107,27,-0.256884437,12
3511,108,27,0.036483045,12
3512,109,27,-0.012437398,12
3513,110,27,-0.379419301,12
3514,111,27,0.147217211,12
3515,112,27,0.077993396,12
3516,113,27,-0.065950514,12
3517,114,27,-0.263846037,12
3518,115,27,-0.243452574,12
3519,116,27,-0.132410205,12
3520,117,27,0.024114381,12
3521,118,27,-0.005308523,12
3522,119,27,-0.212986135,12
3523,120,27,0.039849009,12
3524,121,27,0.113398915,12
3525,122,27,0.050207921,12
3526,123,27,-0.166706078,12
3527,124,27,-0.133273955,12
3528,125,27,-0.144326939,12
3529,0,28,-0.155283858,7
3530,1,28,-0.094887794,7
3531,2,28,-0.123629684,7
3532,3,28,-0.211453595,7
3533,4,28,-0.113924606,7
3534,5,28,-0.005814243,7
3535,6,28,-0.018567413,7
3536,7,28,-0.128506338,7
3537,8,28,0.024886533,7
3538,9,28,0.072129198,7
3539,10,28,-0.080608592,7
3540,11,28,-0.03240874,7
3541,12,28,-0.138168043,7
3542,13,28,-0.024856001,7
3543,14,28,-0.036303417,7
3544,15,28,-0.031031319,7
3545,16,28,-0.096178698,7
3546,17,28,-0.049569818,7
3547,18,28,-0.007079359,7
3548,19,28,-0.02338273,7
3549,20,28,0.000285696,7
3550,21,28,-0.104722357,7
3551,22,28,0.09851335,7
3552,23,28,-0.117301399,7
3553,24,28,-0.08062233,7
3554,25,28,-0.030708353,7
3555,26,28,0.031607996,7
3556,27,28,0.139961045,7
3557,28,28,-0.028616515,7
3558,29,28,-0.097075107,7
3559,30,28,-0.134631696,7
3560,31,28,-0.050319258,7
3561,32,28,0.064805955,7
3562,33,28,0.182982115,7
3563,34,28,0.056459062,7
3564,35,28,-0.147964945,7
3565,36,28,0.061823936,7
3566,37,28,-0.111875371,7
3567,38,28,-0.027037767,7
3568,39,28,0.131766386,7
3569,40,28,0.113262662,7
3570,41,28,-0.005977322,7
3571,42,28,0.158299359,1
3572,43,28,0.078846169,1
3573,44,28,0.163183442,1
3574,45,28,0.052257945,1
3575,46,28,0.243957765,1
3576,47,28,0.127832466,1
3577,48,28,0.1361083,1
3578,49,28,0.187055568,1
3579,50,28,0.027499957,1
3580,51,28,0.261266069,1
3581,52,28,0.091453176,1
3582,53,28,0.011779562,1
3583,54,28,0.013407279,1
3584,55,28,0.125728977,1
3585,56,28,0.159992446,1
3586,57,28,-0.013465828,1
3587,58,28,0.044983788,1
3588,59,28,0.128543775,1
3589,60,28,0.120431176,1
3590,61,28,0.236790418,1
3591,62,28,0.07759056,1
3592,63,28,0.083672351,1
3593,64,28,0.060224292,1
3594,65,28,0.030406092,1
3595,66,28,-0.036640945,1
3596,67,28,-0.105212417,1
3597,68,28,0.053854815,1
3598,69,28,0.153333275,1
3599,70,28,0.094731294,1
3600,71,28,0.037764957,1
3601,72,28,0.171591354,1
3602,73,28,0.152721555,1
3603,74,28,0.411643973,9
3604,75,28,0.44201062,9
3605,76,28,0.158133527,9
3606,77,28,0.358286809,9
3607,78,28,0.343139671,9
3608,79,28,0.402314508,9
3609,80,28,0.216648706,9
3610,81,28,0.198542364,9
3611,82,28,0.259068853,9
3612,83,28,0.643830554,9
3613,84,28,-0.004673683,3
3614,85,28,0.035034993,3
3615,86,28,-0.011414483,3
3616,87,28,0.627979594,13
3617,88,28,0.178657449,13
3618,89,28,0.165183914,13
3619,90,28,-0.020303077,13
3620,91,28,-0.105235134,13
3621,92,28,0.064185891,13
3622,93,28,-0.041273628,13
3623,94,28,-0.136148706,13
3624,95,28,0.352576942,14
3625,96,28,0.320732496,14
3626,97,28,0.309414327,14
3627,98,28,0.342739266,14
3628,99,28,0.189642103,14
3629,100,28,0.441501437,14
3630,101,28,-0.145666814,12
3631,102,28,-0.139418721,12
3632,103,28,-0.093031263,12
3633,104,28,-0.000963369,12
3634,105,28,-0.118763866,12
3635,106,28,-0.127918754,12
3636,107,28,-0.085328189,12
3637,108,28,-0.074274224,12
3638,109,28,0.038390669,12
3639,110,28,-0.31138693,12
3640,111,28,-0.197082322,12
3641,112,28,-0.152674194,12
3642,113,28,-0.094214064,12
3643,114,28,-0.108365633,12
3644,115,28,-0.208716451,12
3645,116,28,-0.055928416,12
3646,117,28,-0.259877885,12
3647,118,28,-0.260633791,12
3648,119,28,-0.116695323,12
3649,120,28,-0.411474845,12
3650,121,28,-0.197336165,12
3651,122,28,-0.142026807,12
3652,123,28,-0.182604505,12
3653,124,28,0.016343761,12
3654,125,28,-0.075390388,12
3655,0,29,-0.09059992,7
3656,1,29,-0.11585629,7
3657,2,29,-0.018872789,7
3658,3,29,-0.111894254,7
3659,4,29,0.031927096,7
3660,5,29,0.078940265,7
3661,6,29,-0.001287816,7
3662,7,29,-0.150174191,7
3663,8,29,0.046024741,7
3664,9,29,-0.087193245,7
3665,10,29,0.052697325,7
3666,11,29,0.029263122,7
3667,12,29,-0.123771805,7
3668,13,29,-0.130388495,7
3669,14,29,0.119598569,7
3670,15,29,0.004613919,7
3671,16,29,-0.293397321,7
3672,17,29,-0.07621739,7
3673,18,29,0.011338563,7
3674,19,29,-0.081759073,7
3675,20,29,-0.123211296,7
3676,21,29,-0.090571852,7
3677,22,29,-0.071026968,7
3678,23,29,-0.071619251,7
3679,24,29,-0.131533872,7
3680,25,29,-0.097292159,7
3681,26,29,0.00709777,7
3682,27,29,-0.076701705,7
3683,28,29,-0.072236504,7
3684,29,29,0.135424952,7
3685,30,29,-0.070200441,7
3686,31,29,-0.090495239,7
3687,32,29,0.038919178,7
3688,33,29,0.073284239,7
3689,34,29,0.035244935,7
3690,35,29,-0.005666279,7
3691,36,29,0.002390207,7
3692,37,29,0.008726898,7
3693,38,29,-0.032025564,7
3694,39,29,-0.009337486,7
3695,40,29,0.013230446,7
3696,41,29,0.188120471,7
3697,42,29,0.155282747,1
3698,43,29,0.033124799,1
3699,44,29,-0.011597234,1
3700,45,29,0.073513983,1
3701,46,29,0.276210233,1
3702,47,29,0.097200441,1
3703,48,29,-0.015948506,1
3704,49,29,0.060862909,1
3705,50,29,0.010633969,1
3706,51,29,-0.189497944,1
3707,52,29,0.078446769,1
3708,53,29,0.043812874,1
3709,54,29,-0.055179986,1
3710,55,29,0.078151453,1
3711,56,29,0.075622608,1
3712,57,29,0.140642769,1
3713,58,29,0.095449489,1
3714,59,29,0.186831566,1
3715,60,29,0.066909439,1
3716,61,29,0.134872773,1
3717,62,29,0.066627582,1
3718,63,29,0.162900238,1
3719,64,29,-0.013359322,1
3720,65,29,-0.019258371,1
3721,66,29,-0.038062692,1
3722,67,29,0.070037803,1
3723,68,29,-0.044783724,1
3724,69,29,0.027253214,1
3725,70,29,-0.104909507,1
3726,71,29,-0.062527019,1
3727,72,29,0.103696469,1
3728,73,29,0.174456854,1
3729,74,29,0.689603737,9
3730,75,29,0.321687936,9
3731,76,29,0.272150994,9
3732,77,29,0.229768239,9
3733,78,29,0.359483557,9
3734,79,29,0.358865482,9
3735,80,29,0.311289905,9
3736,81,29,0.124812749,9
3737,82,29,0.42505497,9
3738,83,29,0.517826554,9
3739,84,29,0.375502279,13
3740,85,29,0.306867131,13
3741,86,29,0.135821406,13
3742,87,29,0.020813488,13
3743,88,29,0.132162683,13
3744,89,29,-0.043764331,13
3745,90,29,-0.143063412,13
3746,91,29,0.030164627,13
3747,92,29,0.127892861,13
3748,93,29,0.309444107,14
3749,94,29,0.135889206,14
3750,95,29,0.30085594,14
3751,96,29,0.206473335,14
3752,97,29,0.21121837,14
3753,98,29,0.145511824,14
3754,99,29,0.37994476,14
3755,100,29,0.449763303,14
3756,101,29,0.061025003,12
3757,102,29,-0.195362899,12
3758,103,29,-0.397125168,12
3759,104,29,0.076533133,12
3760,105,29,-0.268092555,12
3761,106,29,-0.449435446,12
3762,107,29,-0.04853723,12
3763,108,29,-0.094566258,12
3764,109,29,-0.210656684,12
3765,110,29,-0.210560322,12
3766,111,29,-0.296893899,12
3767,112,29,-0.043876593,12
3768,113,29,-0.095077173,12
3769,114,29,-0.161131363,12
3770,115,29,-0.120389808,12
3771,116,29,-0.170499756,12
3772,117,29,-0.11834853,12
3773,118,29,-0.053154059,12
3774,119,29,-0.015237469,12
3775,120,29,-0.081780136,12
3776,121,29,0.054677092,12
3777,122,29,-0.122843974,12
3778,123,29,-0.053186287,12
3779,124,29,-0.158700168,12
3780,125,29,-0.077507817,12
3781,0,30,-0.219874659,7
3782,1,30,-0.062551356,7
3783,2,30,-0.083567898,7
3784,3,30,0.029450676,7
3785,4,30,0.024381539,7
3786,5,30,0.041276825,7
3787,6,30,-0.092267675,7
3788,7,30,-0.184324898,7
3789,8,30,-0.019852856,7
3790,9,30,-0.1511581,7
3791,10,30,-0.166190629,7
3792,11,30,-0.013704402,7
3793,12,30,0.083583702,7
3794,13,30,0.044474481,7
3795,14,30,0.098296407,7
3796,15,30,-0.162836805,7
3797,16,30,-0.214214928,7
3798,17,30,0.029720945,7
3799,18,30,-0.161584411,7
3800,19,30,0.034836997,7
3801,20,30,-0.02315492,7
3802,21,30,-0.110735837,7
3803,22,30,0.017466083,7
3804,23,30,-0.063555989,7
3805,24,30,0.045985393,7
3806,25,30,0.166547382,7
3807,26,30,0.067590204,7
3808,27,30,-0.070803875,7
3809,28,30,0.015118174,7
3810,29,30,-0.012323039,7
3811,30,30,-0.124354466,7
3812,31,30,0.085710492,7
3813,32,30,0.025874982,7
3814,33,30,0.031081657,7
3815,34,30,-0.053037015,7
3816,35,30,-0.081841858,7
3817,36,30,0.082993268,7
3818,37,30,0.080742993,7
3819,38,30,-0.150036204,7
3820,39,30,-0.163282494,7
3821,40,30,-0.033072997,7
3822,41,30,0.042327253,7
3823,42,30,0.102551424,1
3824,43,30,0.092270548,1
3825,44,30,0.157775218,1
3826,45,30,0.16501618,1
3827,46,30,0.004889594,1
3828,47,30,0.207153448,1
3829,48,30,-0.035339633,1
3830,49,30,0.115369255,1
3831,50,30,0.157251626,1
3832,51,30,-0.138114925,1
3833,52,30,0.145597423,1
3834,53,30,0.132635296,1
3835,54,30,-0.261168036,1
3836,55,30,0.175983935,1
3837,56,30,0.035798119,1
3838,57,30,-0.004268899,1
3839,58,30,0.08569437,1
3840,59,30,0.092226311,1
3841,60,30,0.175167815,1
3842,61,30,0.043986796,1
3843,62,30,0.018000393,1
3844,63,30,0.089554144,1
3845,64,30,0.063563542,1
3846,65,30,0.145407759,1
3847,66,30,-0.045776263,1
3848,67,30,0.050797692,1
3849,68,30,0.166878983,1
3850,69,30,0.115872021,1
3851,70,30,-0.087713279,1
3852,71,30,-0.056420001,1
3853,72,30,0.159501686,1
3854,73,30,0.077013607,1
3855,74,30,0.175805121,1
3856,75,30,0.456745733,9
3857,76,30,0.344918869,9
3858,77,30,0.427569115,9
3859,78,30,0.365077804,9
3860,79,30,0.305400451,9
3861,80,30,0.620343739,9
3862,81,30,0.397640764,9
3863,82,30,0.178024603,13
3864,83,30,0.154519047,13
3865,84,30,0.151268498,13
3866,85,30,0.181222448,13
3867,86,30,0.089441467,13
3868,87,30,0.135343545,13
3869,88,30,0.075676855,13
3870,89,30,0.017332994,13
3871,90,30,-0.006520243,13
3872,91,30,0.044050392,13
3873,92,30,-0.041190672,14
3874,93,30,0.321832779,14
3875,94,30,0.358232293,14
3876,95,30,0.037639366,14
3877,96,30,0.383634389,14
3878,97,30,0.181753772,14
3879,98,30,0.273631853,14
3880,99,30,0.355243642,14
3881,100,30,0.900878329,14
3882,101,30,0.082614954,12
3883,102,30,-0.41921152,12
3884,103,30,-0.415660259,12
3885,104,30,-0.199608263,12
3886,105,30,-0.10605551,12
3887,106,30,0.014454454,12
3888,107,30,0.107949608,12
3889,108,30,0.036988465,12
3890,109,30,-0.299029872,12
3891,110,30,-0.165376691,12
3892,111,30,-0.054079325,12
3893,112,30,-0.065207283,12
3894,113,30,0.05474579,12
3895,114,30,-0.022942702,12
3896,115,30,-0.578059244,12
3897,116,30,0.001989941,12
3898,117,30,-0.330422012,12
3899,118,30,-0.138821409,12
3900,119,30,0.02147699,12
3901,120,30,-0.165037414,12
3902,121,30,-0.09453876,12
3903,122,30,0.000725575,12
3904,123,30,-0.076956145,12
3905,124,30,-0.273612983,12
3906,125,30,-0.297332384,12
3907,0,31,0.023080187,7
3908,1,31,-0.255477808,7
3909,2,31,-0.012575554,7
3910,3,31,-0.072037616,7
3911,4,31,-0.15565564,7
3912,5,31,-0.064176188,7
3913,6,31,-0.019658734,7
3914,7,31,-0.085648464,7
3915,8,31,-0.150108368,7
3916,9,31,-0.037489522,7
3917,10,31,0.024568932,7
3918,11,31,-0.192956437,7
3919,12,31,-0.07562559,7
3920,13,31,-0.149021783,7
3921,14,31,0.013668532,7
3922,15,31,-0.013362278,7
3923,16,31,-0.086041532,7
3924,17,31,0.039769029,7
3925,18,31,-0.173832692,7
3926,19,31,-0.070020457,7
3927,20,31,0.043802691,7
3928,21,31,-0.01896997,7
3929,22,31,-0.078111028,7
3930,23,31,0.014497851,7
3931,24,31,-0.099763551,7
3932,25,31,-0.012245314,7
3933,26,31,0.064008273,7
3934,27,31,0.110163999,7
3935,28,31,-0.063788026,7
3936,29,31,0.048121831,7
3937,30,31,0.030776017,7
3938,31,31,0.029863337,7
3939,32,31,-0.031123643,7
3940,33,31,-0.093738921,7
3941,34,31,-0.033053291,7
3942,35,31,0.024571396,7
3943,36,31,-0.043686681,7
3944,37,31,5.05E-05,7
3945,38,31,-0.285962719,7
3946,39,31,0.085485053,7
3947,40,31,-0.090209923,7
3948,41,31,0.013283822,7
3949,42,31,0.373708191,1
3950,43,31,0.163052758,1
3951,44,31,0.091506261,1
3952,45,31,0.127184652,1
3953,46,31,0.00148453,1
3954,47,31,0.123873958,1
3955,48,31,0.1378375,1
3956,49,31,0.086496874,1
3957,50,31,-0.000850404,1
3958,51,31,0.054597136,1
3959,52,31,0.105056974,1
3960,53,31,0.066926856,1
3961,54,31,-0.230519313,1
3962,55,31,0.868884175,1
3963,56,31,-0.133381446,1
3964,57,31,-0.06628074,1
3965,58,31,0.186904369,1
3966,59,31,0.168940136,1
3967,60,31,0.387089614,1
3968,61,31,0.070211234,1
3969,62,31,0.103084541,1
3970,63,31,-0.004524382,1
3971,64,31,0.150507439,1
3972,65,31,0.275575091,1
3973,66,31,-0.068363092,1
3974,67,31,-0.094872288,1
3975,68,31,0.194602043,1
3976,69,31,-0.026744089,1
3977,70,31,0.18431866,1
3978,71,31,0.038837973,1
3979,72,31,0.096739185,1
3980,73,31,0.141706507,1
3981,74,31,0.159043214,1
3982,75,31,0.649060337,9
3983,76,31,0.30502928,9
3984,77,31,0.381193035,9
3985,78,31,0.46643152,9
3986,79,31,0.33776299,13
3987,80,31,0.26627625,13
3988,81,31,0.087515378,13
3989,82,31,-0.05060352,13
3990,83,31,0.080952151,13
3991,84,31,0.063119615,13
3992,85,31,0.084090411,13
3993,86,31,0.024698831,13
3994,87,31,0.18190221,13
3995,88,31,0.084039339,13
3996,89,31,-0.082932315,13
3997,90,31,0.054031428,13
3998,91,31,0.108368051,14
3999,92,31,0.122119199,14
4000,93,31,0.03408139,14
4001,94,31,0.183608697,14
4002,95,31,0.244568129,14
4003,96,31,0.226640569,14
4004,97,31,0.317095893,14
4005,98,31,0.199480215,14
4006,99,31,0.318799164,14
4007,100,31,0.369173022,15
4008,101,31,-0.192627163,12
4009,102,31,-0.357916145,12
4010,103,31,-0.4533943,12
4011,104,31,-0.169940545,12
4012,105,31,-0.087746999,12
4013,106,31,-0.11025902,12
4014,107,31,-0.30944574,12
4015,108,31,-0.088062474,12
4016,109,31,-0.172445222,12
4017,110,31,0.03545322,12
4018,111,31,-0.138670871,12
4019,112,31,-0.088016926,12
4020,113,31,-0.066008762,12
4021,114,31,-0.285272594,12
4022,115,31,-0.101892587,12
4023,116,31,-0.18534122,12
4024,117,31,-0.240693458,12
4025,118,31,-0.033714284,12
4026,119,31,-0.214390164,12
4027,120,31,0.009459438,12
4028,121,31,-0.115866398,12
4029,122,31,-0.169717567,12
4030,123,31,-0.233349682,12
4031,124,31,-0.133830106,12
4032,125,31,-0.086621326,12
4033,0,32,-0.136570894,7
4034,1,32,-0.198774271,7
4035,2,32,-0.128879689,7
4036,3,32,-0.102853798,7
4037,4,32,-0.136548513,7
4038,5,32,-0.105875814,7
4039,6,32,-0.061840677,7
4040,7,32,-0.020935153,7
4041,8,32,-0.035802853,7
4042,9,32,0.177126855,7
4043,10,32,0.058859335,7
4044,11,32,-0.063902913,7
4045,12,32,0.038751089,7
4046,13,32,0.045790269,7
4047,14,32,-0.167654737,7
4048,15,32,-0.140168753,7
4049,16,32,-0.025199459,7
4050,17,32,-0.144850829,7
4051,18,32,0.028194225,7
4052,19,32,-0.053365031,7
4053,20,32,0.028929755,7
4054,21,32,-0.140796103,7
4055,22,32,0.120564345,7
4056,23,32,-0.098104884,7
4057,24,32,-0.139793362,7
4058,25,32,-0.05686771,7
4059,26,32,0.133073064,7
4060,27,32,-0.109205358,7
4061,28,32,-0.129887608,7
4062,29,32,-0.170480699,7
4063,30,32,-0.009725875,7
4064,31,32,-0.160490257,7
4065,32,32,-0.065977537,7
4066,33,32,-0.032839069,7
4067,34,32,-0.129398407,7
4068,35,32,-0.199005399,7
4069,36,32,-0.100182218,7
4070,37,32,-0.069705463,7
4071,38,32,-0.214817392,7
4072,39,32,0.006724271,7
4073,40,32,0.031701904,7
4074,41,32,-0.18552212,7
4075,42,32,-0.116492467,7
4076,43,32,0.116030677,1
4077,44,32,0.066534995,1
4078,45,32,0.110200109,1
4079,46,32,0.031860049,1
4080,47,32,0.158771646,1
4081,48,32,0.1464638,1
4082,49,32,0.144184584,1
4083,50,32,0.185737405,1
4084,51,32,0.170881948,1
4085,52,32,-0.038398325,1
4086,53,32,0.15303677,1
4087,54,32,0.016339829,1
4088,55,32,-0.066492132,1
4089,56,32,0.140724493,1
4090,57,32,0.10796369,1
4091,58,32,0.018542641,1
4092,59,32,0.187433998,1
4093,60,32,0.037859761,1
4094,61,32,0.055145695,1
4095,62,32,0.210965015,1
4096,63,32,-0.037266388,1
4097,64,32,-0.113776648,1
4098,65,32,0.073978956,1
4099,66,32,0.221532246,1
4100,67,32,0.040554866,1
4101,68,32,0.257753345,1
4102,69,32,-0.021938832,1
4103,70,32,0.157107343,1
4104,71,32,0.20177879,1
4105,72,32,-0.092035056,1
4106,73,32,-0.165394477,1
4107,74,32,0.032696759,1
4108,75,32,0.189106892,13
4109,76,32,0.260915829,13
4110,77,32,0.037023153,13
4111,78,32,0.181763311,13
4112,79,32,0.050629742,13
4113,80,32,-0.002189951,13
4114,81,32,0.024342959,13
4115,82,32,0.160851321,13
4116,83,32,0.138201892,13
4117,84,32,0.197043436,13
4118,85,32,0.039770973,13
4119,86,32,0.037106522,13
4120,87,32,-0.009473271,13
4121,88,32,0.087554281,13
4122,89,32,0.279743404,14
4123,90,32,0.273018579,14
4124,91,32,0.199059331,14
4125,92,32,0.398482817,14
4126,93,32,0.315878229,14
4127,94,32,0.00250946,14
4128,95,32,0.252057358,14
4129,96,32,0.20757102,14
4130,97,32,0.197245613,14
4131,98,32,0.060563659,14
4132,99,32,0.548896894,14
4133,100,32,0.372019038,15
4134,101,32,0.010610231,12
4135,102,32,-0.611096691,12
4136,103,32,-0.23670727,12
4137,104,32,-0.13905803,12
4138,105,32,-0.179055762,12
4139,106,32,0.049035224,12
4140,107,32,-0.158549348,12
4141,108,32,-0.205890008,12
4142,109,32,-0.112245038,12
4143,110,32,-0.109319731,12
4144,111,32,-0.242451006,12
4145,112,32,-0.045574688,12
4146,113,32,-0.067534239,12
4147,114,32,-0.125369548,12
4148,115,32,0.143856382,12
4149,116,32,-0.413732627,12
4150,117,32,-0.089051648,12
4151,118,32,-0.332325324,12
4152,119,32,-0.26364334,12
4153,120,32,-0.332549497,12
4154,121,32,-0.132149269,12
4155,122,32,-0.165711057,12
4156,123,32,-0.082305966,12
4157,124,32,-0.053739159,12
4158,125,32,-0.025444449,12
4159,0,33,-0.044359883,7
4160,1,33,-0.215369386,7
4161,2,33,-0.08216595,7
4162,3,33,-0.131698505,7
4163,4,33,-0.021729099,7
4164,5,33,-0.157636839,7
4165,6,33,-0.215274171,7
4166,7,33,-0.072770486,7
4167,8,33,-0.209052752,7
4168,9,33,-0.124831125,7
4169,10,33,-0.162925673,7
4170,11,33,-0.124066198,7
4171,12,33,-0.181233154,7
4172,13,33,-0.051366323,7
4173,14,33,-0.032918668,7
4174,15,33,0.016735878,7
4175,16,33,-0.051073275,7
4176,17,33,-0.04111297,7
4177,18,33,-0.082053237,7
4178,19,33,-0.142837734,7
4179,20,33,-0.059613988,7
4180,21,33,-0.119137639,7
4181,22,33,-0.191283027,7
4182,23,33,-0.276517557,7
4183,24,33,-0.231850508,7
4184,25,33,-0.025135527,7
4185,26,33,0.061798765,7
4186,27,33,0.077288414,7
4187,28,33,-0.108732379,7
4188,29,33,-0.056670212,7
4189,30,33,-0.146599566,7
4190,31,33,-0.053718624,7
4191,32,33,0.053271795,7
4192,33,33,0.020634661,7
4193,34,33,-0.077189481,7
4194,35,33,-0.234954049,7
4195,36,33,-0.016816597,7
4196,37,33,-0.150880625,7
4197,38,33,-0.156295417,7
4198,39,33,-0.07039737,7
4199,40,33,0.062232074,7
4200,41,33,-0.317032266,7
4201,42,33,0.08264631,7
4202,43,33,0.069610936,1
4203,44,33,0.106423989,1
4204,45,33,0.285245484,1
4205,46,33,0.137401952,1
4206,47,33,0.147567678,1
4207,48,33,0.185641584,1
4208,49,33,0.180437121,1
4209,50,33,0.096677126,1
4210,51,33,0.08625992,1
4211,52,33,-0.185829394,1
4212,53,33,0.03610339,1
4213,54,33,0.0808086,1
4214,55,33,0.142664902,1
4215,56,33,0.137500594,1
4216,57,33,0.241470081,1
4217,58,33,0.06836859,1
4218,59,33,0.233420253,1
4219,60,33,0.010493451,1
4220,61,33,0.244470027,1
4221,62,33,-0.030205146,1
4222,63,33,-0.090923736,1
4223,64,33,0.111859245,1
4224,65,33,0.098198042,1
4225,66,33,0.199115365,1
4226,67,33,0.082951944,1
4227,68,33,0.039738713,1
4228,69,33,0.060120018,1
4229,70,33,0.154290602,1
4230,71,33,0.249136047,1
4231,72,33,0.057960335,1
4232,73,33,0.166690908,1
4233,74,33,0.355023709,1
4234,75,33,0.192220676,13
4235,76,33,0.194229817,13
4236,77,33,-0.093514654,13
4237,78,33,0.067075803,13
4238,79,33,0.086721183,13
4239,80,33,0.04038216,13
4240,81,33,0.181353804,13
4241,82,33,0.052656793,13
4242,83,33,0.07702482,13
4243,84,33,-0.013675522,13
4244,85,33,0.069889872,13
4245,86,33,-0.056339331,13
4246,87,33,-0.012589687,13
4247,88,33,0.461536382,14
4248,89,33,0.269831477,14
4249,90,33,0.278166825,14
4250,91,33,0.084423874,14
4251,92,33,0.218442495,14
4252,93,33,0.302861424,14
4253,94,33,0.269479222,14
4254,95,33,0.217235752,14
4255,96,33,0.035258385,14
4256,97,33,0.212681536,14
4257,98,33,0.494803288,14
4258,99,33,0.260029492,15
4259,100,33,0.222784906,15
4260,101,33,-0.089721883,12
4261,102,33,-0.379778097,12
4262,103,33,-0.239954419,12
4263,104,33,0.076903876,12
4264,105,33,-0.135690412,12
4265,106,33,-0.238268372,12
4266,107,33,0.066141502,12
4267,108,33,-0.102950115,12
4268,109,33,-0.148736634,12
4269,110,33,0.094887763,12
4270,111,33,-0.272794095,12
4271,112,33,-0.258341777,12
4272,113,33,-0.209627182,12
4273,114,33,-0.005860262,12
4274,115,33,0.02840572,12
4275,116,33,-0.456543353,12
4276,117,33,-0.096223223,12
4277,118,33,-0.210755782,12
4278,119,33,-0.367703343,12
4279,120,33,-0.177958481,12
4280,121,33,-0.136047356,12
4281,122,33,-0.227454387,12
4282,123,33,-0.178141092,12
4283,124,33,-0.047028275,12
4284,125,33,-0.088844694,12
4285,0,34,-0.037755759,7
4286,1,34,0.019227574,7
4287,2,34,0.028238787,7
4288,3,34,0.00926175,7
4289,4,34,0.031679374,7
4290,5,34,-0.054955551,7
4291,6,34,-0.229387945,7
4292,7,34,-0.182596169,7
4293,8,34,-0.020006904,7
4294,9,34,-0.111359851,7
4295,10,34,-0.151759526,7
4296,11,34,-0.147365772,7
4297,12,34,-0.058519614,7
4298,13,34,-0.172169395,7
4299,14,34,-0.124191115,7
4300,15,34,-0.179099752,7
4301,16,34,-0.163271927,7
4302,17,34,0.066236156,7
4303,18,34,-0.446529615,7
4304,19,34,-0.200854486,7
4305,20,34,-0.135925666,7
4306,21,34,-0.106304875,7
4307,22,34,-0.110676012,7
4308,23,34,-0.192557042,7
4309,24,34,-0.121660936,7
4310,25,34,-0.066146376,7
4311,26,34,0.087257433,7
4312,27,34,0.066538637,7
4313,28,34,-0.189402336,7
4314,29,34,0.08480136,7
4315,30,34,-0.060425103,7
4316,31,34,0.0850915,7
4317,32,34,-0.022376064,7
4318,33,34,0.015648237,7
4319,34,34,-0.059171851,7
4320,35,34,-0.087073901,7
4321,36,34,0.034047771,7
4322,37,34,0.050675383,7
4323,38,34,-0.038827025,7
4324,39,34,0.128997518,7
4325,40,34,0.111465298,7
4326,41,34,-0.058896995,7
4327,42,34,-0.065796632,7
4328,43,34,0.183284614,1
4329,44,34,0.007425635,1
4330,45,34,0.185288308,1
4331,46,34,-0.037999221,1
4332,47,34,0.071034166,1
4333,48,34,0.201518433,1
4334,49,34,0.147992369,1
4335,50,34,0.177259052,1
4336,51,34,0.039668655,1
4337,52,34,0.201112371,1
4338,53,34,0.134058107,1
4339,54,34,0.174037598,1
4340,55,34,0.199745466,1
4341,56,34,0.181407706,1
4342,57,34,0.140392814,1
4343,58,34,0.050632783,1
4344,59,34,0.041051837,1
4345,60,34,-0.063192301,1
4346,61,34,0.033501783,1
4347,62,34,0.144117665,1
4348,63,34,0.180118278,1
4349,64,34,0.080697281,1
4350,65,34,0.160392742,1
4351,66,34,0.195775098,1
4352,67,34,-0.098210395,1
4353,68,34,0.091265043,1
4354,69,34,0.21051102,1
4355,70,34,-0.001268537,1
4356,71,34,0.131218901,1
4357,72,34,0.203080463,1
4358,73,34,0.109489503,1
4359,74,34,0.475266778,1
4360,75,34,0.115685138,13
4361,76,34,0.098042571,13
4362,77,34,-0.031462323,13
4363,78,34,-0.108190574,13
4364,79,34,0.147884964,13
4365,80,34,0.018167121,13
4366,81,34,0.069725875,13
4367,82,34,0.174036078,13
4368,83,34,0.090947898,13
4369,84,34,0.075481963,13
4370,85,34,-0.022251412,13
4371,86,34,0.373506397,14
4372,87,34,0.202404669,14
4373,88,34,0.273634706,14
4374,89,34,0.060406486,14
4375,90,34,0.213168779,14
4376,91,34,0.064212814,14
4377,92,34,0.167471613,14
4378,93,34,0.258856519,14
4379,94,34,0.210845498,14
4380,95,34,0.371708192,14
4381,96,34,0.326265231,14
4382,97,34,0.325645011,14
4383,98,34,0.132747729,14
4384,99,34,0.010714398,15
4385,100,34,0.034189929,15
4386,101,34,0.088868141,12
4387,102,34,-0.340836269,12
4388,103,34,-0.012352611,12
4389,104,34,-0.171720774,12
4390,105,34,-0.186498265,12
4391,106,34,-0.280821849,12
4392,107,34,-0.32631572,12
4393,108,34,-0.344319946,12
4394,109,34,-0.192993609,12
4395,110,34,0.084481166,12
4396,111,34,0.011030788,12
4397,112,34,-0.225930624,12
4398,113,34,-0.299324934,12
4399,114,34,-0.132199669,12
4400,115,34,-0.118143807,12
4401,116,34,0.077685526,12
4402,117,34,-0.2899233,12
4403,118,34,-0.183776941,12
4404,119,34,-0.291635171,12
4405,120,34,-0.050379267,12
4406,121,34,0.119868621,12
4407,122,34,-0.224230659,12
4408,123,34,-0.139376948,12
4409,124,34,-0.35008623,12
4410,125,34,-0.236792542,12
4411,0,35,0.362105514,16
4412,1,35,0.284601689,16
4413,2,35,0.169583037,16
4414,3,35,-0.049128033,7
4415,4,35,0.039911569,7
4416,5,35,0.017941562,7
4417,6,35,-0.005506928,7
4418,7,35,-0.115134424,7
4419,8,35,-0.158148945,7
4420,9,35,-0.0929947,7
4421,10,35,-0.124577779,7
4422,11,35,-0.083200764,7
4423,12,35,0.005020695,7
4424,13,35,-0.117631359,7
4425,14,35,-0.141152928,7
4426,15,35,-0.089547494,7
4427,16,35,0.038282696,7
4428,17,35,-0.273153746,7
4429,18,35,0.073059313,7
4430,19,35,-0.100859926,7
4431,20,35,-0.090988973,7
4432,21,35,0.123645332,7
4433,22,35,-0.257533684,7
4434,23,35,0,7
4435,24,35,0.072053735,7
4436,25,35,-0.21242831,7
4437,26,35,-0.083960327,7
4438,27,35,-0.019885021,7
4439,28,35,-0.017560659,7
4440,29,35,0.072378373,7
4441,30,35,-0.198251942,7
4442,31,35,0.033250929,7
4443,32,35,-0.112097606,7
4444,33,35,-0.10773223,7
4445,34,35,-0.110798689,7
4446,35,35,-0.131382678,7
4447,36,35,-0.081736532,7
4448,37,35,-0.084460964,7
4449,38,35,-0.144169029,7
4450,39,35,0.082239,7
4451,40,35,0.055507835,7
4452,41,35,-0.009387226,7
4453,42,35,-0.000536013,7
4454,43,35,-0.171133031,7
4455,44,35,0.160553835,1
4456,45,35,0.103408655,1
4457,46,35,0.107541389,1
4458,47,35,0.061421327,1
4459,48,35,0.184239535,1
4460,49,35,0.066642104,1
4461,50,35,0.116898219,1
4462,51,35,-0.003616274,1
4463,52,35,0.24048997,1
4464,53,35,0.133642034,1
4465,54,35,0.101988452,1
4466,55,35,0.244191281,1
4467,56,35,0.063473089,1
4468,57,35,0.103225209,1
4469,58,35,0.080020463,1
4470,59,35,0.069584391,1
4471,60,35,0.015797222,1
4472,61,35,-0.170545974,1
4473,62,35,-0.029967734,1
4474,63,35,0.127324147,1
4475,64,35,0.103701073,1
4476,65,35,0.133626697,1
4477,66,35,0.072055397,1
4478,67,35,0.038637407,1
4479,68,35,0.15988748,1
4480,69,35,0.047009533,1
4481,70,35,-0.083596523,1
4482,71,35,0.082258438,1
4483,72,35,0.202584684,1
4484,73,35,0.05779234,1
4485,74,35,0.141072879,13
4486,75,35,-0.049781157,13
4487,76,35,0.149835612,13
4488,77,35,0.055110805,13
4489,78,35,0.062515881,13
4490,79,35,0.003511838,13
4491,80,35,-0.061724235,13
4492,81,35,0.018649506,13
4493,82,35,0.133769966,13
4494,83,35,0.122379997,13
4495,84,35,0.181193363,13
4496,85,35,0.300937092,14
4497,86,35,0.206898668,14
4498,87,35,0.182861538,14
4499,88,35,0.305493475,14
4500,89,35,0.139306887,14
4501,90,35,0.224154194,14
4502,91,35,0.115541949,14
4503,92,35,0.193373433,14
4504,93,35,0.100432424,14
4505,94,35,0.173165742,14
4506,95,35,0.149592451,14
4507,96,35,0.033162414,14
4508,97,35,0.403159957,14
4509,98,35,0.557789385,14
4510,99,35,-0.056554081,15
4511,100,35,-0.154299012,15
4512,101,35,-0.118381598,12
4513,102,35,-0.080656195,12
4514,103,35,-0.237009775,12
4515,104,35,-0.151488899,12
4516,105,35,-0.249093662,12
4517,106,35,-0.362465249,12
4518,107,35,-0.046471056,12
4519,108,35,-0.1501796,12
4520,109,35,-0.090932535,12
4521,110,35,-0.125948399,12
4522,111,35,-0.270395533,12
4523,112,35,-0.250718584,12
4524,113,35,-0.30886777,12
4525,114,35,-0.119393682,12
4526,115,35,-0.093463501,12
4527,116,35,-0.235378411,12
4528,117,35,-0.027489665,12
4529,118,35,0.055082489,12
4530,119,35,-0.146552006,12
4531,120,35,-0.29903686,12
4532,121,35,-0.289378999,12
4533,122,35,-0.111484199,12
4534,123,35,-0.239708619,12
4535,124,35,-0.191448733,12
4536,125,35,-0.447976149,12
4537,0,36,-0.069959982,16
4538,1,36,0.013990983,16
4539,2,36,0.137121575,16
4540,3,36,0.375066297,16
4541,4,36,0.244304074,16
4542,5,36,0.182311532,16
4543,6,36,0.383108871,16
4544,7,36,0.050737455,7
4545,8,36,0.064182386,7
4546,9,36,-0.050824215,7
4547,10,36,0.110867615,7
4548,11,36,-0.104503488,7
4549,12,36,0.043074,7
4550,13,36,-0.120967095,7
4551,14,36,-0.155003085,7
4552,15,36,-0.039954313,7
4553,16,36,0.082751612,7
4554,17,36,-0.213486226,7
4555,18,36,-0.046528363,7
4556,19,36,-0.099076027,7
4557,20,36,-0.165137695,7
4558,21,36,-0.134468876,7
4559,22,36,-0.245092934,7
4560,23,36,0.006439519,7
4561,24,36,0.134643585,7
4562,25,36,-0.004275985,7
4563,26,36,0.028074178,7
4564,27,36,-0.152605121,7
4565,28,36,-0.023168411,7
4566,29,36,-0.220431455,7
4567,30,36,-0.287437675,7
4568,31,36,-0.088745316,7
4569,32,36,-0.175422017,7
4570,33,36,-0.107035103,7
4571,34,36,0.046623129,7
4572,35,36,-0.026686438,7
4573,36,36,-0.068548832,7
4574,37,36,-0.186701612,7
4575,38,36,0.142815102,7
4576,39,36,0.123419246,7
4577,40,36,-0.114967941,7
4578,41,36,-0.029519676,7
4579,42,36,0.030851113,7
4580,43,36,-0.01886457,7
4581,44,36,0.228008417,1
4582,45,36,0.153112462,1
4583,46,36,0.086822567,1
4584,47,36,0.049836099,1
4585,48,36,0.042725048,1
4586,49,36,-0.069929102,1
4587,50,36,0.172194012,1
4588,51,36,0.022291263,1
4589,52,36,0.245117993,1
4590,53,36,0.078772574,1
4591,54,36,0.173685339,1
4592,55,36,0.132406868,1
4593,56,36,0.148834965,1
4594,57,36,-0.016954138,1
4595,58,36,0.119989349,1
4596,59,36,0.066869738,1
4597,60,36,0.035357036,1
4598,61,36,0.169581012,1
4599,62,36,0.081099108,1
4600,63,36,0.155330311,1
4601,64,36,0.160711688,1
4602,65,36,-0.010801085,1
4603,66,36,0.123223232,1
4604,67,36,0.245140729,1
4605,68,36,0.074613407,1
4606,69,36,0.246429677,1
4607,70,36,0.08750896,1
4608,71,36,0.096620111,1
4609,72,36,0.2696265,1
4610,73,36,0.077152554,1
4611,74,36,0.060557043,13
4612,75,36,0.089972094,13
4613,76,36,0.03878188,13
4614,77,36,0.126256078,13
4615,78,36,-0.013920786,13
4616,79,36,-0.099319427,13
4617,80,36,0.005582681,13
4618,81,36,-0.054111078,13
4619,82,36,0.054878216,13
4620,83,36,0.28044728,14
4621,84,36,0.038496396,14
4622,85,36,0.200960572,14
4623,86,36,0.413478378,14
4624,87,36,0.383048386,14
4625,88,36,0.206565545,14
4626,89,36,0.205898349,14
4627,90,36,0.201710782,14
4628,91,36,0.321627143,14
4629,92,36,0.090399832,14
4630,93,36,0.287860342,14
4631,94,36,0.569345191,14
4632,95,36,0.290157228,14
4633,96,36,0.242518961,14
4634,97,36,0.468193678,14
4635,98,36,0.086708777,15
4636,99,36,-0.086734124,15
4637,100,36,0.25382782,15
4638,101,36,-0.28393914,12
4639,102,36,0.037833327,12
4640,103,36,-0.003882357,12
4641,104,36,-0.066001927,12
4642,105,36,-0.331146306,12
4643,106,36,-0.24996453,12
4644,107,36,-0.26055017,12
4645,108,36,-0.086740584,12
4646,109,36,-0.291488084,12
4647,110,36,-0.24565021,12
4648,111,36,-0.36687201,12
4649,112,36,-0.156466102,12
4650,113,36,-0.060709354,12
4651,114,36,-0.281202685,12
4652,115,36,-0.178334495,12
4653,116,36,-0.144682626,12
4654,117,36,-0.079100354,12
4655,118,36,-0.139002354,12
4656,119,36,0.045748196,12
4657,120,36,-0.084035747,12
4658,121,36,-0.251321126,12
4659,122,36,-0.120654843,12
4660,123,36,-0.333296766,12
4661,124,36,-0.404899156,12
4662,125,36,-0.15707005,12
4663,0,37,-0.067685779,16
4664,1,37,0.114518617,16
4665,2,37,0.039871802,16
4666,3,37,0.423675333,16
4667,4,37,0.224485612,16
4668,5,37,0.183618816,16
4669,6,37,0.132194918,16
4670,7,37,0.105563798,16
4671,8,37,0.296324848,16
4672,9,37,0.375590899,16
4673,10,37,0.463392898,16
4674,11,37,0.07199906,16
4675,12,37,0.034308368,7
4676,13,37,-0.271154422,7
4677,14,37,0.032014581,7
4678,15,37,-0.120436263,7
4679,16,37,-0.125845504,7
4680,17,37,-0.145488704,7
4681,18,37,-0.257789901,7
4682,19,37,-0.016786145,7
4683,20,37,-0.046082439,7
4684,21,37,-0.142507899,7
4685,22,37,-0.025160621,7
4686,23,37,-0.104139531,7
4687,24,37,-0.018783824,7
4688,25,37,-0.037431727,7
4689,26,37,-0.046085923,7
4690,27,37,-0.253588824,7
4691,28,37,0.005353545,7
4692,29,37,-0.087406283,7
4693,30,37,-0.002588515,7
4694,31,37,-0.06497339,7
4695,32,37,-0.041652951,7
4696,33,37,-0.130845684,7
4697,34,37,-0.169211036,7
4698,35,37,0.025649094,7
4699,36,37,-0.128963865,7
4700,37,37,-0.122346865,7
4701,38,37,-0.027470926,7
4702,39,37,0.105732059,7
4703,40,37,-0.297959303,7
4704,41,37,-0.009082914,7
4705,42,37,0.030545725,7
4706,43,37,0.117381309,7
4707,44,37,0.20684684,1
4708,45,37,0.17865787,1
4709,46,37,0.13220877,1
4710,47,37,0.208367562,1
4711,48,37,0.193095998,1
4712,49,37,-0.05525027,1
4713,50,37,-0.056758946,1
4714,51,37,0.093753899,1
4715,52,37,0.153520675,1
4716,53,37,0.268787851,1
4717,54,37,0.173565957,1
4718,55,37,0.044718669,1
4719,56,37,0.218002275,1
4720,57,37,-0.001988516,1
4721,58,37,0.057583699,1
4722,59,37,-0.035656956,1
4723,60,37,0.072005412,1
4724,61,37,0.189164612,1
4725,62,37,0.1417343,1
4726,63,37,0.119656614,1
4727,64,37,-0.063790023,1
4728,65,37,-0.024232132,1
4729,66,37,0.142980315,1
4730,67,37,0.091432039,1
4731,68,37,0.278498585,1
4732,69,37,0.237442704,1
4733,70,37,0.015399267,1
4734,71,37,0.130616834,1
4735,72,37,0.215005088,1
4736,73,37,0.229985159,1
4737,74,37,0.127163334,13
4738,75,37,0.166297024,13
4739,76,37,0.024933786,13
4740,77,37,0.131802468,13
4741,78,37,0.076891726,13
4742,79,37,0.153686066,13
4743,80,37,0.113211395,13
4744,81,37,-0.007547554,13
4745,82,37,0.268915839,14
4746,83,37,0.240175238,14
4747,84,37,0.163508045,14
4748,85,37,0.110226948,14
4749,86,37,0.336658916,14
4750,87,37,0.211526422,14
4751,88,37,0.380588765,14
4752,89,37,0.136985515,14
4753,90,37,0.21999448,14
4754,91,37,0.349234568,14
4755,92,37,0.205118591,14
4756,93,37,0.197822456,14
4757,94,37,0.426538881,14
4758,95,37,0.26134975,14
4759,96,37,0.397678131,14
4760,97,37,0.549262665,14
4761,98,37,-0.299876295,15
4762,99,37,-0.25535832,15
4763,100,37,0.354535405,15
4764,101,37,-0.460806831,12
4765,102,37,-0.185649887,12
4766,103,37,-0.061568227,12
4767,104,37,-0.097213333,12
4768,105,37,-0.276815218,12
4769,106,37,-0.02603012,12
4770,107,37,-0.170541438,12
4771,108,37,0.012382965,12
4772,109,37,-0.019335647,12
4773,110,37,-0.152516445,12
4774,111,37,0.007918699,12
4775,112,37,-0.203127023,12
4776,113,37,-0.168977778,12
4777,114,37,-0.282454052,12
4778,115,37,-0.226508693,12
4779,116,37,-0.02511308,12
4780,117,37,-0.142048409,12
4781,118,37,-0.254532126,12
4782,119,37,-0.046966198,12
4783,120,37,-0.141073812,12
4784,121,37,-0.046867651,12
4785,122,37,-0.275413419,12
4786,123,37,-0.208430345,12
4787,124,37,-0.190858174,12
4788,125,37,-0.323433384,12
4789,0,38,0.095700587,16
4790,1,38,0.310772426,16
4791,2,38,0.180502746,16
4792,3,38,0.141727235,16
4793,4,38,0.004753111,16
4794,5,38,-0.072932385,16
4795,6,38,0.23531744,16
4796,7,38,0.134665084,16
4797,8,38,0.168962286,16
4798,9,38,0.044193419,16
4799,10,38,0.084877372,16
4800,11,38,0.15162007,16
4801,12,38,0.192402186,16
4802,13,38,0.132062798,16
4803,14,38,0.005051096,16
4804,15,38,0.339683425,16
4805,16,38,-0.02842551,7
4806,17,38,0.053726012,7
4807,18,38,-0.094643939,7
4808,19,38,0.05605264,7
4809,20,38,0.058452173,7
4810,21,38,0.070695532,7
4811,22,38,-0.202424396,7
4812,23,38,-0.048242166,7
4813,24,38,0.082865554,7
4814,25,38,-0.163811886,7
4815,26,38,-0.026918206,7
4816,27,38,-0.14024951,7
4817,28,38,-0.009784865,7
4818,29,38,-0.147436814,7
4819,30,38,0.145260477,7
4820,31,38,0.001930275,7
4821,32,38,-0.032868207,7
4822,33,38,-0.205534489,7
4823,34,38,0.025880048,7
4824,35,38,-0.074558286,7
4825,36,38,0.005849221,7
4826,37,38,-0.182475879,7
4827,38,38,-0.106839763,7
4828,39,38,-0.260812436,7
4829,40,38,-0.112624814,7
4830,41,38,-0.154321949,7
4831,42,38,0.049835754,7
4832,43,38,-0.030826768,7
4833,44,38,-0.208049223,7
4834,45,38,0.198323982,1
4835,46,38,0.087206267,1
4836,47,38,-0.100487677,1
4837,48,38,0.071677895,1
4838,49,38,0.050325281,1
4839,50,38,-0.024640813,1
4840,51,38,0.257568967,1
4841,52,38,0.098697091,1
4842,53,38,0.163455826,1
4843,54,38,0.4525488,1
4844,55,38,-0.016625024,1
4845,56,38,0.201106841,1
4846,57,38,0.145869654,1
4847,58,38,0.065056242,1
4848,59,38,0.259669951,1
4849,60,38,0.06443694,1
4850,61,38,0.153106774,1
4851,62,38,0.016915072,1
4852,63,38,0.107362289,1
4853,64,38,0.164583667,1
4854,65,38,0.080267098,1
4855,66,38,0.179100944,1
4856,67,38,-0.034786108,1
4857,68,38,0.075431365,1
4858,69,38,0.056405526,1
4859,70,38,0.024517654,1
4860,71,38,0.104405479,1
4861,72,38,0.182113011,1
4862,73,38,0.592577611,1
4863,74,38,0.038955698,13
4864,75,38,0.01801063,13
4865,76,38,0.146530721,13
4866,77,38,-0.038571876,13
4867,78,38,0.160365375,13
4868,79,38,0.049481502,13
4869,80,38,0.317992224,14
4870,81,38,0.222208483,14
4871,82,38,0.275894679,14
4872,83,38,0.168737679,14
4873,84,38,0.239331221,14
4874,85,38,0.218289628,14
4875,86,38,0.421156455,14
4876,87,38,0.340303419,14
4877,88,38,0.292777816,14
4878,89,38,0.196242903,14
4879,90,38,0.34877535,14
4880,91,38,0.168098308,14
4881,92,38,0.280289382,14
4882,93,38,0.244420939,14
4883,94,38,0.336969586,14
4884,95,38,0.482853169,14
4885,96,38,0.498211222,14
4886,97,38,0.168369633,15
4887,98,38,-0.246394764,15
4888,99,38,-0.000897737,15
4889,100,38,-0.108779646,12
4890,101,38,-0.133924142,12
4891,102,38,-0.294744346,12
4892,103,38,-0.089299809,12
4893,104,38,-0.273573535,12
4894,105,38,-0.058017029,12
4895,106,38,-0.236506265,12
4896,107,38,-0.235884823,12
4897,108,38,-0.433241032,12
4898,109,38,-0.173898073,12
4899,110,38,-0.187186055,12
4900,111,38,-0.000277595,12
4901,112,38,-0.188317219,12
4902,113,38,0.151937717,12
4903,114,38,-0.058286878,12
4904,115,38,-0.099996441,12
4905,116,38,0.149684265,12
4906,117,38,0.0303577,12
4907,118,38,-0.221916928,12
4908,119,38,0.037664526,12
4909,120,38,0.018186951,12
4910,121,38,0.018114715,12
4911,122,38,-0.303375747,12
4912,123,38,-0.036197915,12
4913,124,38,-0.0093235,12
4914,125,38,-0.099718366,12
4915,0,39,0.186028715,16
4916,1,39,-0.116377327,16
4917,2,39,0.008851048,16
4918,3,39,0.092382162,16
4919,4,39,0.046095301,16
4920,5,39,0.019926306,16
4921,6,39,0.285752244,16
4922,7,39,0.108119875,16
4923,8,39,0.107832408,16
4924,9,39,0.110671884,16
4925,10,39,0.278567189,16
4926,11,39,0.140568921,16
4927,12,39,0.40761908,16
4928,13,39,0.167598586,16
4929,14,39,0.332547462,16
4930,15,39,0.309389384,16
4931,16,39,-0.030201245,16
4932,17,39,0.252366362,16
4933,18,39,0.422459558,16
4934,19,39,0.070338515,7
4935,20,39,-0.184457342,7
4936,21,39,-0.042477663,7
4937,22,39,-0.261544712,7
4938,23,39,-0.105332661,7
4939,24,39,-0.33106811,7
4940,25,39,-0.107932705,7
4941,26,39,-0.154174242,7
4942,27,39,-0.071527747,7
4943,28,39,-0.002307421,7
4944,29,39,0.033925284,7
4945,30,39,-0.005966527,7
4946,31,39,-0.030508983,7
4947,32,39,-0.096643744,7
4948,33,39,-0.067867454,7
4949,34,39,-0.074414686,7
4950,35,39,0.066798715,7
4951,36,39,0.104164561,7
4952,37,39,-0.067613838,7
4953,38,39,0.031776913,7
4954,39,39,-0.038835517,7
4955,40,39,-0.00717047,7
4956,41,39,-0.137386428,7
4957,42,39,-0.023947976,7
4958,43,39,0.041663695,7
4959,44,39,0.081865253,7
4960,45,39,0.02324061,1
4961,46,39,0.096343816,1
4962,47,39,-0.043126753,1
4963,48,39,0.023283824,1
4964,49,39,0.075566457,1
4965,50,39,0.191167798,1
4966,51,39,0.231753469,1
4967,52,39,0.127096349,1
4968,53,39,0.058745417,1
4969,54,39,0.131431302,1
4970,55,39,-0.164015182,1
4971,56,39,0.14085584,1
4972,57,39,-0.029495958,1
4973,58,39,0.073744219,1
4974,59,39,0.21451789,1
4975,60,39,0.301638645,1
4976,61,39,0.068660086,1
4977,62,39,0.212197617,1
4978,63,39,0.240651232,1
4979,64,39,0.022007328,1
4980,65,39,-0.069831062,1
4981,66,39,0.232484112,1
4982,67,39,0.145239208,1
4983,68,39,0.103496714,1
4984,69,39,0.093117245,1
4985,70,39,-0.108385688,1
4986,71,39,0.046782407,1
4987,72,39,0.118649158,1
4988,73,39,0.134686695,13
4989,74,39,0.008321991,13
4990,75,39,0.090176911,13
4991,76,39,0.180783659,13
4992,77,39,0.170668956,13
4993,78,39,0.075379733,13
4994,79,39,0.089259485,13
4995,80,39,0.284094585,14
4996,81,39,0.183134676,14
4997,82,39,0.064690164,14
4998,83,39,0.028089116,14
4999,84,39,0.115948127,14
5000,85,39,0.025860259,14
5001,86,39,0.273876682,14
5002,87,39,0.357309455,14
5003,88,39,0.230105627,14
5004,89,39,0.323765704,14
5005,90,39,0.241303271,14
5006,91,39,0.371257511,14
5007,92,39,0.289064426,14
5008,93,39,0.31859387,14
5009,94,39,0.380883512,14
5010,95,39,0.31862646,14
5011,96,39,0.321740644,14
5012,97,39,-0.183716328,15
5013,98,39,-0.122154329,15
5014,99,39,-0.127600272,15
5015,100,39,0.119299445,12
5016,101,39,-0.240249465,12
5017,102,39,-0.087592054,12
5018,103,39,-0.067793775,12
5019,104,39,-0.119562235,12
5020,105,39,-0.123760815,12
5021,106,39,-0.20968136,12
5022,107,39,-0.127713039,12
5023,108,39,-0.165586667,12
5024,109,39,-0.28686202,12
5025,110,39,-0.226749202,12
5026,111,39,-0.134006138,12
5027,112,39,-0.089844289,12
5028,113,39,-0.015332202,12
5029,114,39,0.021662817,12
5030,115,39,-0.13390703,12
5031,116,39,-0.200133559,12
5032,117,39,-0.101899712,12
5033,118,39,-0.022484619,12
5034,119,39,-0.000403981,12
5035,120,39,-0.321717664,12
5036,121,39,-0.271456297,12
5037,122,39,-0.1801113,12
5038,123,39,-0.330907719,12
5039,124,39,-0.030663321,12
5040,125,39,-0.140031372,12
5041,0,40,0.026529948,16
5042,1,40,0.161692673,16
5043,2,40,0.099549658,16
5044,3,40,0.017303434,16
5045,4,40,0.210269618,16
5046,5,40,0.002496714,16
5047,6,40,0.277552751,16
5048,7,40,0.21035417,16
5049,8,40,-0.037600378,16
5050,9,40,0.32014794,16
5051,10,40,0.00043376,16
5052,11,40,0.006589419,16
5053,12,40,-0.04906722,16
5054,13,40,0.150713645,16
5055,14,40,0.188597125,16
5056,15,40,0.20011353,16
5057,16,40,0.080091287,16
5058,17,40,-0.071081381,16
5059,18,40,-0.073350606,16
5060,19,40,0.096148757,16
5061,20,40,0.074258003,16
5062,21,40,0.269151815,16
5063,22,40,0.152175105,16
5064,23,40,0.138256938,16
5065,24,40,-0.182411096,7
5066,25,40,-0.154317354,7
5067,26,40,-0.227918992,7
5068,27,40,-0.003551258,7
5069,28,40,0.042980012,7
5070,29,40,0.14167424,7
5071,30,40,-0.002656238,7
5072,31,40,0.131597681,7
5073,32,40,-0.096964024,7
5074,33,40,0.020496768,7
5075,34,40,-0.06400339,7
5076,35,40,0.122832219,7
5077,36,40,-0.053237947,7
5078,37,40,-0.121028119,7
5079,38,40,-0.160159177,7
5080,39,40,0.005625316,7
5081,40,40,-0.007416566,7
5082,41,40,0.000726785,7
5083,42,40,0.059206906,7
5084,43,40,0.070818962,7
5085,44,40,0.110604771,7
5086,45,40,-0.015853143,1
5087,46,40,0.083871016,1
5088,47,40,0.133335931,1
5089,48,40,0.148643854,1
5090,49,40,0.073592582,1
5091,50,40,0.227983081,1
5092,51,40,0.135877389,1
5093,52,40,0.093075575,1
5094,53,40,-0.06854632,1
5095,54,40,0.233183039,1
5096,55,40,-0.024958673,1
5097,56,40,-0.000552482,1
5098,57,40,-0.015684331,1
5099,58,40,0.184419392,1
5100,59,40,0.08066852,1
5101,60,40,0.206625219,1
5102,61,40,0.046079814,1
5103,62,40,0.199876532,1
5104,63,40,0.194428616,1
5105,64,40,0.053334078,1
5106,65,40,0.35559071,1
5107,66,40,0.120031035,1
5108,67,40,0.081592926,1
5109,68,40,0.079865649,1
5110,69,40,0.251376326,1
5111,70,40,0.191103468,1
5112,71,40,0.234507962,1
5113,72,40,0.279231526,13
5114,73,40,0.103349867,13
5115,74,40,0.140768155,13
5116,75,40,0.124278708,13
5117,76,40,0.117119815,13
5118,77,40,0.083827903,13
5119,78,40,0.090090704,13
5120,79,40,0.11581717,13
5121,80,40,0.289230727,14
5122,81,40,0.287003238,14
5123,82,40,0.036458594,14
5124,83,40,0.239865526,14
5125,84,40,0.351088012,14
5126,85,40,0.285629336,14
5127,86,40,0.342647072,14
5128,87,40,0.356485345,14
5129,88,40,0.02937552,14
5130,89,40,0.219193135,14
5131,90,40,0.080894713,14
5132,91,40,0.291819803,14
5133,92,40,0.240247805,14
5134,93,40,0.199854147,14
5135,94,40,0.345288086,14
5136,95,40,0.361034182,14
5137,96,40,0.201173733,14
5138,97,40,-0.03465024,15
5139,98,40,-0.201705032,15
5140,99,40,-0.159283623,15
5141,100,40,-0.074662186,12
5142,101,40,-0.088302508,12
5143,102,40,-0.16432763,12
5144,103,40,-0.320275502,12
5145,104,40,-0.201633514,12
5146,105,40,-0.389749563,12
5147,106,40,-0.140903586,12
5148,107,40,-0.06394944,12
5149,108,40,-0.392614734,12
5150,109,40,-0.259698927,12
5151,110,40,-0.166831077,12
5152,111,40,-0.095720708,12
5153,112,40,-0.121170492,12
5154,113,40,-0.02628943,12
5155,114,40,-0.209939625,12
5156,115,40,0.121323645,12
5157,116,40,-0.335067479,12
5158,117,40,-0.220426429,12
5159,118,40,-0.295554688,12
5160,119,40,-0.132938331,12
5161,120,40,-0.509952855,12
5162,121,40,-0.056211851,12
5163,122,40,0.041372277,12
5164,123,40,-0.162806577,12
5165,124,40,0.040946152,12
5166,125,40,0.002372237,12
5167,0,41,-0.155649369,16
5168,1,41,0.449377232,16
5169,2,41,-0.059299274,16
5170,3,41,0.065690437,16
5171,4,41,0.090423284,16
5172,5,41,0.034668286,16
5173,6,41,-0.035316804,16
5174,7,41,0.172904635,16
5175,8,41,0.037143877,16
5176,9,41,0.022557215,16
5177,10,41,0.338563239,16
5178,11,41,0.242637714,16
5179,12,41,-0.065747791,16
5180,13,41,0.14311967,16
5181,14,41,0.285417729,16
5182,15,41,0.189240671,16
5183,16,41,0.01602792,16
5184,17,41,0.234261111,16
5185,18,41,-0.018470764,16
5186,19,41,0.164952115,16
5187,20,41,0.05469401,16
5188,21,41,0.042040098,16
5189,22,41,0.312506168,16
5190,23,41,0.077202369,16
5191,24,41,0.160750158,16
5192,25,41,0.521590177,16
5193,26,41,0.244296972,16
5194,27,41,0.38251257,16
5195,28,41,-0.039906762,7
5196,29,41,-0.074982025,7
5197,30,41,0.003540299,7
5198,31,41,0.018495022,7
5199,32,41,0.041160197,7
5200,33,41,-0.127892194,7
5201,34,41,-0.269663224,7
5202,35,41,-0.045352124,7
5203,36,41,-0.100584173,7
5204,37,41,0.005372401,7
5205,38,41,0.038300873,7
5206,39,41,0.280666823,7
5207,40,41,-0.121254637,7
5208,41,41,-0.028334019,7
5209,42,41,0.016246516,7
5210,43,41,0.104213521,7
5211,44,41,0.023368832,7
5212,45,41,0.518619288,1
5213,46,41,0.096790322,1
5214,47,41,0.114971627,1
5215,48,41,0.136066874,1
5216,49,41,0.227726981,1
5217,50,41,0.107231697,1
5218,51,41,0.112789456,1
5219,52,41,0.193415346,1
5220,53,41,-0.07682971,1
5221,54,41,0.181732169,1
5222,55,41,0.226216403,1
5223,56,41,0.095483038,1
5224,57,41,0.058543473,1
5225,58,41,0.03899855,1
5226,59,41,0.161982261,1
5227,60,41,0.185904896,1
5228,61,41,0.113156342,1
5229,62,41,0.101774352,1
5230,63,41,0.103036209,1
5231,64,41,0.150957598,1
5232,65,41,0.094865111,1
5233,66,41,0.101067042,1
5234,67,41,0.00328664,1
5235,68,41,0.001522325,1
5236,69,41,-0.200198875,1
5237,70,41,0.170025113,1
5238,71,41,0.347974806,13
5239,72,41,0.226688979,13
5240,73,41,0.074449426,13
5241,74,41,0.036974441,13
5242,75,41,0.130573903,13
5243,76,41,0.04939497,13
5244,77,41,0.063282311,13
5245,78,41,0.008310509,13
5246,79,41,0.131121199,13
5247,80,41,0.347190347,14
5248,81,41,0.250319136,14
5249,82,41,0.131661795,14
5250,83,41,0.424593656,14
5251,84,41,0.190249213,14
5252,85,41,0.332721824,14
5253,86,41,0.333296374,14
5254,87,41,0.477357648,14
5255,88,41,0.168869465,14
5256,89,41,0.029259742,14
5257,90,41,0.244186138,14
5258,91,41,0.333637865,14
5259,92,41,0.250302267,14
5260,93,41,0.417298194,14
5261,94,41,0.178822671,14
5262,95,41,0.112030632,14
5263,96,41,0.271139076,15
5264,97,41,-0.109846068,15
5265,98,41,-0.344021425,15
5266,99,41,-0.084345717,15
5267,100,41,-0.000123902,12
5268,101,41,0.000259842,12
5269,102,41,-0.290278954,12
5270,103,41,-0.238890185,12
5271,104,41,-0.221698244,12
5272,105,41,-0.314452311,12
5273,106,41,-0.326816531,12
5274,107,41,-0.294172517,12
5275,108,41,-0.165602576,12
5276,109,41,-0.199948471,12
5277,110,41,-0.200616988,12
5278,111,41,-0.091883787,12
5279,112,41,-0.300889244,12
5280,113,41,-0.117480664,12
5281,114,41,-0.084295453,12
5282,115,41,-0.150648312,12
5283,116,41,-0.442332559,12
5284,117,41,-0.207349753,12
5285,118,41,-0.424566647,12
5286,119,41,-0.412385214,12
5287,120,41,-0.349679312,12
5288,121,41,-0.270085466,12
5289,122,41,-0.1613783,12
5290,123,41,-0.127058801,12
5291,124,41,-0.261152237,12
5292,125,41,-0.405513187,12
5293,0,42,0.1462231,16
5294,1,42,0.205396896,16
5295,2,42,-0.011432697,16
5296,3,42,0.186883616,16
5297,4,42,-0.201443641,16
5298,5,42,0.045822139,16
5299,6,42,0.050513715,16
5300,7,42,0.236254749,16
5301,8,42,0.146334771,16
5302,9,42,-0.015904945,16
5303,10,42,0.204777557,16
5304,11,42,-0.001402689,16
5305,12,42,0.043119467,16
5306,13,42,0.020822696,16
5307,14,42,-0.039894985,16
5308,15,42,0.000545752,16
5309,16,42,0.0781448,16
5310,17,42,0.271155073,16
5311,18,42,0.206162998,16
5312,19,42,0.010588631,16
5313,20,42,0.11155463,16
5314,21,42,0.111360678,16
5315,22,42,0.168780725,16
5316,23,42,0.296502769,16
5317,24,42,0.360565746,16
5318,25,42,0.0892467,16
5319,26,42,0.138455417,16
5320,27,42,-0.0056431,16
5321,28,42,0.149171596,16
5322,29,42,0.350215622,16
5323,30,42,-0.061667,7
5324,31,42,0.117103758,7
5325,32,42,0.045778613,7
5326,33,42,0.018369947,7
5327,34,42,-0.179715361,7
5328,35,42,-0.086934054,7
5329,36,42,0.029998942,7
5330,37,42,0.047458956,7
5331,38,42,-0.120758119,7
5332,39,42,-0.012976383,7
5333,40,42,-0.142487247,7
5334,41,42,0.03354903,7
5335,42,42,0.060346053,7
5336,43,42,0.094725176,7
5337,44,42,-0.099344224,7
5338,45,42,-0.025489782,7
5339,46,42,0.102990016,1
5340,47,42,0.128657684,1
5341,48,42,0.027737759,1
5342,49,42,0.093469815,1
5343,50,42,0.003282473,1
5344,51,42,0.013014036,1
5345,52,42,0.095396988,1
5346,53,42,0.063682234,1
5347,54,42,0.095972009,1
5348,55,42,0.20198374,1
5349,56,42,0.236745406,1
5350,57,42,-0.042021855,1
5351,58,42,0.043967895,1
5352,59,42,0.336832317,1
5353,60,42,0.218043661,1
5354,61,42,0.239067104,1
5355,62,42,0.015123996,1
5356,63,42,0.070908136,1
5357,64,42,0.207037013,1
5358,65,42,0.015685784,1
5359,66,42,-0.044316215,1
5360,67,42,0.121446436,1
5361,68,42,0.007047906,1
5362,69,42,0.097479452,1
5363,70,42,0.03545901,13
5364,71,42,0.061830449,13
5365,72,42,0.115992876,13
5366,73,42,-0.071334961,13
5367,74,42,0.037529118,13
5368,75,42,0.088838501,13
5369,76,42,0.101015517,13
5370,77,42,-0.043675487,13
5371,78,42,0.223869859,13
5372,79,42,0.139626364,13
5373,80,42,-0.138479722,14
5374,81,42,0.269715458,14
5375,82,42,0.142207995,14
5376,83,42,0.107486959,14
5377,84,42,0.26680786,14
5378,85,42,0.207245283,14
5379,86,42,0.277079105,14
5380,87,42,0.308649074,14
5381,88,42,0.174494453,14
5382,89,42,-0.052218913,14
5383,90,42,0.256611395,14
5384,91,42,0.266954953,14
5385,92,42,0.14152781,14
5386,93,42,0.254548657,14
5387,94,42,0.333265264,14
5388,95,42,0.419760983,14
5389,96,42,0.05783996,15
5390,97,42,-0.091215766,15
5391,98,42,-0.346988219,15
5392,99,42,-0.202569253,15
5393,100,42,-0.000236244,12
5394,101,42,-0.17203119,12
5395,102,42,-0.110079953,12
5396,103,42,0.030823982,12
5397,104,42,-0.355607527,12
5398,105,42,-0.159907694,12
5399,106,42,-0.34634117,12
5400,107,42,-0.204206795,12
5401,108,42,-0.131753304,12
5402,109,42,-0.220307299,12
5403,110,42,-0.11637201,12
5404,111,42,-0.153796255,12
5405,112,42,-0.078859301,12
5406,113,42,-0.031739686,12
5407,114,42,-0.213932913,12
5408,115,42,-0.200383433,12
5409,116,42,-0.147133136,12
5410,117,42,-0.225563562,12
5411,118,42,-0.073503056,12
5412,119,42,-0.16136272,12
5413,120,42,-0.298395892,12
5414,121,42,-0.019234236,12
5415,122,42,-0.034826443,12
5416,123,42,-0.22400133,12
5417,124,42,-0.093690743,12
5418,125,42,-0.540556154,12
5419,0,43,0.243782575,16
5420,1,43,0.009803492,16
5421,2,43,0.229094746,16
5422,3,43,-0.045188641,16
5423,4,43,0.009009152,16
5424,5,43,-0.245594128,16
5425,6,43,-0.113064351,16
5426,7,43,0.116427061,16
5427,8,43,-0.110098406,16
5428,9,43,0.039531248,16
5429,10,43,0.150668517,16
5430,11,43,0.029114447,16
5431,12,43,0.037934618,16
5432,13,43,0.008414151,16
5433,14,43,-0.219810628,16
5434,15,43,0.001176704,16
5435,16,43,0.144039335,16
5436,17,43,0.148535127,16
5437,18,43,-0.044789057,16
5438,19,43,0.017667798,16
5439,20,43,0.061283202,16
5440,21,43,0.117599132,16
5441,22,43,0.065135111,16
5442,23,43,0.013191594,16
5443,24,43,0.115422901,16
5444,25,43,-0.091283884,16
5445,26,43,0.216546769,16
5446,27,43,0.102296516,16
5447,28,43,-0.027086387,16
5448,29,43,0.112299023,16
5449,30,43,0.124994491,16
5450,31,43,0.365042382,16
5451,32,43,-0.08821313,7
5452,33,43,-0.019646546,7
5453,34,43,-0.136461364,7
5454,35,43,-0.319492869,7
5455,36,43,-0.102299363,7
5456,37,43,-0.090695879,7
5457,38,43,0.007522162,7
5458,39,43,-0.205152428,7
5459,40,43,-0.231868707,7
5460,41,43,-0.048973947,7
5461,42,43,-0.093284415,7
5462,43,43,-0.065525331,7
5463,44,43,-0.119782502,7
5464,45,43,-0.06760809,7
5465,46,43,0.070902499,1
5466,47,43,0.01141431,1
5467,48,43,0.043747222,1
5468,49,43,0,1
5469,50,43,0.066608204,1
5470,51,43,0.073996695,1
5471,52,43,0.057755492,1
5472,53,43,0.127857161,1
5473,54,43,0.118530915,1
5474,55,43,0.112051381,1
5475,56,43,0.211570398,1
5476,57,43,0.00718292,1
5477,58,43,0.010832115,1
5478,59,43,0.06624732,1
5479,60,43,0.033605106,1
5480,61,43,0.27209341,1
5481,62,43,0.09215287,1
5482,63,43,0.26499902,1
5483,64,43,-0.024448314,1
5484,65,43,0.031124928,1
5485,66,43,0.046256891,1
5486,67,43,0.166915595,1
5487,68,43,0.076525559,1
5488,69,43,-0.209179819,13
5489,70,43,-0.009272208,13
5490,71,43,0.087515035,13
5491,72,43,0.100974064,13
5492,73,43,0.04496593,13
5493,74,43,-0.035628706,13
5494,75,43,0.10892502,13
5495,76,43,-0.001142774,13
5496,77,43,0.013133664,13
5497,78,43,0.421446944,14
5498,79,43,0.238988945,14
5499,80,43,0.111772427,14
5500,81,43,0.270721221,14
5501,82,43,0.314581088,14
5502,83,43,0.359012407,14
5503,84,43,0.018551478,14
5504,85,43,0.013266611,14
5505,86,43,0.217493861,14
5506,87,43,0.204006192,14
5507,88,43,-0.069412442,14
5508,89,43,0.105113117,14
5509,90,43,-0.031362437,14
5510,91,43,0.451729683,14
5511,92,43,0.328893764,14
5512,93,43,-0.2250529,14
5513,94,43,0.278325068,14
5514,95,43,0.063392108,15
5515,96,43,-0.107564578,15
5516,97,43,-0.116670901,15
5517,98,43,-0.291532134,15
5518,99,43,-0.319330457,15
5519,100,43,-0.158703072,12
5520,101,43,-0.059719202,12
5521,102,43,-0.169010915,12
5522,103,43,-0.082764702,12
5523,104,43,-0.220024256,12
5524,105,43,-0.06741929,12
5525,106,43,-0.018582499,12
5526,107,43,-0.094380535,12
5527,108,43,-0.137605939,12
5528,109,43,-0.29103679,12
5529,110,43,-0.299036705,12
5530,111,43,-0.361211772,12
5531,112,43,-0.262169969,12
5532,113,43,-0.060213989,12
5533,114,43,-0.181653302,12
5534,115,43,-0.250270958,12
5535,116,43,-0.125464418,12
5536,117,43,-0.644425265,12
5537,118,43,-0.024878064,12
5538,119,43,0.212178218,12
5539,120,43,-0.262700688,12
5540,121,43,-0.085545368,12
5541,122,43,-0.285162918,12
5542,123,43,-0.067185527,12
5543,124,43,0.170781433,12
5544,125,43,-0.244375655,12
5545,0,44,-0.053733053,16
5546,1,44,-0.249720358,16
5547,2,44,-0.07210803,16
5548,3,44,0.120175781,16
5549,4,44,0.125707653,16
5550,5,44,0.126863047,16
5551,6,44,0.115416772,16
5552,7,44,0.018428903,16
5553,8,44,0.014629904,16
5554,9,44,-0.14741042,16
5555,10,44,0.048358195,16
5556,11,44,0.002647647,16
5557,12,44,-0.101271151,16
5558,13,44,-0.061464304,16
5559,14,44,0.224457204,16
5560,15,44,-0.061991668,16
5561,16,44,0.151959814,16
5562,17,44,0.069280942,16
5563,18,44,0.016016645,16
5564,19,44,-0.144046976,16
5565,20,44,-0.145593254,16
5566,21,44,0.084674767,16
5567,22,44,0.154266187,16
5568,23,44,0.109205595,16
5569,24,44,0.186792632,16
5570,25,44,0.047241243,16
5571,26,44,0.13736756,16
5572,27,44,0.226336074,16
5573,28,44,0.062655588,16
5574,29,44,0.104415748,16
5575,30,44,0.309516616,16
5576,31,44,0.161529481,16
5577,32,44,0.288952858,16
5578,33,44,0.169520871,16
5579,34,44,0.452447338,16
5580,35,44,0.576060795,16
5581,36,44,0.080830072,7
5582,37,44,0.120518089,7
5583,38,44,-0.169787505,7
5584,39,44,-0.079555611,7
5585,40,44,-0.159659167,7
5586,41,44,0.032244548,7
5587,42,44,-0.047592457,7
5588,43,44,-0.037382574,7
5589,44,44,-0.1879656,7
5590,45,44,-0.07435847,7
5591,46,44,0.21522179,1
5592,47,44,0.129973689,1
5593,48,44,0.061523021,1
5594,49,44,0.06205086,1
5595,50,44,0.110645868,1
5596,51,44,0.245677045,1
5597,52,44,0.214969885,1
5598,53,44,0.063389202,1
5599,54,44,0.153130588,1
5600,55,44,0.273379823,1
5601,56,44,0.086073229,1
5602,57,44,0.035210569,1
5603,58,44,-0.056810531,1
5604,59,44,-0.019541649,1
5605,60,44,0.063923017,1
5606,61,44,0.050240727,1
5607,62,44,0.139887297,1
5608,63,44,0.095648757,1
5609,64,44,0.183603718,1
5610,65,44,-0.026856468,1
5611,66,44,0.157729738,1
5612,67,44,0.134219954,1
5613,68,44,0.318397027,1
5614,69,44,0.032396596,13
5615,70,44,0.186222315,13
5616,71,44,0.167483743,13
5617,72,44,0.007716045,13
5618,73,44,0.098374044,13
5619,74,44,0.019729866,13
5620,75,44,-0.056535023,13
5621,76,44,0.064332655,13
5622,77,44,0,13
5623,78,44,0.241641017,14
5624,79,44,0.162007142,14
5625,80,44,0.138940326,14
5626,81,44,0,14
5627,82,44,0.295665093,14
5628,83,44,0.233661496,14
5629,84,44,0.324640677,14
5630,85,44,0.199148049,14
5631,86,44,0.343571408,14
5632,87,44,0.182685008,14
5633,88,44,0.269320015,14
5634,89,44,0.297030742,14
5635,90,44,-0.028076431,14
5636,91,44,0.126279934,14
5637,92,44,0.098294289,14
5638,93,44,0.545863978,14
5639,94,44,0.476636772,14
5640,95,44,0.064959684,15
5641,96,44,-0.233704939,15
5642,97,44,-0.264152787,15
5643,98,44,-0.521045514,15
5644,99,44,-0.083035885,15
5645,100,44,0.157650319,12
5646,101,44,-0.163970012,12
5647,102,44,-0.178543173,12
5648,103,44,-0.190600006,12
5649,104,44,-0.143979426,12
5650,105,44,-0.151824989,12
5651,106,44,-0.286821711,12
5652,107,44,0.023444394,12
5653,108,44,-0.144340929,12
5654,109,44,-0.250623926,12
5655,110,44,-0.152270292,12
5656,111,44,-0.128511529,12
5657,112,44,-0.068684987,12
5658,113,44,-0.178262473,12
5659,114,44,-0.206173573,12
5660,115,44,-0.407653583,12
5661,116,44,-0.453500349,12
5662,117,44,-0.276664141,12
5663,118,44,-0.062421321,12
5664,119,44,-0.111173898,12
5665,120,44,-0.287478353,12
5666,121,44,-0.148739978,12
5667,122,44,-0.218507529,12
5668,123,44,-0.038405523,12
5669,124,44,-0.142826144,12
5670,125,44,-0.041268083,12
5671,0,45,-0.129165032,16
5672,1,45,-0.010324351,16
5673,2,45,-0.166264911,16
5674,3,45,-0.105775569,16
5675,4,45,0.024941206,16
5676,5,45,0.062713518,16
5677,6,45,0.008030685,16
5678,7,45,-0.04856833,16
5679,8,45,-0.204815517,16
5680,9,45,0.141372667,16
5681,10,45,0.134791966,16
5682,11,45,0.073865621,16
5683,12,45,-0.056904609,16
5684,13,45,-0.127865594,16
5685,14,45,0.104716676,16
5686,15,45,0.075742337,16
5687,16,45,0.133684974,16
5688,17,45,0,16
5689,18,45,0.051056014,16
5690,19,45,0.159944995,16
5691,20,45,0.192868919,16
5692,21,45,0.381735136,16
5693,22,45,-0.047358008,16
5694,23,45,0.17803898,16
5695,24,45,0.295534726,16
5696,25,45,0.214511942,16
5697,26,45,0.087880112,16
5698,27,45,0.22865235,16
5699,28,45,0.123833292,16
5700,29,45,0.10362225,16
5701,30,45,0.224178282,16
5702,31,45,0.223230324,16
5703,32,45,0.242125256,16
5704,33,45,0.06729018,16
5705,34,45,0.075758564,16
5706,35,45,0.31344875,16
5707,36,45,0.108385146,16
5708,37,45,0.157912312,16
5709,38,45,-0.104067754,16
5710,39,45,0.305343881,16
5711,40,45,0.027099412,7
5712,41,45,-0.12279504,7
5713,42,45,0.060838839,7
5714,43,45,-0.082246682,7
5715,44,45,0.027831523,7
5716,45,45,-0.11344157,7
5717,46,45,-0.314772355,7
5718,47,45,0.225150158,1
5719,48,45,0.069039204,1
5720,49,45,-0.214687253,1
5721,50,45,0.233292742,1
5722,51,45,0.148179585,1
5723,52,45,0.175278438,1
5724,53,45,0.242106244,1
5725,54,45,0.200566658,1
5726,55,45,0.230382483,1
5727,56,45,0.055595864,1
5728,57,45,-0.074369148,1
5729,58,45,0.176758979,1
5730,59,45,0.115342843,1
5731,60,45,-0.005023253,1
5732,61,45,0.049195913,1
5733,62,45,0.245131567,1
5734,63,45,0.226517486,1
5735,64,45,0.194393006,1
5736,65,45,0.205636776,1
5737,66,45,0.140634669,1
5738,67,45,0.123184674,1
5739,68,45,0.169964588,13
5740,69,45,-0.017696734,13
5741,70,45,0.058638838,13
5742,71,45,0.020293582,13
5743,72,45,0.075779078,13
5744,73,45,0.111221498,13
5745,74,45,0.132703266,13
5746,75,45,0.229103426,13
5747,76,45,0.028375065,13
5748,77,45,0.29636332,13
5749,78,45,0.337121302,14
5750,79,45,0.24998743,14
5751,80,45,0.416165341,14
5752,81,45,0.373810309,14
5753,82,45,0.198795214,14
5754,83,45,0.211199824,14
5755,84,45,0.16104127,14
5756,85,45,0.233572679,14
5757,86,45,0.254177948,14
5758,87,45,0.29440907,14
5759,88,45,0.371191011,14
5760,89,45,0.344521692,14
5761,90,45,0.22701495,14
5762,91,45,0.252021435,14
5763,92,45,0.225852093,14
5764,93,45,0.120858692,14
5765,94,45,0.88609887,14
5766,95,45,-0.166856361,15
5767,96,45,-0.032621902,15
5768,97,45,-0.098847792,15
5769,98,45,-0.36125423,15
5770,99,45,-0.336158619,15
5771,100,45,0.097142244,12
5772,101,45,0.029482746,12
5773,102,45,0.070397869,12
5774,103,45,-0.216592413,12
5775,104,45,-0.250415145,12
5776,105,45,-0.196511735,12
5777,106,45,-0.437879627,12
5778,107,45,-0.210988327,12
5779,108,45,0.018511623,12
5780,109,45,-0.370924364,12
5781,110,45,0.0238141,12
5782,111,45,-0.332982463,12
5783,112,45,0.043702415,12
5784,113,45,0.033182251,12
5785,114,45,-0.129072664,12
5786,115,45,-0.542526514,12
5787,116,45,-0.345980578,12
5788,117,45,-0.234326737,12
5789,118,45,-0.15341832,12
5790,119,45,-0.175216234,12
5791,120,45,-0.048883205,12
5792,121,45,-0.390366095,12
5793,122,45,-0.283852893,12
5794,123,45,-0.178404363,12
5795,124,45,-0.332785902,12
5796,125,45,-0.107753626,12
5797,0,46,0.018710392,17
5798,1,46,-0.274418919,16
5799,2,46,0.125362048,16
5800,3,46,0.012315417,16
5801,4,46,0.207063015,16
5802,5,46,0.134020325,16
5803,6,46,0.022641712,16
5804,7,46,0.079741792,16
5805,8,46,-0.173031766,16
5806,9,46,-0.169275631,16
5807,10,46,0.024365791,16
5808,11,46,0.220547122,16
5809,12,46,0.082937684,16
5810,13,46,-0.023541317,16
5811,14,46,0.063392811,16
5812,15,46,0.300619262,16
5813,16,46,0.236669079,16
5814,17,46,0.150254339,16
5815,18,46,-0.294852941,16
5816,19,46,-0.026410784,16
5817,20,46,0.105266542,16
5818,21,46,0.08194906,16
5819,22,46,0.087410018,16
5820,23,46,0.26450553,16
5821,24,46,0.149134648,16
5822,25,46,0.279765084,16
5823,26,46,0.348876606,16
5824,27,46,0.186236384,16
5825,28,46,0.032806588,16
5826,29,46,0.13194724,16
5827,30,46,0.32744973,16
5828,31,46,0.330021918,16
5829,32,46,0.234209253,16
5830,33,46,0.014159908,16
5831,34,46,0.232637754,16
5832,35,46,0.434158894,16
5833,36,46,0.041916311,16
5834,37,46,0.038285736,16
5835,38,46,0.229666974,16
5836,39,46,0.348369261,16
5837,40,46,0.345221292,16
5838,41,46,0.249153749,16
5839,42,46,0.094488788,16
5840,43,46,0.560859406,16
5841,44,46,0.183546263,7
5842,45,46,0.136656753,7
5843,46,46,0.074522163,7
5844,47,46,0.133222388,1
5845,48,46,-0.089384622,1
5846,49,46,-0.163242264,1
5847,50,46,0.349989762,1
5848,51,46,-0.010334788,1
5849,52,46,0.037243139,1
5850,53,46,0.16546335,1
5851,54,46,0.005471649,1
5852,55,46,0.032761298,1
5853,56,46,0.044320237,1
5854,57,46,0.168905567,1
5855,58,46,0.130766652,1
5856,59,46,0.083110376,1
5857,60,46,0.0894429,1
5858,61,46,-0.02672533,1
5859,62,46,0.287536399,1
5860,63,46,0.126499147,1
5861,64,46,0.050495043,1
5862,65,46,0.133118353,1
5863,66,46,0.055502145,1
5864,67,46,0.289117706,1
5865,68,46,0.195880894,13
5866,69,46,0.03820006,13
5867,70,46,0.153531985,13
5868,71,46,0.173333955,13
5869,72,46,0.076525138,13
5870,73,46,0.043499895,13
5871,74,46,0.180650725,13
5872,75,46,0.031110358,13
5873,76,46,0.129856826,13
5874,77,46,0.166153449,14
5875,78,46,0.132663779,14
5876,79,46,0.183049099,14
5877,80,46,0.215295391,14
5878,81,46,0.336685685,14
5879,82,46,0.234207964,14
5880,83,46,0.023184154,14
5881,84,46,0.33846443,14
5882,85,46,0.42909611,14
5883,86,46,0.213570139,14
5884,87,46,0.367654161,14
5885,88,46,0.252729012,14
5886,89,46,0.184747928,14
5887,90,46,0.238784098,14
5888,91,46,0.211163713,14
5889,92,46,0.191086861,14
5890,93,46,0.102285645,14
5891,94,46,0.080211195,15
5892,95,46,-0.349586212,15
5893,96,46,-0.158067712,15
5894,97,46,-0.492559462,15
5895,98,46,-0.110328466,15
5896,99,46,-0.090747923,15
5897,100,46,-0.042625283,12
5898,101,46,-0.113941599,12
5899,102,46,-0.046439237,12
5900,103,46,-0.272773596,12
5901,104,46,-0.301114892,12
5902,105,46,-0.036335929,12
5903,106,46,-0.238614079,12
5904,107,46,-0.024959187,12
5905,108,46,-0.165981045,12
5906,109,46,-0.298543378,12
5907,110,46,-0.063318237,12
5908,111,46,-0.272342172,12
5909,112,46,0.110480421,12
5910,113,46,0.021463894,12
5911,114,46,-0.278353899,12
5912,115,46,-0.231533667,12
5913,116,46,-0.19658495,12
5914,117,46,-0.129764363,12
5915,118,46,-0.295551932,12
5916,119,46,0.032266983,12
5917,120,46,-0.020022105,12
5918,121,46,-0.260418071,12
5919,122,46,-0.35134667,12
5920,123,46,-0.126443724,12
5921,124,46,-0.279343383,12
5922,125,46,-0.091988898,12
5923,0,47,0.058653983,17
5924,1,47,0.074517309,17
5925,2,47,0.14490357,17
5926,3,47,0.21922619,17
5927,4,47,0.093398166,17
5928,5,47,0.066401874,17
5929,6,47,-0.096254173,16
5930,7,47,0.089718472,16
5931,8,47,-0.123239265,16
5932,9,47,-0.12417753,16
5933,10,47,0.136955377,16
5934,11,47,0.136217466,16
5935,12,47,-0.057222471,16
5936,13,47,0.010417118,16
5937,14,47,0.073642316,16
5938,15,47,0.140408012,16
5939,16,47,-0.067331764,16
5940,17,47,-0.204981577,16
5941,18,47,-0.148548528,16
5942,19,47,-0.181836275,16
5943,20,47,-0.033250225,16
5944,21,47,0.411747351,16
5945,22,47,0.275847624,16
5946,23,47,0.226493369,16
5947,24,47,0.027575412,16
5948,25,47,0.159363895,16
5949,26,47,0.094057354,16
5950,27,47,-0.018932982,16
5951,28,47,-0.026306877,16
5952,29,47,0.153986942,16
5953,30,47,0.181796738,16
5954,31,47,0.09222821,16
5955,32,47,0.327303467,16
5956,33,47,-0.031875515,16
5957,34,47,0.323688593,16
5958,35,47,0.098113926,16
5959,36,47,0.00354713,16
5960,37,47,0.209830224,16
5961,38,47,0.030508695,16
5962,39,47,0.315507575,16
5963,40,47,0.116608988,16
5964,41,47,0.094582041,16
5965,42,47,0.194863089,16
5966,43,47,0.339829248,16
5967,44,47,0.142344622,16
5968,45,47,0.394300081,16
5969,46,47,0.31244771,16
5970,47,47,0.631827372,16
5971,48,47,-0.059914833,1
5972,49,47,-0.095582892,1
5973,50,47,0.111823908,1
5974,51,47,-0.017896376,1
5975,52,47,0.357342427,1
5976,53,47,0.211487817,1
5977,54,47,0.108711484,1
5978,55,47,-0.151609027,1
5979,56,47,-0.05376441,1
5980,57,47,0.14672983,1
5981,58,47,0.129868089,1
5982,59,47,0.10753187,1
5983,60,47,0.180773907,1
5984,61,47,0.2088868,1
5985,62,47,0.213578469,1
5986,63,47,0.167066197,1
5987,64,47,0.170546108,1
5988,65,47,0.092856241,1
5989,66,47,0.109177623,1
5990,67,47,0.048746164,13
5991,68,47,0.15534672,13
5992,69,47,-0.027345635,13
5993,70,47,0.02048769,13
5994,71,47,0.122218412,13
5995,72,47,-0.000343687,13
5996,73,47,0.0012016,13
5997,74,47,0.07212182,13
5998,75,47,0.267374249,14
5999,76,47,0.380904979,14
6000,77,47,0.30330274,14
6001,78,47,0.246138843,14
6002,79,47,0.249085913,14
6003,80,47,-0.014166036,14
6004,81,47,0.173406138,14
6005,82,47,0.013134822,14
6006,83,47,0.098628381,14
6007,84,47,0.937102548,18
6008,85,47,0.168368163,14
6009,86,47,0.324111925,14
6010,87,47,0.199895089,14
6011,88,47,0.404242364,18
6012,89,47,0.116790131,18
6013,90,47,0.36237149,19
6014,91,47,0.778807153,19
6015,92,47,0.473808979,14
6016,93,47,0.426560178,14
6017,94,47,0.209292075,15
6018,95,47,-0.21642717,15
6019,96,47,-0.368668398,15
6020,97,47,-0.235660108,15
6021,98,47,-0.249250392,15
6022,99,47,-0.171106692,15
6023,100,47,-0.279904795,12
6024,101,47,0.049154022,12
6025,102,47,-0.18106973,12
6026,103,47,-0.250819202,12
6027,104,47,-0.209491875,12
6028,105,47,-0.151992839,12
6029,106,47,-0.121388158,12
6030,107,47,-0.051013983,12
6031,108,47,-0.178726682,12
6032,109,47,-0.146186575,12
6033,110,47,-0.025563241,12
6034,111,47,-0.083838117,12
6035,112,47,-0.17659499,12
6036,113,47,-0.258738993,12
6037,114,47,-0.185386453,12
6038,115,47,-0.21596895,12
6039,116,47,-0.250698469,12
6040,117,47,-0.231949275,12
6041,118,47,-0.025937628,12
6042,119,47,-0.091614788,12
6043,120,47,-0.003413092,12
6044,121,47,-0.264101562,12
6045,122,47,-0.176159023,12
6046,123,47,-0.03801793,12
6047,124,47,0.036033296,12
6048,125,47,-0.277924068,12
6049,0,48,-0.003328291,17
6050,1,48,0.198128555,17
6051,2,48,-0.066054129,17
6052,3,48,0.044677442,17
6053,4,48,0.215094216,17
6054,5,48,0.114131425,17
6055,6,48,-0.152333751,17
6056,7,48,0.050898711,17
6057,8,48,-0.26456859,17
6058,9,48,0.01284591,17
6059,10,48,-0.050995004,16
6060,11,48,0.087131465,16
6061,12,48,0.198213122,16
6062,13,48,0.034574839,16
6063,14,48,0.033683306,16
6064,15,48,-0.092775891,16
6065,16,48,0.072924307,16
6066,17,48,-0.019316748,16
6067,18,48,0.204055673,16
6068,19,48,0.112505259,16
6069,20,48,-0.069793643,16
6070,21,48,-0.005011436,16
6071,22,48,0.009885026,16
6072,23,48,0.074552836,16
6073,24,48,-0.175383575,16
6074,25,48,-0.223144613,16
6075,26,48,0.131458497,16
6076,27,48,-0.269951777,16
6077,28,48,-0.051588433,16
6078,29,48,0.045795436,16
6079,30,48,0.083299625,16
6080,31,48,0.073665157,16
6081,32,48,0.288094239,16
6082,33,48,0.289755919,16
6083,34,48,0.116009834,16
6084,35,48,0.076995827,16
6085,36,48,0.068975102,16
6086,37,48,0.069055231,16
6087,38,48,-0.009168947,16
6088,39,48,0.191630934,16
6089,40,48,0.137611453,16
6090,41,48,0.191900292,16
6091,42,48,0.223712259,16
6092,43,48,0.05642006,16
6093,44,48,-0.107778445,16
6094,45,48,0.03274549,16
6095,46,48,0.131903442,16
6096,47,48,0.490191336,16
6097,48,48,0.176355312,1
6098,49,48,0.191081898,1
6099,50,48,0.112624202,1
6100,51,48,0.089843048,1
6101,52,48,0.112694674,1
6102,53,48,0.136365369,1
6103,54,48,0.193471302,1
6104,55,48,-0.004393808,1
6105,56,48,0.010786677,1
6106,57,48,0.153657427,1
6107,58,48,0.242001392,1
6108,59,48,0.115198401,1
6109,60,48,0.228430763,1
6110,61,48,0.165938796,1
6111,62,48,0.068198425,1
6112,63,48,0.032102896,1
6113,64,48,0.154339657,1
6114,65,48,0.135228609,1
6115,66,48,0.14011231,1
6116,67,48,0.12056986,13
6117,68,48,0.143740496,13
6118,69,48,-0.030367409,13
6119,70,48,0.0965682,13
6120,71,48,0.024133018,13
6121,72,48,0.066518684,13
6122,73,48,0.089823361,13
6123,74,48,0,NaN
6124,75,48,0.612546217,18
6125,76,48,0.304142986,18
6126,77,48,0.332500345,18
6127,78,48,0.209718761,18
6128,79,48,0.021172233,18
6129,80,48,0.241888103,18
6130,81,48,0.043131867,18
6131,82,48,0.086768578,18
6132,83,48,0.057239383,18
6133,84,48,0.192835144,18
6134,85,48,-0.043728662,18
6135,86,48,0.140153741,18
6136,87,48,0.132521204,18
6137,88,48,0.037851783,18
6138,89,48,0.288510497,19
6139,90,48,0.357065708,19
6140,91,48,0.393858367,19
6141,92,48,0.434969431,19
6142,93,48,0.651340483,19
6143,94,48,-0.156701426,15
6144,95,48,-0.308538193,15
6145,96,48,-0.201774997,15
6146,97,48,-0.31465719,15
6147,98,48,-0.291977181,15
6148,99,48,-0.093851671,15
6149,100,48,-0.15260846,12
6150,101,48,-0.038290328,12
6151,102,48,-0.266224641,12
6152,103,48,-0.05295265,12
6153,104,48,-0.301484264,12
6154,105,48,-0.362135938,12
6155,106,48,-0.105895587,12
6156,107,48,-0.150148662,12
6157,108,48,-0.162055062,12
6158,109,48,-0.192484716,12
6159,110,48,-0.106668801,12
6160,111,48,0.060109181,12
6161,112,48,-0.183786687,12
6162,113,48,-0.101607052,12
6163,114,48,-0.050410407,12
6164,115,48,-0.167240638,12
6165,116,48,-0.26734551,12
6166,117,48,-0.048645567,12
6167,118,48,0.125122811,12
6168,119,48,-0.166572519,12
6169,120,48,-0.06641022,12
6170,121,48,-0.325434244,12
6171,122,48,-0.359761428,12
6172,123,48,-0.322518112,12
6173,124,48,-0.109976195,12
6174,125,48,-0.101360954,12
6175,0,49,0.011629252,17
6176,1,49,0.065063843,17
6177,2,49,-0.010777439,17
6178,3,49,0.13040958,17
6179,4,49,0.156775289,17
6180,5,49,0.170315121,17
6181,6,49,0.06886478,17
6182,7,49,-0.071090818,17
6183,8,49,-0.011927994,17
6184,9,49,0.067022953,17
6185,10,49,0.000688396,17
6186,11,49,-0.005194917,17
6187,12,49,-0.11840642,17
6188,13,49,0.00923837,17
6189,14,49,0.01670202,17
6190,15,49,0.078436158,16
6191,16,49,-0.017477042,16
6192,17,49,-0.080434054,16
6193,18,49,0.326432254,16
6194,19,49,0.132015111,16
6195,20,49,0.204999428,16
6196,21,49,0.268822065,16
6197,22,49,0.249398885,16
6198,23,49,0.340710242,16
6199,24,49,0.173369581,16
6200,25,49,-0.038249336,16
6201,26,49,-0.385504751,16
6202,27,49,0.228463571,16
6203,28,49,-0.035630861,16
6204,29,49,-0.009529769,16
6205,30,49,0.051120939,16
6206,31,49,0.024413929,16
6207,32,49,-0.303363886,16
6208,33,49,-0.058613629,16
6209,34,49,0.037297993,16
6210,35,49,0.145281385,16
6211,36,49,0.24705679,16
6212,37,49,0.188057751,16
6213,38,49,-0.008862133,16
6214,39,49,0.140944518,16
6215,40,49,0.094891971,16
6216,41,49,0.115569027,16
6217,42,49,0.333600615,16
6218,43,49,0.223956647,16
6219,44,49,0.174937834,16
6220,45,49,-0.107229872,16
6221,46,49,0.112311984,16
6222,47,49,0.330795302,16
6223,48,49,0.1928404,16
6224,49,49,-0.025331866,1
6225,50,49,0.066189013,1
6226,51,49,0.126528437,1
6227,52,49,0.151014973,1
6228,53,49,-0.042916973,1
6229,54,49,0.094366659,1
6230,55,49,0.097024502,1
6231,56,49,0.144079297,1
6232,57,49,0.246725565,1
6233,58,49,0.017041243,1
6234,59,49,0.035569874,1
6235,60,49,0.037917223,1
6236,61,49,0.141614072,1
6237,62,49,0.027179555,1
6238,63,49,0.056367892,1
6239,64,49,-0.006291069,1
6240,65,49,0.079468971,1
6241,66,49,0.604327043,1
6242,67,49,0.180605967,13
6243,68,49,0.131020616,13
6244,69,49,0.062481311,13
6245,70,49,0.113707159,13
6246,71,49,-0.014527277,18
6247,72,49,0.192200808,18
6248,73,49,0.056230315,18
6249,74,49,-0.004961176,18
6250,75,49,-0.088546149,18
6251,76,49,0.007769094,18
6252,77,49,0.056665859,18
6253,78,49,-0.118078117,18
6254,79,49,0.194036678,18
6255,80,49,0.122229408,18
6256,81,49,-0.187940053,18
6257,82,49,-0.00653285,18
6258,83,49,-0.113715102,18
6259,84,49,-0.119262742,18
6260,85,49,-0.080814559,18
6261,86,49,-0.094379171,18
6262,87,49,0.062091969,19
6263,88,49,0.303102943,19
6264,89,49,0.108386535,19
6265,90,49,0.030046643,19
6266,91,49,0.226647789,19
6267,92,49,0.163937066,19
6268,93,49,1.017558956,19
6269,94,49,-0.24093924,15
6270,95,49,-0.415664768,15
6271,96,49,-0.522389302,15
6272,97,49,-0.369341661,15
6273,98,49,-0.254379457,15
6274,99,49,0.106016962,15
6275,100,49,-0.019895225,12
6276,101,49,-0.122304505,12
6277,102,49,-0.193668343,12
6278,103,49,-0.104638863,12
6279,104,49,-0.326634335,12
6280,105,49,-0.394116371,12
6281,106,49,-0.274699501,12
6282,107,49,-0.289887405,12
6283,108,49,-0.338294568,12
6284,109,49,-0.085383053,12
6285,110,49,-0.349326835,12
6286,111,49,-0.189613018,12
6287,112,49,-0.151043389,12
6288,113,49,-0.158505732,12
6289,114,49,-0.300701961,12
6290,115,49,-0.154121526,12
6291,116,49,-0.05595418,12
6292,117,49,-0.336723476,12
6293,118,49,-0.193839206,12
6294,119,49,-0.183978004,12
6295,120,49,-0.014857177,12
6296,121,49,-0.15095555,12
6297,122,49,-0.050519618,12
6298,123,49,-0.103327399,12
6299,124,49,-0.305947538,12
6300,125,49,-0.136645481,12
6301,0,50,0.007964749,17
6302,1,50,0.047627855,17
6303,2,50,0.079354642,17
6304,3,50,0.105652949,17
6305,4,50,0.129385127,17
6306,5,50,0.09271239,17
6307,6,50,0.113408631,17
6308,7,50,0.074201038,17
6309,8,50,0.154880682,17
6310,9,50,0.074833496,17
6311,10,50,0.064990879,17
6312,11,50,0.021167836,17
6313,12,50,0.00933424,17
6314,13,50,-0.235053698,17
6315,14,50,0.056379102,17
6316,15,50,0.024155659,17
6317,16,50,0.072571033,17
6318,17,50,0.10767643,17
6319,18,50,0.245586626,17
6320,19,50,-0.116186867,16
6321,20,50,0.243554784,16
6322,21,50,0.354363731,16
6323,22,50,0.221337632,16
6324,23,50,0.367370278,16
6325,24,50,0.15618463,16
6326,25,50,0.122944522,16
6327,26,50,0.100345619,16
6328,27,50,0.076919215,16
6329,28,50,0.233610475,16
6330,29,50,0.086058457,16
6331,30,50,0.00998267,16
6332,31,50,-0.000516221,16
6333,32,50,0.179730382,16
6334,33,50,0.078149079,16
6335,34,50,0.209343416,16
6336,35,50,-0.067493935,16
6337,36,50,0.078507525,16
6338,37,50,-0.007206134,16
6339,38,50,-0.092874174,16
6340,39,50,-0.113111371,16
6341,40,50,0.009219808,16
6342,41,50,0.190962138,16
6343,42,50,0.252006894,16
6344,43,50,0.228090859,16
6345,44,50,0.196607859,16
6346,45,50,0.035282463,16
6347,46,50,0.133037858,16
6348,47,50,0.035033239,16
6349,48,50,0.181534663,16
6350,49,50,0.050127631,16
6351,50,50,0.476973196,16
6352,51,50,0.055767844,1
6353,52,50,-0.0278675,1
6354,53,50,0.123940449,1
6355,54,50,0.02342032,1
6356,55,50,0.062027704,1
6357,56,50,0.216895449,1
6358,57,50,0.191199037,1
6359,58,50,0.188096532,1
6360,59,50,-0.007741307,1
6361,60,50,0.012745909,1
6362,61,50,0.247664348,1
6363,62,50,-0.027324016,1
6364,63,50,0.167918122,1
6365,64,50,0.130836339,1
6366,65,50,0.321585689,18
6367,66,50,0.177562225,18
6368,67,50,0.03651761,18
6369,68,50,0.196221891,18
6370,69,50,0.129755937,18
6371,70,50,-0.019488933,18
6372,71,50,0.032454887,18
6373,72,50,0.027871649,18
6374,73,50,-0.090252782,18
6375,74,50,0.020008629,18
6376,75,50,-0.13912098,18
6377,76,50,-0.177127341,18
6378,77,50,0.014991198,18
6379,78,50,0.008649449,18
6380,79,50,-0.076826854,18
6381,80,50,0.018997939,18
6382,81,50,-0.017455849,18
6383,82,50,0.039559381,18
6384,83,50,0.052041511,18
6385,84,50,-0.092746079,18
6386,85,50,-0.125613314,18
6387,86,50,0.536859433,19
6388,87,50,-0.009586999,19
6389,88,50,0.106773586,19
6390,89,50,0.043119564,19
6391,90,50,0.46230768,19
6392,91,50,0.17085489,19
6393,92,50,0.071205535,19
6394,93,50,0.079970755,15
6395,94,50,-0.343847619,15
6396,95,50,-0.387563002,15
6397,96,50,-0.158456923,15
6398,97,50,-0.183101936,15
6399,98,50,-0.372548518,15
6400,99,50,0.125927329,15
6401,100,50,0.03092433,12
6402,101,50,-0.042584732,12
6403,102,50,-0.001705933,12
6404,103,50,0.070257322,12
6405,104,50,-0.176092684,12
6406,105,50,-0.484540994,12
6407,106,50,-0.231007929,12
6408,107,50,-0.270148433,12
6409,108,50,-0.177319623,12
6410,109,50,-0.066706381,12
6411,110,50,-0.232157238,12
6412,111,50,-0.385551111,12
6413,112,50,-0.020325129,12
6414,113,50,0.001220133,12
6415,114,50,-0.129582496,12
6416,115,50,-0.165886426,12
6417,116,50,-0.275399765,12
6418,117,50,-0.224998027,12
6419,118,50,-0.244611168,12
6420,119,50,-0.212800669,12
6421,120,50,0.009864872,12
6422,121,50,-0.064365142,12
6423,122,50,-0.087577642,12
6424,123,50,-0.287050004,12
6425,124,50,-0.092059094,12
6426,125,50,-0.131391666,12
6427,0,51,0.036689371,17
6428,1,51,0.118346315,17
6429,2,51,0.057936973,17
6430,3,51,0.080270969,17
6431,4,51,-0.073908912,17
6432,5,51,-0.117085683,17
6433,6,51,0.150112833,17
6434,7,51,-0.010649809,17
6435,8,51,-0.0896862,17
6436,9,51,0.17784112,17
6437,10,51,0.088459189,17
6438,11,51,0.246862895,17
6439,12,51,0.210294881,17
6440,13,51,0.104722232,17
6441,14,51,0.131399493,17
6442,15,51,0.016855358,17
6443,16,51,0.003501681,17
6444,17,51,0.006554117,17
6445,18,51,0.021327216,17
6446,19,51,0.024097461,17
6447,20,51,0.10104071,17
6448,21,51,-0.00412565,17
6449,22,51,-0.117427541,17
6450,23,51,0.302416727,16
6451,24,51,0.226363837,16
6452,25,51,0.318930823,16
6453,26,51,0.151983449,16
6454,27,51,0.472536002,16
6455,28,51,0.202587752,16
6456,29,51,0.196643191,16
6457,30,51,0.283824972,16
6458,31,51,0.299350595,16
6459,32,51,0.317927716,16
6460,33,51,-0.066606008,16
6461,34,51,0.129657703,16
6462,35,51,0.132950361,16
6463,36,51,-0.23260589,16
6464,37,51,0.270787946,16
6465,38,51,0.136311233,16
6466,39,51,0.01913382,16
6467,40,51,0.05368686,16
6468,41,51,0.027070883,16
6469,42,51,0.258457102,16
6470,43,51,0.132110678,16
6471,44,51,-0.257098582,16
6472,45,51,-0.216162168,16
6473,46,51,0.055417314,16
6474,47,51,0.075079626,16
6475,48,51,-0.074179629,16
6476,49,51,0.272790915,16
6477,50,51,0.234178222,16
6478,51,51,0.227184964,16
6479,52,51,-0.105274403,1
6480,53,51,0.096813721,1
6481,54,51,0.203698065,1
6482,55,51,0.086493576,1
6483,56,51,-0.033639173,1
6484,57,51,0.081138065,1
6485,58,51,0.25840235,1
6486,59,51,-0.018879977,1
6487,60,51,0.187316752,1
6488,61,51,0.153729704,1
6489,62,51,0.140140125,1
6490,63,51,0.157060331,18
6491,64,51,0.182270842,18
6492,65,51,0.070776005,18
6493,66,51,-0.023785958,18
6494,67,51,0.067424869,18
6495,68,51,-0.017698271,18
6496,69,51,-0.117473696,18
6497,70,51,0.035323401,18
6498,71,51,-0.120152558,18
6499,72,51,-0.178442698,18
6500,73,51,-0.169319509,18
6501,74,51,-0.148034958,18
6502,75,51,-0.086462458,18
6503,76,51,-0.122356193,18
6504,77,51,-0.162224729,18
6505,78,51,-0.103336833,18
6506,79,51,-0.012953702,18
6507,80,51,-0.181990315,18
6508,81,51,-0.19960501,18
6509,82,51,0.036151965,18
6510,83,51,-0.209227096,18
6511,84,51,-0.001742043,18
6512,85,51,0.135147328,19
6513,86,51,0.218957397,19
6514,87,51,-0.044298975,19
6515,88,51,0.163812992,19
6516,89,51,0.173507598,19
6517,90,51,0.182893317,19
6518,91,51,0.146131136,19
6519,92,51,0.046621944,19
6520,93,51,0.249470121,15
6521,94,51,-0.255960331,15
6522,95,51,-0.430536705,15
6523,96,51,-0.215697533,15
6524,97,51,-0.223858487,15
6525,98,51,-0.387970645,15
6526,99,51,0.026864172,15
6527,100,51,-0.023393378,12
6528,101,51,-0.009755546,12
6529,102,51,-0.195664215,12
6530,103,51,-0.295488941,12
6531,104,51,-0.180432476,12
6532,105,51,-0.156038748,12
6533,106,51,-0.062144516,12
6534,107,51,-0.12838795,12
6535,108,51,-0.106577798,12
6536,109,51,-0.105844492,12
6537,110,51,0.024992691,12
6538,111,51,-0.142481222,12
6539,112,51,0.078375725,12
6540,113,51,-0.343800232,12
6541,114,51,-0.239473452,12
6542,115,51,0.046183582,12
6543,116,51,-0.191011553,12
6544,117,51,-0.00313356,12
6545,118,51,0.033568021,12
6546,119,51,-0.24317554,12
6547,120,51,-0.137926371,12
6548,121,51,-0.280008254,12
6549,122,51,-0.176082286,12
6550,123,51,-0.191217732,12
6551,124,51,-0.309227976,12
6552,125,51,0.014444843,12
6553,0,52,0.059890873,17
6554,1,52,0.121593048,17
6555,2,52,0.137212194,17
6556,3,52,0.04974507,17
6557,4,52,0.061091845,17
6558,5,52,0.087991516,17
6559,6,52,0.084083738,17
6560,7,52,0.161991661,17
6561,8,52,0.005545435,17
6562,9,52,0.012785914,17
6563,10,52,0.140916447,17
6564,11,52,-0.017278815,17
6565,12,52,0.077177955,17
6566,13,52,0.001601554,17
6567,14,52,0.079055997,17
6568,15,52,-0.112843032,17
6569,16,52,0.115944422,17
6570,17,52,0.199561176,17
6571,18,52,0.053610696,17
6572,19,52,-0.015315872,17
6573,20,52,0.127179195,17
6574,21,52,0.006901664,17
6575,22,52,-0.232088605,17
6576,23,52,0.13307196,17
6577,24,52,-0.066145496,17
6578,25,52,0.080463053,17
6579,26,52,0.035064722,17
6580,27,52,0.165672713,17
6581,28,52,0.243242711,16
6582,29,52,0.34008951,16
6583,30,52,0.171633631,16
6584,31,52,0.292816497,16
6585,32,52,0.167448767,16
6586,33,52,0.264768356,16
6587,34,52,0.297365534,16
6588,35,52,0.173955675,16
6589,36,52,0.133027317,16
6590,37,52,0.053799656,16
6591,38,52,0.238966981,16
6592,39,52,0.124579645,16
6593,40,52,0.141928801,16
6594,41,52,0.01270912,16
6595,42,52,0.150124225,16
6596,43,52,0.191073277,16
6597,44,52,0.090094992,16
6598,45,52,0.108046541,16
6599,46,52,0.095965468,16
6600,47,52,0.121064399,16
6601,48,52,0.256142738,16
6602,49,52,-0.019742315,16
6603,50,52,-0.018584997,16
6604,51,52,0.351490971,16
6605,52,52,0.105353697,16
6606,53,52,0.296213292,16
6607,54,52,0.112473469,1
6608,55,52,-0.092605493,1
6609,56,52,0.022669461,1
6610,57,52,0.187210222,1
6611,58,52,0.166838762,1
6612,59,52,0.036053551,1
6613,60,52,0.098898403,18
6614,61,52,0.030529647,18
6615,62,52,-0.154109456,18
6616,63,52,-0.113774291,18
6617,64,52,-0.130863961,18
6618,65,52,-0.171787049,18
6619,66,52,-0.093423046,18
6620,67,52,-0.051443479,18
6621,68,52,-0.148713653,18
6622,69,52,-0.071714357,18
6623,70,52,-0.076860922,18
6624,71,52,-0.006128092,18
6625,72,52,-0.1203595,18
6626,73,52,-0.098631638,18
6627,74,52,-0.064064966,18
6628,75,52,-0.032374178,18
6629,76,52,-0.13513223,18
6630,77,52,-0.043242763,18
6631,78,52,-0.019249102,18
6632,79,52,0.111611951,18
6633,80,52,-0.01451566,18
6634,81,52,-0.14406864,18
6635,82,52,-0.195154841,18
6636,83,52,-0.312780091,18
6637,84,52,0.083827207,19
6638,85,52,-0.010490178,19
6639,86,52,0.290537829,19
6640,87,52,0.093724421,19
6641,88,52,0.009036075,19
6642,89,52,0.123795384,19
6643,90,52,0.000325568,19
6644,91,52,0.155426045,19
6645,92,52,0.212805942,19
6646,93,52,0.01896465,15
6647,94,52,-0.168938573,15
6648,95,52,-0.248488226,15
6649,96,52,-0.340444752,15
6650,97,52,-0.071900049,15
6651,98,52,-0.252434913,15
6652,99,52,0.023722023,15
6653,100,52,-0.273303706,12
6654,101,52,-0.284539346,12
6655,102,52,-0.244782526,12
6656,103,52,-0.188089447,12
6657,104,52,0.041147552,12
6658,105,52,-0.327240836,12
6659,106,52,-0.129070162,12
6660,107,52,-0.235715429,12
6661,108,52,-0.229037751,12
6662,109,52,-0.180526064,12
6663,110,52,0.000282085,12
6664,111,52,-0.097944604,12
6665,112,52,-0.182093665,12
6666,113,52,-0.088585076,12
6667,114,52,-0.059003354,12
6668,115,52,-0.091054622,12
6669,116,52,-0.147889624,12
6670,117,52,-0.134609091,12
6671,118,52,-0.330459826,12
6672,119,52,-0.26374281,12
6673,120,52,0.245586254,12
6674,121,52,-0.043913855,12
6675,122,52,-0.338116498,12
6676,123,52,0.006786662,12
6677,124,52,-0.092290455,12
6678,125,52,-0.276384176,12
6679,0,53,0.070645033,17
6680,1,53,0.156373365,17
6681,2,53,0.001302101,17
6682,3,53,0.019732415,17
6683,4,53,0.052425668,17
6684,5,53,-0.021175233,17
6685,6,53,0.048727151,17
6686,7,53,-0.011278255,17
6687,8,53,0.10694334,17
6688,9,53,0.111845775,17
6689,10,53,0.121362673,17
6690,11,53,0.017839621,17
6691,12,53,0.012148195,17
6692,13,53,0.060855882,17
6693,14,53,0.070670784,17
6694,15,53,0.045123393,17
6695,16,53,-0.135795686,17
6696,17,53,0.137962843,17
6697,18,53,0.111545415,17
6698,19,53,-0.000693572,17
6699,20,53,0.030535043,17
6700,21,53,0.099142699,17
6701,22,53,-0.192660687,17
6702,23,53,-0.109395708,17
6703,24,53,-0.047541087,17
6704,25,53,0.094440897,17
6705,26,53,0.017966895,17
6706,27,53,0.129443242,17
6707,28,53,0.076393191,17
6708,29,53,0.146551968,17
6709,30,53,0.075569629,17
6710,31,53,0.026235276,17
6711,32,53,0.13365022,16
6712,33,53,0.216798421,16
6713,34,53,0.382709329,16
6714,35,53,0.290397432,16
6715,36,53,0.132711078,16
6716,37,53,0.250880951,16
6717,38,53,0.163429519,16
6718,39,53,0.311259031,16
6719,40,53,0.347750323,16
6720,41,53,0.177724896,16
6721,42,53,0.135361374,16
6722,43,53,-0.159192829,16
6723,44,53,0.35940079,16
6724,45,53,0.011751005,16
6725,46,53,0.09581493,16
6726,47,53,0.171693711,16
6727,48,53,0.288688771,16
6728,49,53,0.273018062,16
6729,50,53,-0.319763894,16
6730,51,53,0.286022563,16
6731,52,53,0.159565543,16
6732,53,53,-0.104698479,16
6733,54,53,0.182730236,16
6734,55,53,-0.13353936,1
6735,56,53,0.161385012,1
6736,57,53,0.421259287,18
6737,58,53,-0.095685301,18
6738,59,53,-0.143012839,18
6739,60,53,-0.233419924,18
6740,61,53,-0.155750242,18
6741,62,53,-0.229526475,18
6742,63,53,-0.140197832,18
6743,64,53,0.007859437,18
6744,65,53,-0.132966679,18
6745,66,53,-0.150428278,18
6746,67,53,-0.172572676,18
6747,68,53,-0.310829104,18
6748,69,53,-0.07217862,18
6749,70,53,-0.096714637,18
6750,71,53,0.006408448,18
6751,72,53,-0.241848713,18
6752,73,53,-0.170134703,18
6753,74,53,-0.052532513,18
6754,75,53,-0.006021907,18
6755,76,53,-0.219128384,18
6756,77,53,-0.263610628,18
6757,78,53,-0.009679695,18
6758,79,53,-0.112091657,18
6759,80,53,-0.161118219,18
6760,81,53,0.03040037,18
6761,82,53,-0.113916069,18
6762,83,53,0.117876999,19
6763,84,53,0.369356094,19
6764,85,53,-0.003672709,19
6765,86,53,0.091799774,19
6766,87,53,0.220673706,19
6767,88,53,-0.080878392,19
6768,89,53,0.245615684,19
6769,90,53,0.349924568,19
6770,91,53,-0.062357306,19
6771,92,53,0.309310337,19
6772,93,53,0.197623828,15
6773,94,53,-0.169862597,15
6774,95,53,-0.387915747,15
6775,96,53,-0.233359043,15
6776,97,53,-0.26402747,15
6777,98,53,-0.284127596,15
6778,99,53,0.136241332,15
6779,100,53,-0.124906992,12
6780,101,53,-0.1623545,12
6781,102,53,-0.079391534,12
6782,103,53,-0.156379513,12
6783,104,53,-0.165881493,12
6784,105,53,0.066561542,12
6785,106,53,0.052551602,12
6786,107,53,-0.266658771,12
6787,108,53,-0.253592592,12
6788,109,53,-0.136434353,12
6789,110,53,-0.018945725,12
6790,111,53,-0.23431744,12
6791,112,53,-0.120304962,12
6792,113,53,-0.22345096,12
6793,114,53,-0.168717153,12
6794,115,53,-0.04982053,12
6795,116,53,-0.263491587,12
6796,117,53,-0.094848196,12
6797,118,53,-0.212102943,12
6798,119,53,-0.074546081,12
6799,120,53,-0.078820321,12
6800,121,53,-0.282767266,12
6801,122,53,-0.142251101,12
6802,123,53,-0.022127911,12
6803,124,53,-0.106839538,12
6804,125,53,-0.1165403,12
6805,0,54,0.056066044,17
6806,1,54,-0.045107237,17
6807,2,54,0.026216617,17
6808,3,54,0.137807566,17
6809,4,54,0.037676955,17
6810,5,54,0.081472267,17
6811,6,54,0.029664881,17
6812,7,54,-0.02989664,17
6813,8,54,0.054105105,17
6814,9,54,0.06797495,17
6815,10,54,0.012478409,17
6816,11,54,0.174424105,17
6817,12,54,-0.053921185,17
6818,13,54,0.010237175,17
6819,14,54,0.081874389,17
6820,15,54,-0.045096794,17
6821,16,54,0.173489276,17
6822,17,54,-0.219800531,17
6823,18,54,0.049476435,17
6824,19,54,0.122801021,17
6825,20,54,0.034220155,17
6826,21,54,0.123462944,17
6827,22,54,-0.161999789,17
6828,23,54,0.084775713,17
6829,24,54,0.089494736,17
6830,25,54,0.284013672,17
6831,26,54,0.110873537,17
6832,27,54,0.189352499,17
6833,28,54,-0.012138949,17
6834,29,54,0.015619619,17
6835,30,54,0.024735277,17
6836,31,54,0.064144669,17
6837,32,54,-0.319914881,17
6838,33,54,0.082057799,17
6839,34,54,0.066456303,17
6840,35,54,0.092963318,17
6841,36,54,0.148333867,16
6842,37,54,0.446949096,16
6843,38,54,0.242128843,16
6844,39,54,-0.050356734,16
6845,40,54,0.220184817,16
6846,41,54,0.077368399,16
6847,42,54,0.331332458,16
6848,43,54,-0.030188274,16
6849,44,54,0.09709989,16
6850,45,54,0.270132815,16
6851,46,54,0.125303399,16
6852,47,54,0.057915608,16
6853,48,54,0.024122944,16
6854,49,54,0.149596261,16
6855,50,54,0.220811134,16
6856,51,54,0.07621435,16
6857,52,54,0.060752466,16
6858,53,54,0.196893325,16
6859,54,54,0.272867886,16
6860,55,54,0.422843661,16
6861,56,54,0.074711807,18
6862,57,54,0.081157221,18
6863,58,54,-0.007957992,18
6864,59,54,-0.128124273,18
6865,60,54,-0.228661432,18
6866,61,54,-0.120871579,18
6867,62,54,-0.305981216,18
6868,63,54,-0.14456932,18
6869,64,54,-0.244226606,18
6870,65,54,-0.297502591,18
6871,66,54,-0.275569278,18
6872,67,54,-0.163370872,18
6873,68,54,-0.161710634,18
6874,69,54,-0.224980871,18
6875,70,54,-0.14667082,18
6876,71,54,-0.099720045,18
6877,72,54,-0.064454303,18
6878,73,54,-0.147216173,18
6879,74,54,-0.185000679,18
6880,75,54,-0.06482276,18
6881,76,54,-0.076735368,18
6882,77,54,-0.253599259,18
6883,78,54,-0.040006368,18
6884,79,54,-0.205816511,18
6885,80,54,-0.063904571,18
6886,81,54,-0.068678626,18
6887,82,54,0.22341675,19
6888,83,54,0.246124287,19
6889,84,54,0.25931169,19
6890,85,54,0.273928836,19
6891,86,54,0.14694846,19
6892,87,54,-0.089697637,19
6893,88,54,-0.015144366,19
6894,89,54,0.17204606,19
6895,90,54,0.216382618,19
6896,91,54,0.201345444,19
6897,92,54,0.209192706,19
6898,93,54,-0.228816975,15
6899,94,54,-0.317523767,15
6900,95,54,-0.086644343,15
6901,96,54,-0.101245503,15
6902,97,54,-0.350272091,15
6903,98,54,-0.214822008,15
6904,99,54,0.042031863,15
6905,100,54,-0.334268744,12
6906,101,54,-0.293862039,12
6907,102,54,-0.263022369,12
6908,103,54,-0.065830913,12
6909,104,54,0.001025567,12
6910,105,54,-0.227310363,12
6911,106,54,-0.120201446,12
6912,107,54,-0.265635718,12
6913,108,54,-0.25563268,12
6914,109,54,-0.204400997,12
6915,110,54,-0.050845054,12
6916,111,54,-0.070687939,12
6917,112,54,-0.157691124,12
6918,113,54,-0.160814174,12
6919,114,54,-0.220444189,12
6920,115,54,-0.183008128,12
6921,116,54,0.002421039,12
6922,117,54,-0.140303359,12
6923,118,54,-0.100914422,12
6924,119,54,-0.1509091,12
6925,120,54,-0.187588555,12
6926,121,54,-0.218075751,12
6927,122,54,0.004157694,12
6928,123,54,0.058887744,12
6929,124,54,-0.320480321,12
6930,125,54,-0.289507251,12
6931,0,55,-0.071966636,17
6932,1,55,0.085822692,17
6933,2,55,0.092757447,17
6934,3,55,0.006281827,17
6935,4,55,-0.017710251,17
6936,5,55,-0.085807932,17
6937,6,55,0.083002839,17
6938,7,55,-0.052634461,17
6939,8,55,-0.017244978,17
6940,9,55,0.146506949,17
6941,10,55,-0.008911601,17
6942,11,55,0.126383615,17
6943,12,55,0.103061744,17
6944,13,55,0.015254939,17
6945,14,55,0.101610369,17
6946,15,55,-0.002127807,17
6947,16,55,-0.023350421,17
6948,17,55,0.089064693,17
6949,18,55,-0.022070966,17
6950,19,55,-0.077790878,17
6951,20,55,0.009510417,17
6952,21,55,-0.094359109,17
6953,22,55,-0.007948869,17
6954,23,55,-0.029486836,17
6955,24,55,-0.051116352,17
6956,25,55,0.313443191,17
6957,26,55,0.213744362,17
6958,27,55,0.151849498,17
6959,28,55,0.063819622,17
6960,29,55,-0.099397387,17
6961,30,55,0.020111164,17
6962,31,55,0.030431935,17
6963,32,55,-0.026518266,17
6964,33,55,0.101786866,17
6965,34,55,0.025028385,17
6966,35,55,0.048138038,17
6967,36,55,0,17
6968,37,55,0.021263829,17
6969,38,55,0.132664337,17
6970,39,55,-0.265207319,17
6971,40,55,-0.169700788,17
6972,41,55,0.360628636,16
6973,42,55,0.311828712,16
6974,43,55,0.282029734,16
6975,44,55,0.278869636,16
6976,45,55,0.113793448,16
6977,46,55,-0.017362745,16
6978,47,55,0.16306733,16
6979,48,55,0.245968819,16
6980,49,55,0.109719275,16
6981,50,55,0.123726184,16
6982,51,55,0.030284517,16
6983,52,55,0.096454804,16
6984,53,55,0.109289488,16
6985,54,55,0.036726787,16
6986,55,55,0.431720415,16
6987,56,55,-0.097864844,18
6988,57,55,-0.122383361,18
6989,58,55,-0.164899421,18
6990,59,55,-0.216131691,18
6991,60,55,-0.133479728,18
6992,61,55,-0.114406877,18
6993,62,55,-0.074224513,18
6994,63,55,-0.099045896,18
6995,64,55,-0.196907141,18
6996,65,55,-0.126649107,18
6997,66,55,-0.168419802,18
6998,67,55,-0.256071679,18
6999,68,55,-0.250190347,18
7000,69,55,-0.200624052,18
7001,70,55,-0.23343571,18
7002,71,55,-0.091300981,18
7003,72,55,0.016783579,18
7004,73,55,-0.12464265,18
7005,74,55,-0.150229716,18
7006,75,55,-0.173838512,18
7007,76,55,-0.148775861,18
7008,77,55,-0.104106197,18
7009,78,55,-0.161901261,18
7010,79,55,-0.146360947,18
7011,80,55,0.2317635,19
7012,81,55,0.321053054,19
7013,82,55,0.16531702,19
7014,83,55,0.048930093,19
7015,84,55,0.042938286,19
7016,85,55,-0.085470505,19
7017,86,55,0.159440553,19
7018,87,55,0.295520461,19
7019,88,55,0.124738435,19
7020,89,55,0.197679294,19
7021,90,55,0.356364264,19
7022,91,55,0.076141037,19
7023,92,55,0.173128339,19
7024,93,55,-0.218950007,15
7025,94,55,-0.397107469,15
7026,95,55,-0.183864167,15
7027,96,55,-0.270546166,15
7028,97,55,-0.319407279,15
7029,98,55,-0.307014538,15
7030,99,55,0.146067996,15
7031,100,55,-0.185916843,12
7032,101,55,0.086055156,12
7033,102,55,-0.071963283,12
7034,103,55,-0.337437268,12
7035,104,55,0.014656071,12
7036,105,55,-0.177072545,12
7037,106,55,-0.313930492,12
7038,107,55,-0.133240665,12
7039,108,55,0.007823245,12
7040,109,55,-0.058079071,12
7041,110,55,-0.365013762,12
7042,111,55,-0.226172856,12
7043,112,55,0.069857568,12
7044,113,55,0.05097916,12
7045,114,55,0.013603159,12
7046,115,55,-0.131926244,12
7047,116,55,-0.146076442,12
7048,117,55,0.020427284,12
7049,118,55,-0.12691451,12
7050,119,55,-0.063614043,12
7051,120,55,-0.185590027,12
7052,121,55,-0.251637763,12
7053,122,55,-0.081789482,12
7054,123,55,-0.168528491,12
7055,124,55,0.071186065,12
7056,125,55,0.550602843,20
7057,0,56,-0.164783715,17
7058,1,56,0.127801804,17
7059,2,56,0.086339065,17
7060,3,56,0.152702355,17
7061,4,56,0.114893124,17
7062,5,56,0.118696058,17
7063,6,56,-0.038119462,17
7064,7,56,0.099505497,17
7065,8,56,0.054476619,17
7066,9,56,0.052529195,17
7067,10,56,0.177721547,17
7068,11,56,0.146513832,17
7069,12,56,0.108177987,17
7070,13,56,0.011676546,17
7071,14,56,0.155692776,17
7072,15,56,0.114320489,17
7073,16,56,0.218806181,17
7074,17,56,0.024119902,17
7075,18,56,0.107435156,17
7076,19,56,0.097794044,17
7077,20,56,-0.029563486,17
7078,21,56,0.086239043,17
7079,22,56,0.221825714,17
7080,23,56,0.159900381,17
7081,24,56,0.111374402,17
7082,25,56,0.066620827,17
7083,26,56,0.11708232,17
7084,27,56,0.136780057,17
7085,28,56,0.113593937,17
7086,29,56,0.11116205,17
7087,30,56,0.044512623,17
7088,31,56,0.06875281,17
7089,32,56,-0.008722868,17
7090,33,56,0.161810162,17
7091,34,56,0.10565799,17
7092,35,56,0.115627972,17
7093,36,56,-0.011986032,17
7094,37,56,0.192082207,17
7095,38,56,0.114507169,17
7096,39,56,0.020740208,17
7097,40,56,-0.085090113,17
7098,41,56,0.034620833,17
7099,42,56,0.021706998,17
7100,43,56,0.063323168,17
7101,44,56,0.2017507,17
7102,45,56,0.194772879,16
7103,46,56,0.084254883,16
7104,47,56,0.098396716,16
7105,48,56,0.091830719,16
7106,49,56,0.043368581,16
7107,50,56,-0.030710269,16
7108,51,56,0.207185359,16
7109,52,56,0.110308075,16
7110,53,56,0.126231632,16
7111,54,56,0.075706406,16
7112,55,56,-0.030119053,18
7113,56,56,0.123112948,18
7114,57,56,-0.21066538,18
7115,58,56,-0.046855135,18
7116,59,56,-0.099185864,18
7117,60,56,-0.044515759,18
7118,61,56,-0.155521428,18
7119,62,56,-0.197337281,18
7120,63,56,-0.065761289,18
7121,64,56,-0.043898566,18
7122,65,56,-0.199768279,18
7123,66,56,-0.205982222,18
7124,67,56,-0.185272186,18
7125,68,56,-0.15055246,18
7126,69,56,-0.258778542,18
7127,70,56,-0.129310732,18
7128,71,56,0.023235146,18
7129,72,56,-0.097283171,18
7130,73,56,-0.117452621,18
7131,74,56,-0.08771424,18
7132,75,56,-0.061031249,18
7133,76,56,-0.20778941,18
7134,77,56,-0.202463318,18
7135,78,56,-0.139544563,18
7136,79,56,-0.20840035,19
7137,80,56,0.186010025,19
7138,81,56,0.081311047,19
7139,82,56,-0.020416729,19
7140,83,56,-0.046233046,19
7141,84,56,0.03566835,19
7142,85,56,0.163845003,19
7143,86,56,-0.041894395,19
7144,87,56,0.102270325,19
7145,88,56,-0.040928213,19
7146,89,56,0.032772406,19
7147,90,56,0.064963911,19
7148,91,56,0.117174476,19
7149,92,56,0.339641772,19
7150,93,56,-0.243310098,15
7151,94,56,-0.281444192,15
7152,95,56,-0.271105688,15
7153,96,56,-0.22140409,15
7154,97,56,-0.287703463,15
7155,98,56,-0.217398613,15
7156,99,56,0.140573006,12
7157,100,56,-0.168104878,12
7158,101,56,-0.067073013,12
7159,102,56,-0.091170261,12
7160,103,56,-0.227210022,12
7161,104,56,-0.397141337,12
7162,105,56,-0.118916992,12
7163,106,56,-0.226786063,12
7164,107,56,-0.140048202,12
7165,108,56,-0.141232612,12
7166,109,56,-0.139300559,12
7167,110,56,-0.007499407,12
7168,111,56,-0.297444795,12
7169,112,56,-0.024895156,12
7170,113,56,-0.384009172,12
7171,114,56,-0.230499163,12
7172,115,56,-0.123350777,12
7173,116,56,-0.20780834,12
7174,117,56,-0.302429144,12
7175,118,56,-0.239465995,12
7176,119,56,-0.037978299,12
7177,120,56,-0.246986372,12
7178,121,56,-0.037881653,12
7179,122,56,0.047400846,12
7180,123,56,-0.031659952,12
7181,124,56,0,NaN
7182,125,56,0.500148986,20
7183,0,57,-0.970174776,17
7184,1,57,0.154543298,17
7185,2,57,0.095409416,17
7186,3,57,0.072894105,17
7187,4,57,0.057327388,17
7188,5,57,0.030406314,17
7189,6,57,0.026864226,17
7190,7,57,0.042448405,17
7191,8,57,0.101542035,17
7192,9,57,0.109110365,17
7193,10,57,0.061245475,17
7194,11,57,0.006845857,17
7195,12,57,-0.021693986,17
7196,13,57,-0.064045204,17
7197,14,57,0.195468278,17
7198,15,57,0.069545695,17
7199,16,57,0.131117302,17
7200,17,57,-0.021056734,17
7201,18,57,0.038288611,17
7202,19,57,-0.063760778,17
7203,20,57,0.084724114,17
7204,21,57,-0.151927465,17
7205,22,57,0.177548676,17
7206,23,57,-0.086654407,17
7207,24,57,0.057487923,17
7208,25,57,-0.129195318,17
7209,26,57,0.078180215,17
7210,27,57,0.067027952,17
7211,28,57,-0.035802264,17
7212,29,57,0.021471833,17
7213,30,57,-0.055777273,17
7214,31,57,0.113663964,17
7215,32,57,-0.090878004,17
7216,33,57,0.112694415,17
7217,34,57,0.061311788,17
7218,35,57,0.110516499,17
7219,36,57,0.032612955,17
7220,37,57,-0.017597425,17
7221,38,57,-0.009311605,17
7222,39,57,0.062519915,17
7223,40,57,0.030510627,17
7224,41,57,-0.042807903,17
7225,42,57,0.112055859,17
7226,43,57,0.03181518,17
7227,44,57,-0.041105674,17
7228,45,57,0.06287624,17
7229,46,57,-0.064545177,17
7230,47,57,-0.138891155,17
7231,48,57,0.055787079,17
7232,49,57,0.268020704,16
7233,50,57,0.260414946,16
7234,51,57,0.037631165,16
7235,52,57,0.185089033,16
7236,53,57,0.194326577,16
7237,54,57,0.027330685,18
7238,55,57,0.00920177,18
7239,56,57,-0.064172894,18
7240,57,57,-0.132227063,18
7241,58,57,-0.070230705,18
7242,59,57,0.0134324,18
7243,60,57,-0.167628745,18
7244,61,57,-0.108225825,18
7245,62,57,-0.103296774,18
7246,63,57,-0.064622244,18
7247,64,57,0.109878656,18
7248,65,57,-0.06337043,18
7249,66,57,-0.180058427,18
7250,67,57,-0.185226816,18
7251,68,57,-0.075590137,18
7252,69,57,-0.182617049,18
7253,70,57,-0.046265726,18
7254,71,57,-0.10605993,18
7255,72,57,-0.133534754,18
7256,73,57,-0.044048526,18
7257,74,57,-0.073105191,18
7258,75,57,0.05676863,18
7259,76,57,-0.084702393,18
7260,77,57,-0.034446528,18
7261,78,57,0.034836216,19
7262,79,57,0.071461365,19
7263,80,57,0.151218085,19
7264,81,57,0.110133362,19
7265,82,57,0.276981647,19
7266,83,57,-0.012466029,19
7267,84,57,0.081123633,19
7268,85,57,-0.13658721,19
7269,86,57,0.114644345,19
7270,87,57,0.148845478,19
7271,88,57,0.028997911,19
7272,89,57,-0.075599929,19
7273,90,57,-0.00565521,19
7274,91,57,-0.079824705,19
7275,92,57,0.158230091,19
7276,93,57,-0.281624848,15
7277,94,57,-0.270728063,15
7278,95,57,-0.191798969,15
7279,96,57,-0.229050396,15
7280,97,57,-0.437694318,15
7281,98,57,-0.159735534,15
7282,99,57,0.151927803,12
7283,100,57,-0.068673217,12
7284,101,57,0.118365418,12
7285,102,57,-0.178882879,12
7286,103,57,-0.20370019,12
7287,104,57,-0.374033588,12
7288,105,57,-0.152421872,12
7289,106,57,0.109974054,12
7290,107,57,-0.064848471,12
7291,108,57,-0.138710024,12
7292,109,57,-0.331964669,12
7293,110,57,-0.002190544,12
7294,111,57,-0.089918166,12
7295,112,57,-0.064755313,12
7296,113,57,-0.039239669,12
7297,114,57,-0.30088616,12
7298,115,57,-0.341329669,12
7299,116,57,-0.179347549,12
7300,117,57,-0.324446376,12
7301,118,57,-0.058153196,12
7302,119,57,-0.364466483,12
7303,120,57,-0.337745317,12
7304,121,57,-0.074441735,12
7305,122,57,0.094539601,12
7306,123,57,0.333590013,21
7307,124,57,0.171149631,20
7308,125,57,0.308374254,20
7309,0,58,-0.386827379,17
7310,1,58,0.096982501,17
7311,2,58,0.00796432,17
7312,3,58,0.007494635,17
7313,4,58,0.017907991,17
7314,5,58,0.481467585,17
7315,6,58,0.003615861,17
7316,7,58,-0.082745749,17
7317,8,58,0.067116484,17
7318,9,58,0.036871219,17
7319,10,58,-0.006185405,17
7320,11,58,0.143962371,17
7321,12,58,-0.037369772,17
7322,13,58,-0.035423122,17
7323,14,58,0.023167057,17
7324,15,58,0.008219005,17
7325,16,58,0.015701395,17
7326,17,58,0.0296118,17
7327,18,58,0.054352779,17
7328,19,58,-0.184267734,17
7329,20,58,0.161115796,17
7330,21,58,0.001613169,17
7331,22,58,-0.038044226,17
7332,23,58,-0.018948003,17
7333,24,58,-0.057916944,17
7334,25,58,0.08195088,17
7335,26,58,-0.035755668,17
7336,27,58,-0.000974476,17
7337,28,58,-0.187598442,17
7338,29,58,0.099635922,17
7339,30,58,0.012407304,17
7340,31,58,0.171389549,17
7341,32,58,0.048727162,17
7342,33,58,-0.004761707,17
7343,34,58,0.068140221,17
7344,35,58,0.067638927,17
7345,36,58,0.068978196,17
7346,37,58,0.031744747,17
7347,38,58,0.075051806,17
7348,39,58,0.052321304,17
7349,40,58,0.067807653,17
7350,41,58,0.063212587,17
7351,42,58,0.003364974,17
7352,43,58,-0.011627272,17
7353,44,58,0.049802341,17
7354,45,58,0.043547585,17
7355,46,58,0.140744555,17
7356,47,58,0.154486059,17
7357,48,58,-0.169684581,17
7358,49,58,-0.117190513,17
7359,50,58,-0.075853926,17
7360,51,58,0.074732573,17
7361,52,58,0.175778999,17
7362,53,58,0.749909764,16
7363,54,58,-0.024118306,18
7364,55,58,-0.112304122,18
7365,56,58,-0.111096519,18
7366,57,58,-0.152928999,18
7367,58,58,-0.103940749,18
7368,59,58,-0.105625623,18
7369,60,58,-0.150376134,18
7370,61,58,-0.203610743,18
7371,62,58,-0.173018774,18
7372,63,58,-0.076047329,18
7373,64,58,-0.065853023,18
7374,65,58,0.032036197,18
7375,66,58,-0.00523761,18
7376,67,58,-0.201661448,18
7377,68,58,-0.275146491,18
7378,69,58,-0.196225311,18
7379,70,58,-0.083906678,18
7380,71,58,-0.047946355,18
7381,72,58,-0.11618259,18
7382,73,58,-0.078246342,18
7383,74,58,-0.183769263,18
7384,75,58,0.053663758,18
7385,76,58,-0.076590712,18
7386,77,58,-0.06345383,19
7387,78,58,0.188686569,19
7388,79,58,0.1835125,19
7389,80,58,-0.001653303,19
7390,81,58,0.093676295,19
7391,82,58,0.259528359,19
7392,83,58,-0.049688831,19
7393,84,58,-0.024274001,19
7394,85,58,0.06354592,19
7395,86,58,0.262725634,19
7396,87,58,0.048770425,19
7397,88,58,0.209970713,19
7398,89,58,0.29111968,19
7399,90,58,0.113301337,19
7400,91,58,0.265413462,19
7401,92,58,0.324077998,19
7402,93,58,-0.294987539,15
7403,94,58,-0.556937875,15
7404,95,58,-0.276751794,15
7405,96,58,-0.565532073,15
7406,97,58,-0.53821644,15
7407,98,58,-0.269933526,15
7408,99,58,-0.06898378,12
7409,100,58,-0.264902695,12
7410,101,58,-0.154093147,12
7411,102,58,-0.089998902,12
7412,103,58,-0.195028884,12
7413,104,58,-0.264643773,12
7414,105,58,-0.241029703,12
7415,106,58,-0.139935829,12
7416,107,58,0.014157978,12
7417,108,58,-0.216602204,12
7418,109,58,-0.102671484,12
7419,110,58,-0.167628416,12
7420,111,58,-0.239228852,12
7421,112,58,-0.012910319,12
7422,113,58,0.010885061,12
7423,114,58,-0.075986974,12
7424,115,58,-0.26064959,12
7425,116,58,-0.297391913,12
7426,117,58,-0.153643132,12
7427,118,58,-0.017191926,12
7428,119,58,-0.080660373,12
7429,120,58,-0.304890816,12
7430,121,58,-0.257469759,21
7431,122,58,0.106794459,21
7432,123,58,0.50777694,21
7433,124,58,0.113298223,20
7434,125,58,0.085538507,20
7435,0,59,-0.200200939,17
7436,1,59,0.157584281,17
7437,2,59,0.128251018,17
7438,3,59,0.118441951,17
7439,4,59,-0.203233794,17
7440,5,59,0.418225403,17
7441,6,59,-0.044972512,17
7442,7,59,0.004987902,17
7443,8,59,-0.101288074,17
7444,9,59,0.211747588,17
7445,10,59,-0.03490865,17
7446,11,59,-0.001349548,17
7447,12,59,-0.037400957,17
7448,13,59,0.033309026,17
7449,14,59,-0.018910943,17
7450,15,59,-0.049821833,17
7451,16,59,-0.006601346,17
7452,17,59,0.081595096,17
7453,18,59,-0.091514316,17
7454,19,59,0.021017885,17
7455,20,59,-0.012372829,17
7456,21,59,0.145376104,17
7457,22,59,-0.029058353,17
7458,23,59,0.14432384,17
7459,24,59,-0.071357097,17
7460,25,59,0.005254754,17
7461,26,59,0.0149084,17
7462,27,59,0.130107938,17
7463,28,59,-0.024916437,17
7464,29,59,0.08483732,17
7465,30,59,0.008464926,17
7466,31,59,0.217378417,17
7467,32,59,0.176306157,17
7468,33,59,0.048575308,17
7469,34,59,0.209465381,17
7470,35,59,0.200796453,17
7471,36,59,0.206497634,17
7472,37,59,0.09775248,17
7473,38,59,0.112881613,17
7474,39,59,0.130069925,17
7475,40,59,-0.00756759,17
7476,41,59,-0.016324006,17
7477,42,59,0.016168899,17
7478,43,59,0.113701457,17
7479,44,59,0.166481829,17
7480,45,59,0.202336808,17
7481,46,59,0.117271623,17
7482,47,59,0.14283317,17
7483,48,59,0.036561517,17
7484,49,59,-0.104439417,17
7485,50,59,-0.117564211,17
7486,51,59,0.037261617,17
7487,52,59,0.158740389,17
7488,53,59,-0.139201041,18
7489,54,59,-0.080361028,18
7490,55,59,-0.223613884,18
7491,56,59,-0.161674749,18
7492,57,59,0.001656273,18
7493,58,59,-0.109899444,18
7494,59,59,-0.038181536,18
7495,60,59,-0.053333288,18
7496,61,59,-0.15700703,18
7497,62,59,-0.188036437,18
7498,63,59,-0.248271583,18
7499,64,59,-0.179777112,18
7500,65,59,-0.021031034,18
7501,66,59,-0.069126117,18
7502,67,59,0.021289261,18
7503,68,59,-0.082504841,18
7504,69,59,-0.083896681,18
7505,70,59,-0.038396856,18
7506,71,59,-0.091559968,18
7507,72,59,-0.191509668,18
7508,73,59,-0.144949205,18
7509,74,59,-0.115643708,18
7510,75,59,-0.055774196,18
7511,76,59,0.129642285,19
7512,77,59,0.123110938,19
7513,78,59,0.256078519,19
7514,79,59,0.222851843,19
7515,80,59,0.253643077,19
7516,81,59,0.119434913,19
7517,82,59,0.131896102,19
7518,83,59,0.167736897,19
7519,84,59,0.189124398,19
7520,85,59,0.192608553,19
7521,86,59,0.107192606,19
7522,87,59,0.105662815,19
7523,88,59,0.200252496,19
7524,89,59,0.064530584,19
7525,90,59,0.095930964,19
7526,91,59,0.412629282,19
7527,92,59,0.516310999,19
7528,93,59,-0.04472926,15
7529,94,59,-0.146239544,15
7530,95,59,-0.311568605,15
7531,96,59,-0.286455705,15
7532,97,59,-0.288109714,15
7533,98,59,-0.29819521,15
7534,99,59,0.029168354,12
7535,100,59,-0.442788724,12
7536,101,59,-0.183923139,12
7537,102,59,-0.148912028,12
7538,103,59,-0.279598068,12
7539,104,59,-0.490936372,12
7540,105,59,-0.210759981,12
7541,106,59,-0.275471145,12
7542,107,59,-0.139558616,12
7543,108,59,-0.061595571,12
7544,109,59,0.021717904,12
7545,110,59,-0.140961469,12
7546,111,59,-0.231293742,12
7547,112,59,-0.086550729,12
7548,113,59,-0.068892031,12
7549,114,59,-0.2540534,12
7550,115,59,-0.215148814,12
7551,116,59,-0.163749647,12
7552,117,59,-0.194151614,12
7553,118,59,-0.465304808,12
7554,119,59,0.01839728,12
7555,120,59,-0.154410754,12
7556,121,59,0.119221699,21
7557,122,59,-0.085290143,21
7558,123,59,0.245902018,20
7559,124,59,0.054893442,20
7560,125,59,0.039082931,20
7561,0,60,0.042998365,17
7562,1,60,0.086422965,17
7563,2,60,0.161453324,17
7564,3,60,-0.053043247,17
7565,4,60,0.086850994,17
7566,5,60,0.040516224,17
7567,6,60,0.108130402,17
7568,7,60,0.003397119,17
7569,8,60,0.134182197,17
7570,9,60,0.045546702,17
7571,10,60,0.04359817,17
7572,11,60,0.131623651,17
7573,12,60,-0.161627948,17
7574,13,60,0.100129579,17
7575,14,60,0.018777344,17
7576,15,60,0.248051318,17
7577,16,60,0.116277168,17
7578,17,60,-0.121146001,17
7579,18,60,0.062068753,17
7580,19,60,-0.020834211,17
7581,20,60,0.052519253,17
7582,21,60,-0.499375364,17
7583,22,60,-0.019811007,17
7584,23,60,0.120602127,17
7585,24,60,0.052880056,17
7586,25,60,0.067839974,17
7587,26,60,0.025556411,17
7588,27,60,-0.039729026,17
7589,28,60,0.035255578,17
7590,29,60,0.03871384,17
7591,30,60,-0.072585103,17
7592,31,60,0.045875143,17
7593,32,60,0.180862357,17
7594,33,60,0.178532109,17
7595,34,60,0.093046506,17
7596,35,60,0.131120324,17
7597,36,60,0.133504782,17
7598,37,60,-0.007490587,17
7599,38,60,0.07349685,17
7600,39,60,0.089714268,17
7601,40,60,-0.077131898,17
7602,41,60,0.121222323,17
7603,42,60,0.032694205,17
7604,43,60,0.156804982,17
7605,44,60,0.208123847,17
7606,45,60,0.110752736,17
7607,46,60,0.089490501,17
7608,47,60,0.220925386,17
7609,48,60,0,NaN
7610,49,60,0,NaN
7611,50,60,0,NaN
7612,51,60,0,NaN
7613,52,60,0,NaN
7614,53,60,0.077161417,18
7615,54,60,-0.074484909,18
7616,55,60,-0.060588276,18
7617,56,60,0.037163111,18
7618,57,60,-0.064668929,18
7619,58,60,-0.123039476,18
7620,59,60,-0.164412841,18
7621,60,60,-0.130785306,18
7622,61,60,-0.164906927,18
7623,62,60,-0.180254,18
7624,63,60,-0.081416666,18
7625,64,60,-0.142933711,18
7626,65,60,0.077497133,18
7627,66,60,-0.028908983,18
7628,67,60,-0.099204522,18
7629,68,60,-0.041011858,18
7630,69,60,-0.099272885,18
7631,70,60,0.005883887,18
7632,71,60,-0.224328765,18
7633,72,60,-0.106316979,18
7634,73,60,-0.072163079,18
7635,74,60,-0.024508601,18
7636,75,60,0.297835584,19
7637,76,60,0.197036389,19
7638,77,60,0.145743006,19
7639,78,60,0.072257213,19
7640,79,60,0.002771012,19
7641,80,60,0.091413504,19
7642,81,60,0.157504862,19
7643,82,60,0.18389884,19
7644,83,60,0.186816114,19
7645,84,60,0.244086694,19
7646,85,60,0.078601898,19
7647,86,60,-0.021353529,19
7648,87,60,0.000492819,19
7649,88,60,0.09298439,19
7650,89,60,0.320600839,19
7651,90,60,0.236248043,19
7652,91,60,0.271543963,19
7653,92,60,0.265822431,19
7654,93,60,0.049379018,15
7655,94,60,-0.155479899,15
7656,95,60,-0.342746431,15
7657,96,60,-0.115961243,15
7658,97,60,-0.375167712,15
7659,98,60,-0.18955423,15
7660,99,60,0.068587087,12
7661,100,60,-0.155333827,12
7662,101,60,-0.262748928,12
7663,102,60,-0.097612617,12
7664,103,60,-0.056797245,12
7665,104,60,-0.296153716,12
7666,105,60,-0.186904779,12
7667,106,60,-0.268383607,12
7668,107,60,-0.185697029,12
7669,108,60,-0.413888689,12
7670,109,60,-0.074492882,12
7671,110,60,-0.150936275,12
7672,111,60,-0.317627233,12
7673,112,60,-0.253809722,12
7674,113,60,-0.118376588,12
7675,114,60,-0.214900578,12
7676,115,60,-0.247590829,12
7677,116,60,-0.122618424,12
7678,117,60,-0.167791227,12
7679,118,60,-0.250028958,12
7680,119,60,-0.11132888,12
7681,120,60,-0.08240712,21
7682,121,60,-0.189717886,21
7683,122,60,0.20650334,20
7684,123,60,0.195833615,20
7685,124,60,0.275809885,20
7686,125,60,0.204545364,20
7687,0,61,0.063289214,17
7688,1,61,0.01044339,17
7689,2,61,0.214611338,17
7690,3,61,0.201274577,17
7691,4,61,-0.021566839,17
7692,5,61,-0.061354242,17
7693,6,61,0.126085834,17
7694,7,61,-0.061298588,17
7695,8,61,0.106308789,17
7696,9,61,0.248813169,17
7697,10,61,-0.011425066,17
7698,11,61,-0.010663001,17
7699,12,61,-0.011047071,17
7700,13,61,0.038814777,17
7701,14,61,-0.023534378,17
7702,15,61,0.047430139,17
7703,16,61,-0.068622009,17
7704,17,61,0.194510092,17
7705,18,61,0.176803273,17
7706,19,61,-0.027103168,17
7707,20,61,0.115362606,17
7708,21,61,-0.017742831,17
7709,22,61,0.012944312,17
7710,23,61,0.13740334,17
7711,24,61,0.052017423,17
7712,25,61,-0.017862547,17
7713,26,61,-0.049884935,17
7714,27,61,-0.015129035,17
7715,28,61,0.164345802,17
7716,29,61,0.158146384,17
7717,30,61,0.046638318,17
7718,31,61,0.109011085,17
7719,32,61,0.064839239,17
7720,33,61,0.108521706,17
7721,34,61,0.131631677,17
7722,35,61,0.293933275,17
7723,36,61,0.133095364,17
7724,37,61,0.033931573,17
7725,38,61,-0.107709282,17
7726,39,61,0.06233326,17
7727,40,61,0.130405818,17
7728,41,61,0.109320497,17
7729,42,61,-0.014964376,17
7730,43,61,0.225822691,17
7731,44,61,0.029984553,17
7732,45,61,0.115746618,17
7733,46,61,0.081954061,17
7734,47,61,-0.022030301,17
7735,48,61,0.051152039,17
7736,49,61,-0.038066859,17
7737,50,61,0.008498844,17
7738,51,61,0.251578223,17
7739,52,61,0.06201183,18
7740,53,61,0.066810187,18
7741,54,61,-0.097829517,18
7742,55,61,-0.12358087,18
7743,56,61,-0.118748755,18
7744,57,61,-0.180461872,18
7745,58,61,-0.110557832,18
7746,59,61,-0.013427158,18
7747,60,61,-0.056909215,18
7748,61,61,-0.250394001,18
7749,62,61,-0.073888879,18
7750,63,61,-0.174987437,18
7751,64,61,-0.120600924,18
7752,65,61,-0.027500707,18
7753,66,61,-0.091086626,18
7754,67,61,-0.208049732,18
7755,68,61,-0.091466001,18
7756,69,61,-0.219435221,18
7757,70,61,-0.192862851,18
7758,71,61,-0.109451859,18
7759,72,61,0.025478683,18
7760,73,61,-0.195941336,18
7761,74,61,0.188084272,19
7762,75,61,0.126015347,19
7763,76,61,0.069691389,19
7764,77,61,0.269916077,19
7765,78,61,0.157999916,19
7766,79,61,0.058755192,19
7767,80,61,0.327748924,19
7768,81,61,-0.003406794,19
7769,82,61,0.123384979,19
7770,83,61,0.194473418,19
7771,84,61,0.057135894,19
7772,85,61,0.133138271,19
7773,86,61,0.090632238,19
7774,87,61,0.241931189,19
7775,88,61,0.241540813,19
7776,89,61,0.225501009,19
7777,90,61,0.058610701,19
7778,91,61,0.173414321,19
7779,92,61,0.241526892,19
7780,93,61,-0.021478263,15
7781,94,61,-0.30226326,15
7782,95,61,-0.452291122,15
7783,96,61,-0.237455187,15
7784,97,61,-0.41534143,15
7785,98,61,-0.242963166,15
7786,99,61,-0.025769677,12
7787,100,61,-0.187956431,12
7788,101,61,-0.134491566,12
7789,102,61,-0.210875106,12
7790,103,61,-0.227798604,12
7791,104,61,-0.190830194,12
7792,105,61,-0.283835239,12
7793,106,61,0.051101343,12
7794,107,61,-0.105927142,12
7795,108,61,-0.086494292,12
7796,109,61,-0.189791492,12
7797,110,61,-0.27684368,12
7798,111,61,-0.287914145,12
7799,112,61,-0.025436907,12
7800,113,61,-0.09330651,12
7801,114,61,-0.179797662,12
7802,115,61,-0.251019798,12
7803,116,61,-0.490637662,12
7804,117,61,-0.373747127,12
7805,118,61,0.463939464,21
7806,119,61,0.197430317,21
7807,120,61,-0.005712602,21
7808,121,61,-0.099551362,21
7809,122,61,0.269476918,20
7810,123,61,0.145940691,20
7811,124,61,0.23792347,20
7812,125,61,0.13969593,20
7813,0,62,-0.009775289,17
7814,1,62,-0.040703423,17
7815,2,62,0.039606729,17
7816,3,62,0.200690569,17
7817,4,62,0.139125809,17
7818,5,62,-0.093659432,17
7819,6,62,0.035036513,17
7820,7,62,0.034970472,17
7821,8,62,-0.07819762,17
7822,9,62,0.045800622,17
7823,10,62,-0.065893283,17
7824,11,62,0.189188422,17
7825,12,62,-0.064873764,17
7826,13,62,0.171595994,17
7827,14,62,-0.052759975,17
7828,15,62,-0.093277185,17
7829,16,62,-0.051914393,17
7830,17,62,0.138438284,17
7831,18,62,0.086851203,17
7832,19,62,-0.159738416,17
7833,20,62,0.205879281,17
7834,21,62,0.039336385,17
7835,22,62,-0.076586935,17
7836,23,62,0.098091674,17
7837,24,62,0.146174899,17
7838,25,62,0.015607233,17
7839,26,62,-0.110201498,17
7840,27,62,0.204915386,17
7841,28,62,-0.076533235,17
7842,29,62,0.065823295,17
7843,30,62,0.068696971,17
7844,31,62,0.048719409,17
7845,32,62,0.122935174,17
7846,33,62,-0.137110615,17
7847,34,62,-0.086597986,17
7848,35,62,0.047868419,17
7849,36,62,0.233407356,17
7850,37,62,-0.013062438,17
7851,38,62,-0.002362006,17
7852,39,62,0.020262023,17
7853,40,62,-0.272613052,17
7854,41,62,-0.095182049,17
7855,42,62,0.114004127,17
7856,43,62,0.135856201,17
7857,44,62,0.060417054,17
7858,45,62,-0.01466875,17
7859,46,62,0.166376868,17
7860,47,62,-0.052236588,17
7861,48,62,-0.051976053,17
7862,49,62,-0.075825685,17
7863,50,62,-0.002199915,17
7864,51,62,0.358853589,17
7865,52,62,-0.170173629,18
7866,53,62,-0.114007804,18
7867,54,62,-0.011142553,18
7868,55,62,-0.050282094,18
7869,56,62,-0.016945826,18
7870,57,62,-0.173666111,18
7871,58,62,-0.143745499,18
7872,59,62,0.067757602,18
7873,60,62,-0.104962043,18
7874,61,62,-0.131159314,18
7875,62,62,-0.010237544,18
7876,63,62,-0.097258636,18
7877,64,62,-0.111030819,18
7878,65,62,-0.09916246,18
7879,66,62,0.007524706,18
7880,67,62,-0.041301448,18
7881,68,62,-0.167035177,18
7882,69,62,-0.142768019,18
7883,70,62,-0.061799416,18
7884,71,62,0.016018466,18
7885,72,62,-0.139443434,18
7886,73,62,-0.001228278,19
7887,74,62,0.069412533,19
7888,75,62,0.073703856,19
7889,76,62,0.046855907,19
7890,77,62,-0.012020687,19
7891,78,62,0.253578699,19
7892,79,62,0.2203584,19
7893,80,62,0.102268269,19
7894,81,62,0.161972151,19
7895,82,62,0.080749073,19
7896,83,62,0.22622158,19
7897,84,62,0.129830467,19
7898,85,62,0.016303559,19
7899,86,62,0.334943872,19
7900,87,62,0.095966971,19
7901,88,62,0.217680509,19
7902,89,62,0.191370098,19
7903,90,62,-0.012009056,19
7904,91,62,0.193617134,19
7905,92,62,-0.052795422,19
7906,93,62,0.199371989,15
7907,94,62,-0.317225177,15
7908,95,62,-0.186412073,15
7909,96,62,-0.183855143,15
7910,97,62,-0.345912863,15
7911,98,62,-0.077580763,15
7912,99,62,-0.330053655,12
7913,100,62,0.059870506,12
7914,101,62,-0.046987737,12
7915,102,62,-0.090497629,12
7916,103,62,-0.143426587,12
7917,104,62,-0.108493286,12
7918,105,62,-0.063154895,12
7919,106,62,0.017244749,12
7920,107,62,-0.082324489,12
7921,108,62,-0.120299574,12
7922,109,62,-0.051847415,12
7923,110,62,-0.114704829,12
7924,111,62,-0.178790658,12
7925,112,62,-0.222034434,12
7926,113,62,-0.171269348,12
7927,114,62,-0.09280526,12
7928,115,62,-0.422109621,12
7929,116,62,-0.591931233,12
7930,117,62,0.38119971,21
7931,118,62,0.190114387,21
7932,119,62,0.027114426,21
7933,120,62,0.007789487,21
7934,121,62,0.095501289,20
7935,122,62,0.195888342,20
7936,123,62,0.08145928,20
7937,124,62,-0.010948105,20
7938,125,62,0.135287575,20
7939,0,63,0.205996983,17
7940,1,63,-0.084623513,17
7941,2,63,0.213730741,17
7942,3,63,0.045675437,17
7943,4,63,-0.086462718,17
7944,5,63,-0.032782702,17
7945,6,63,0.080812853,17
7946,7,63,0.013987689,17
7947,8,63,0.097116677,17
7948,9,63,0.22317225,17
7949,10,63,0.231612733,17
7950,11,63,0.177040292,17
7951,12,63,0.118294133,17
7952,13,63,0.057256904,17
7953,14,63,0.078901023,17
7954,15,63,0.040462383,17
7955,16,63,-0.128383911,17
7956,17,63,-0.009917368,17
7957,18,63,0.142373527,17
7958,19,63,0.015547005,17
7959,20,63,0.248377986,17
7960,21,63,0.042333288,17
7961,22,63,0.146329819,17
7962,23,63,0.189218496,17
7963,24,63,0.061148081,17
7964,25,63,0.094155983,17
7965,26,63,0.047879407,17
7966,27,63,-0.030431835,17
7967,28,63,-0.041835071,17
7968,29,63,0.202755349,17
7969,30,63,0.068093351,17
7970,31,63,-0.065359432,17
7971,32,63,0.215181481,17
7972,33,63,0.107464801,17
7973,34,63,-0.046178027,17
7974,35,63,0.008387713,17
7975,36,63,0.118036066,17
7976,37,63,0.093166083,17
7977,38,63,0.192486036,17
7978,39,63,-0.002258741,17
7979,40,63,-0.083542984,17
7980,41,63,0.138002341,17
7981,42,63,-0.115197905,17
7982,43,63,0.119321262,17
7983,44,63,0.073770391,17
7984,45,63,0.140237382,17
7985,46,63,-0.081882785,17
7986,47,63,0.233237068,17
7987,48,63,-0.021220954,17
7988,49,63,-0.024701107,17
7989,50,63,0.181086265,17
7990,51,63,-0.153718581,18
7991,52,63,-0.016258344,18
7992,53,63,-0.094921882,18
7993,54,63,-0.093865445,18
7994,55,63,-0.16879825,18
7995,56,63,-0.076168957,18
7996,57,63,-0.166131543,18
7997,58,63,-0.076095874,18
7998,59,63,-0.07196211,18
7999,60,63,-0.079791741,18
8000,61,63,-0.07578483,18
8001,62,63,-0.161596187,18
8002,63,63,-0.046691017,18
8003,64,63,-0.02553617,18
8004,65,63,-0.056392754,18
8005,66,63,0.025439893,18
8006,67,63,-0.255422578,18
8007,68,63,-0.227357005,18
8008,69,63,-0.052094334,18
8009,70,63,-0.134978539,18
8010,71,63,0.041098821,18
8011,72,63,0.192020335,19
8012,73,63,0.347483838,19
8013,74,63,0.315146523,19
8014,75,63,-0.021217281,19
8015,76,63,0.017505253,19
8016,77,63,0.273755828,19
8017,78,63,0.292251118,19
8018,79,63,0.085955106,19
8019,80,63,0.026236307,19
8020,81,63,0.123340024,19
8021,82,63,-0.024374884,19
8022,83,63,0.226879468,19
8023,84,63,0.227328243,19
8024,85,63,0.059829875,19
8025,86,63,-0.003304385,19
8026,87,63,0.192895865,19
8027,88,63,0.255120515,19
8028,89,63,0.121077736,19
8029,90,63,0.121236405,19
8030,91,63,0.22361421,19
8031,92,63,0.174382901,19
8032,93,63,0.172466509,19
8033,94,63,-0.204680301,15
8034,95,63,-0.40976816,15
8035,96,63,-0.365818847,15
8036,97,63,-0.311714178,15
8037,98,63,-0.241889457,15
8038,99,63,-0.051917692,12
8039,100,63,-0.041176422,12
8040,101,63,-0.22719412,12
8041,102,63,-0.120937381,12
8042,103,63,-0.129235633,12
8043,104,63,-0.180394964,12
8044,105,63,-0.078290988,12
8045,106,63,-0.087446815,12
8046,107,63,-0.149979375,12
8047,108,63,-0.248686829,12
8048,109,63,-0.134412926,12
8049,110,63,-0.079338766,12
8050,111,63,-0.152894671,12
8051,112,63,-0.341982033,12
8052,113,63,-0.477099287,12
8053,114,63,-0.371319862,12
8054,115,63,-0.151081463,12
8055,116,63,0.444539458,21
8056,117,63,0.155196751,21
8057,118,63,0.05745832,21
8058,119,63,-0.105074749,21
8059,120,63,-0.019012831,21
8060,121,63,0.293279112,20
8061,122,63,0.348428486,20
8062,123,63,0.204421771,20
8063,124,63,0.135825277,20
8064,125,63,0.198143656,20
8065,0,64,0.096100439,17
8066,1,64,-0.02953442,17
8067,2,64,0.067240971,17
8068,3,64,0.174068799,17
8069,4,64,-0.089983748,17
8070,5,64,-0.150201767,17
8071,6,64,0.060863809,17
8072,7,64,0.045026401,17
8073,8,64,0.010846684,17
8074,9,64,0.11396251,17
8075,10,64,0.060927884,17
8076,11,64,-0.163323491,17
8077,12,64,0.150268891,17
8078,13,64,-0.042775134,17
8079,14,64,0.103775842,17
8080,15,64,0.063513028,17
8081,16,64,-0.165062685,17
8082,17,64,-0.061822589,17
8083,18,64,0.179854319,17
8084,19,64,0.134896083,17
8085,20,64,0.142551988,17
8086,21,64,0.045262618,17
8087,22,64,0.128001872,17
8088,23,64,-0.017495262,17
8089,24,64,-0.0048865,17
8090,25,64,0.085610731,17
8091,26,64,0.059489808,17
8092,27,64,-0.065336051,17
8093,28,64,-0.105804714,17
8094,29,64,0.048941987,17
8095,30,64,0.060434756,17
8096,31,64,0.158236477,17
8097,32,64,0.265674496,17
8098,33,64,0.284632663,17
8099,34,64,0.11741498,17
8100,35,64,0.23249661,17
8101,36,64,-4.44E-05,17
8102,37,64,0.105466507,17
8103,38,64,0.09035259,17
8104,39,64,0.162740926,17
8105,40,64,0.116201259,17
8106,41,64,0.138318705,17
8107,42,64,0.062759977,17
8108,43,64,0.0511087,17
8109,44,64,0.022191393,17
8110,45,64,-0.129904909,17
8111,46,64,0.017466001,17
8112,47,64,0.123277229,17
8113,48,64,0.063089326,17
8114,49,64,0.188922054,17
8115,50,64,0.215819842,17
8116,51,64,0.070407086,18
8117,52,64,-0.009447374,18
8118,53,64,-0.271671611,18
8119,54,64,-0.002757488,18
8120,55,64,-0.11099972,18
8121,56,64,-0.143190607,18
8122,57,64,-0.184892018,18
8123,58,64,-0.238535411,18
8124,59,64,-0.229803305,18
8125,60,64,-0.068598157,18
8126,61,64,-0.098204428,18
8127,62,64,-0.151386046,18
8128,63,64,-0.26717638,18
8129,64,64,0.056930695,18
8130,65,64,-0.091981348,18
8131,66,64,-0.023131518,18
8132,67,64,-0.264318125,18
8133,68,64,-0.037622981,18
8134,69,64,0.03548942,18
8135,70,64,-0.30061198,18
8136,71,64,0.015535621,19
8137,72,64,0.101682267,19
8138,73,64,0.098450836,19
8139,74,64,0.18422063,19
8140,75,64,0.256098172,19
8141,76,64,-0.116925858,19
8142,77,64,-0.118940404,19
8143,78,64,0.088183629,19
8144,79,64,-0.028143771,19
8145,80,64,0.102001413,19
8146,81,64,0.182786324,19
8147,82,64,0.045261678,19
8148,83,64,0.142739894,19
8149,84,64,0.138088656,19
8150,85,64,0.056400034,19
8151,86,64,-0.217875738,19
8152,87,64,-0.0661505,19
8153,88,64,0.013777726,19
8154,89,64,0.203705464,19
8155,90,64,0.040638227,19
8156,91,64,0.125387046,19
8157,92,64,0.301473632,19
8158,93,64,0.555525973,19
8159,94,64,-0.224127181,15
8160,95,64,-0.286272405,15
8161,96,64,-0.381530328,15
8162,97,64,-0.409476348,15
8163,98,64,-0.006048855,15
8164,99,64,-0.112491431,12
8165,100,64,-0.017456703,12
8166,101,64,-0.095931156,12
8167,102,64,-0.380521188,12
8168,103,64,-0.079538864,12
8169,104,64,-0.179568967,12
8170,105,64,-0.008911796,12
8171,106,64,-0.18305961,12
8172,107,64,-0.207504359,12
8173,108,64,-0.216731886,12
8174,109,64,-0.245111943,12
8175,110,64,-0.239910457,12
8176,111,64,-0.361917075,12
8177,112,64,-0.353680451,12
8178,113,64,-0.118929467,12
8179,114,64,-0.385947861,12
8180,115,64,0.508338592,21
8181,116,64,0.323413483,21
8182,117,64,0.014818016,21
8183,118,64,0.060599449,21
8184,119,64,-0.114593623,21
8185,120,64,0.057304933,20
8186,121,64,0.254105727,20
8187,122,64,0.136270166,20
8188,123,64,0.262210098,20
8189,124,64,0.225116082,20
8190,125,64,0.287354841,20
8191,0,65,0.409127313,22
8192,1,65,-0.019779628,17
8193,2,65,-0.049420735,17
8194,3,65,0.157597788,17
8195,4,65,0.156517633,17
8196,5,65,0.111943718,17
8197,6,65,-0.137165753,17
8198,7,65,0.094118268,17
8199,8,65,0.104754519,17
8200,9,65,0.116290335,17
8201,10,65,-0.003470996,17
8202,11,65,0.021685736,17
8203,12,65,0.141387764,17
8204,13,65,-0.055884524,17
8205,14,65,0.043714921,17
8206,15,65,0.080093359,17
8207,16,65,-0.038372422,17
8208,17,65,0.012920817,17
8209,18,65,0.133903887,17
8210,19,65,0.042408487,17
8211,20,65,0.17136761,17
8212,21,65,-0.003828029,17
8213,22,65,-0.104283617,17
8214,23,65,0.026053569,17
8215,24,65,-0.007600035,17
8216,25,65,0.21250009,17
8217,26,65,0.171193375,17
8218,27,65,-0.274580775,17
8219,28,65,0.108465422,17
8220,29,65,0.019204882,17
8221,30,65,0.178747958,17
8222,31,65,0.082082939,17
8223,32,65,0.027000043,17
8224,33,65,0.103143412,17
8225,34,65,0.027512127,17
8226,35,65,0.093730771,17
8227,36,65,-0.006751059,17
8228,37,65,0.287633676,17
8229,38,65,-0.120047571,17
8230,39,65,0.101520381,17
8231,40,65,0.243656097,17
8232,41,65,0.055023187,17
8233,42,65,0.036672197,17
8234,43,65,0.024775255,17
8235,44,65,-0.161938404,17
8236,45,65,0.022787559,17
8237,46,65,0.080399127,17
8238,47,65,0.172670801,17
8239,48,65,0.270006023,17
8240,49,65,0.026988575,17
8241,50,65,0.080544171,17
8242,51,65,-0.020475231,18
8243,52,65,-0.072252594,18
8244,53,65,-0.229359325,18
8245,54,65,-0.082952825,18
8246,55,65,-0.14422575,18
8247,56,65,-0.089669909,18
8248,57,65,-0.056682903,18
8249,58,65,-0.02127105,18
8250,59,65,-0.206963846,18
8251,60,65,-0.091147488,18
8252,61,65,-0.251661336,18
8253,62,65,-0.239493703,18
8254,63,65,-0.059602979,18
8255,64,65,-0.049381502,18
8256,65,65,-0.062747594,18
8257,66,65,-0.094834821,18
8258,67,65,-0.066685199,18
8259,68,65,-0.171370944,18
8260,69,65,0.043620666,18
8261,70,65,0.088040783,19
8262,71,65,0.144478993,19
8263,72,65,0.246912633,19
8264,73,65,0.175824172,19
8265,74,65,0.248882924,19
8266,75,65,0.022911463,19
8267,76,65,0.071944155,19
8268,77,65,-0.099315553,19
8269,78,65,0.267248771,19
8270,79,65,0.163139891,19
8271,80,65,0.201982377,19
8272,81,65,-0.151426685,19
8273,82,65,0.287893522,19
8274,83,65,0.08372029,19
8275,84,65,0.081035216,19
8276,85,65,0.290976909,19
8277,86,65,0.120014363,19
8278,87,65,0.106048958,19
8279,88,65,0.149577018,19
8280,89,65,0.316643034,19
8281,90,65,0.234566925,19
8282,91,65,0.335068481,19
8283,92,65,0.179779354,19
8284,93,65,0.59582039,19
8285,94,65,-0.217107586,15
8286,95,65,-0.374106219,15
8287,96,65,-0.358203357,15
8288,97,65,-0.249976888,15
8289,98,65,-0.104726744,15
8290,99,65,-0.217144487,12
8291,100,65,-0.059587961,12
8292,101,65,-0.176629822,12
8293,102,65,-0.087763219,12
8294,103,65,0.024859714,12
8295,104,65,-0.287970211,12
8296,105,65,-0.265328913,12
8297,106,65,-0.089394876,12
8298,107,65,-0.359168939,12
8299,108,65,-0.131684738,12
8300,109,65,-0.409010605,12
8301,110,65,-0.371942032,12
8302,111,65,-0.328276773,12
8303,112,65,0.021131844,12
8304,113,65,-0.266995401,12
8305,114,65,0.258215718,21
8306,115,65,0.067771085,21
8307,116,65,0.2522121,21
8308,117,65,0.000586465,21
8309,118,65,-0.116958374,21
8310,119,65,0.232009374,21
8311,120,65,0.356652424,20
8312,121,65,0.306989107,20
8313,122,65,0.28488924,20
8314,123,65,0.204736011,20
8315,124,65,0.235879316,20
8316,125,65,0.314263052,20
8317,0,66,0.180395457,22
8318,1,66,0.518335688,22
8319,2,66,-0.066390837,17
8320,3,66,0.169992222,17
8321,4,66,0.061812295,17
8322,5,66,0.100246365,17
8323,6,66,-0.071042879,17
8324,7,66,0.195874003,17
8325,8,66,0.055528387,17
8326,9,66,0.114265138,17
8327,10,66,0.063603307,17
8328,11,66,-0.032816989,17
8329,12,66,0.100817167,17
8330,13,66,0.107317962,17
8331,14,66,0.059770876,17
8332,15,66,0.113877633,17
8333,16,66,-0.007057337,17
8334,17,66,0.165313688,17
8335,18,66,-0.066463808,17
8336,19,66,0.15611043,17
8337,20,66,0.221189426,17
8338,21,66,0.049900052,17
8339,22,66,0.031564639,17
8340,23,66,0.132474997,17
8341,24,66,0.069655993,17
8342,25,66,0.15176811,17
8343,26,66,0.10001982,17
8344,27,66,-0.043496476,17
8345,28,66,0.150749613,17
8346,29,66,0.035585226,17
8347,30,66,-0.052405378,17
8348,31,66,0.131067273,17
8349,32,66,0.13342051,17
8350,33,66,0.234044309,17
8351,34,66,-0.091440932,17
8352,35,66,0.070572592,17
8353,36,66,0.081222564,17
8354,37,66,0.045970738,17
8355,38,66,0.192384899,17
8356,39,66,0.067455006,17
8357,40,66,-0.050357017,17
8358,41,66,0.100959518,17
8359,42,66,0.005295229,17
8360,43,66,-0.113045666,17
8361,44,66,-0.22626334,17
8362,45,66,-0.106998729,17
8363,46,66,-0.015387333,17
8364,47,66,0.082764197,17
8365,48,66,0.043480484,17
8366,49,66,-0.025869927,17
8367,50,66,0.249682331,17
8368,51,66,-0.058243796,18
8369,52,66,-0.077707192,18
8370,53,66,0.047936351,18
8371,54,66,-0.056573174,18
8372,55,66,-0.032121879,18
8373,56,66,-0.15651525,18
8374,57,66,0.031116973,18
8375,58,66,-0.013151974,18
8376,59,66,-0.170655844,18
8377,60,66,-0.08507793,18
8378,61,66,-0.046596301,18
8379,62,66,-0.206159872,18
8380,63,66,0,18
8381,64,66,-0.134518692,18
8382,65,66,-0.02328787,18
8383,66,66,-0.101191539,18
8384,67,66,-0.018539156,18
8385,68,66,-0.145373141,18
8386,69,66,0.281916966,19
8387,70,66,-0.02972966,19
8388,71,66,0.127336403,19
8389,72,66,0.168452914,19
8390,73,66,0.093917215,19
8391,74,66,0.059494493,19
8392,75,66,-0.105080009,19
8393,76,66,0.11341428,19
8394,77,66,0.128025579,19
8395,78,66,0.204573874,19
8396,79,66,0.11280749,19
8397,80,66,0.297693231,19
8398,81,66,-0.04145083,19
8399,82,66,0.081759368,19
8400,83,66,0.315815811,19
8401,84,66,0.170907509,19
8402,85,66,0.089293575,19
8403,86,66,0.018045524,19
8404,87,66,0.010967646,19
8405,88,66,0.100162201,19
8406,89,66,0.120813732,19
8407,90,66,0.19826591,19
8408,91,66,0.197092595,19
8409,92,66,0.353704328,19
8410,93,66,0.412078083,19
8411,94,66,-0.373015025,15
8412,95,66,-0.390778701,15
8413,96,66,-0.216480431,15
8414,97,66,-0.481369472,15
8415,98,66,0,15
8416,99,66,-0.063648758,12
8417,100,66,-0.075837233,12
8418,101,66,-0.106424377,12
8419,102,66,-0.252035585,12
8420,103,66,-0.026543503,12
8421,104,66,-0.31444787,12
8422,105,66,-0.075879458,12
8423,106,66,-0.310101746,12
8424,107,66,-0.428294262,12
8425,108,66,-0.430659232,12
8426,109,66,-0.127875439,12
8427,110,66,-0.413795861,12
8428,111,66,-0.402725555,12
8429,112,66,-0.182374834,12
8430,113,66,0.346526461,21
8431,114,66,0.254844695,21
8432,115,66,0.175847628,21
8433,116,66,0.193724873,21
8434,117,66,0.073417439,21
8435,118,66,0.024996802,21
8436,119,66,0.243262354,20
8437,120,66,0.185852323,20
8438,121,66,0.144898067,20
8439,122,66,0.162618825,20
8440,123,66,0.330908142,20
8441,124,66,0.239494904,20
8442,125,66,0.115302782,20
8443,0,67,0.086961017,22
8444,1,67,0.102105826,22
8445,2,67,0.493594085,22
8446,3,67,0.016596356,22
8447,4,67,0.505378909,17
8448,5,67,0.129812504,17
8449,6,67,0.108461601,17
8450,7,67,-0.029389198,17
8451,8,67,-0.053371035,17
8452,9,67,0.016884688,17
8453,10,67,0.106098285,17
8454,11,67,0.117248271,17
8455,12,67,0.174041229,17
8456,13,67,0.055634808,17
8457,14,67,0.072616949,17
8458,15,67,0.073628969,17
8459,16,67,0.009165226,17
8460,17,67,0.181341884,17
8461,18,67,0.074889775,17
8462,19,67,-0.032225097,17
8463,20,67,-0.036976489,17
8464,21,67,-0.036272307,17
8465,22,67,0.119371383,17
8466,23,67,0.136420274,17
8467,24,67,0.148260058,17
8468,25,67,-0.021009875,17
8469,26,67,-0.121381928,17
8470,27,67,0.000646965,17
8471,28,67,0.054366714,17
8472,29,67,0.101230479,17
8473,30,67,0.141896798,17
8474,31,67,-0.005957025,17
8475,32,67,0.059007164,17
8476,33,67,0.10502037,17
8477,34,67,-0.054905508,17
8478,35,67,-0.052761711,17
8479,36,67,0.066203884,17
8480,37,67,0.140987476,17
8481,38,67,0.165569622,17
8482,39,67,0.051751131,17
8483,40,67,0.053431765,17
8484,41,67,0.152447445,17
8485,42,67,0.048458266,17
8486,43,67,-0.060783264,17
8487,44,67,-0.065300106,17
8488,45,67,0.158404022,17
8489,46,67,0.117028886,17
8490,47,67,0.078165,17
8491,48,67,0.137679364,17
8492,49,67,0.096467709,17
8493,50,67,0.299228668,17
8494,51,67,-0.190990946,18
8495,52,67,-0.134240298,18
8496,53,67,0.027150818,18
8497,54,67,-0.11529572,18
8498,55,67,-0.137055286,18
8499,56,67,0.030977105,18
8500,57,67,-0.115024795,18
8501,58,67,-0.119639153,18
8502,59,67,0.04267493,18
8503,60,67,-0.092452165,18
8504,61,67,0.054139538,18
8505,62,67,-0.045160124,18
8506,63,67,0.032690149,18
8507,64,67,-0.020474422,18
8508,65,67,-0.150484962,18
8509,66,67,-0.007322956,18
8510,67,67,-0.019749425,18
8511,68,67,-0.256051465,18
8512,69,67,0.032118416,19
8513,70,67,0.164123522,19
8514,71,67,-0.025421144,19
8515,72,67,-0.056866578,19
8516,73,67,0.037173051,19
8517,74,67,0.304688126,19
8518,75,67,0.036396784,19
8519,76,67,0.179234214,19
8520,77,67,-0.014882347,19
8521,78,67,0.195759451,19
8522,79,67,0.258166968,19
8523,80,67,0.172983653,19
8524,81,67,0.154769609,19
8525,82,67,-0.064630901,19
8526,83,67,0.040856452,19
8527,84,67,0.106328878,19
8528,85,67,0.027941065,19
8529,86,67,0.028941947,19
8530,87,67,-0.115461315,19
8531,88,67,-0.023105156,19
8532,89,67,-0.042254176,19
8533,90,67,0.01781154,19
8534,91,67,0.281771081,19
8535,92,67,0.216517495,19
8536,93,67,0.438117613,19
8537,94,67,-0.66576701,15
8538,95,67,-0.331257406,15
8539,96,67,-0.279992142,15
8540,97,67,-0.221945898,15
8541,98,67,0.143843507,15
8542,99,67,-0.077186848,12
8543,100,67,-0.152100858,12
8544,101,67,-0.232992566,12
8545,102,67,-0.180440305,12
8546,103,67,-0.052312034,12
8547,104,67,-0.315605347,12
8548,105,67,-0.322660576,12
8549,106,67,-0.261948044,12
8550,107,67,-0.381816431,12
8551,108,67,-0.23947826,12
8552,109,67,-0.172594498,12
8553,110,67,-0.288288686,12
8554,111,67,-0.186392307,12
8555,112,67,0.602040331,21
8556,113,67,0.102994708,21
8557,114,67,0.000752264,21
8558,115,67,0.127593051,21
8559,116,67,-0.051066397,21
8560,117,67,0.155773277,21
8561,118,67,0.323965125,21
8562,119,67,0.511749834,20
8563,120,67,0.324150361,20
8564,121,67,0.282761438,20
8565,122,67,0.054997262,20
8566,123,67,0.273668947,20
8567,124,67,0.145832353,20
8568,125,67,0.337565151,20
8569,0,68,0.01091088,22
8570,1,68,-0.182379772,22
8571,2,68,-0.019661668,22
8572,3,68,0.028636111,22
8573,4,68,0.525737522,22
8574,5,68,0.134558587,22
8575,6,68,0.098358405,17
8576,7,68,0.074775302,17
8577,8,68,0.148804156,17
8578,9,68,0.145013582,17
8579,10,68,0.009706413,17
8580,11,68,0.09104588,17
8581,12,68,0.040173433,17
8582,13,68,-0.014923394,17
8583,14,68,-0.034823191,17
8584,15,68,0.044674893,17
8585,16,68,-0.015447648,17
8586,17,68,0.188436315,17
8587,18,68,-0.091734985,17
8588,19,68,-0.065358332,17
8589,20,68,-0.096027417,17
8590,21,68,0.176802996,17
8591,22,68,0.127550784,17
8592,23,68,0.033357828,17
8593,24,68,0.051724533,17
8594,25,68,0.040830233,17
8595,26,68,-0.094365714,17
8596,27,68,-0.087917755,17
8597,28,68,0.053454221,17
8598,29,68,0.083348078,17
8599,30,68,0.173090538,17
8600,31,68,-0.225537311,17
8601,32,68,0.066164657,17
8602,33,68,0.004679679,17
8603,34,68,0.097531325,17
8604,35,68,0.110874464,17
8605,36,68,-0.16124732,17
8606,37,68,-0.041247826,17
8607,38,68,0.053644896,17
8608,39,68,0.062361025,17
8609,40,68,-0.046881325,17
8610,41,68,0.129124137,17
8611,42,68,0.08214742,17
8612,43,68,0.172779176,17
8613,44,68,0.120748205,17
8614,45,68,0.084762267,17
8615,46,68,0.009595164,17
8616,47,68,0.069026018,17
8617,48,68,-0.027392728,17
8618,49,68,0.012483078,17
8619,50,68,-0.244886848,18
8620,51,68,-0.174019468,18
8621,52,68,-0.134863981,18
8622,53,68,-0.099906672,18
8623,54,68,-0.040375571,18
8624,55,68,-0.071068994,18
8625,56,68,-0.014867933,18
8626,57,68,-0.123965717,18
8627,58,68,0.042337209,18
8628,59,68,-0.150790546,18
8629,60,68,-0.164490868,18
8630,61,68,-0.062727309,18
8631,62,68,-0.091579989,18
8632,63,68,-0.089529628,18
8633,64,68,-0.189768659,18
8634,65,68,-0.145895191,18
8635,66,68,-0.164574627,18
8636,67,68,-0.211145243,18
8637,68,68,0.184376614,19
8638,69,68,0.108703147,19
8639,70,68,0.237191356,19
8640,71,68,0.17814279,19
8641,72,68,0.049092779,19
8642,73,68,0.021949486,19
8643,74,68,0.106268756,19
8644,75,68,0.042091132,19
8645,76,68,0.199901747,19
8646,77,68,0.229772174,19
8647,78,68,-0.062188818,19
8648,79,68,0.160749706,19
8649,80,68,0.104273408,19
8650,81,68,0.079457553,19
8651,82,68,0.213602173,19
8652,83,68,-0.010326581,19
8653,84,68,0.231645178,19
8654,85,68,0.156831684,19
8655,86,68,0.153973996,19
8656,87,68,0.124788334,19
8657,88,68,0.18885258,19
8658,89,68,0.23999146,19
8659,90,68,0.205627823,19
8660,91,68,0.218020096,19
8661,92,68,-0.012763897,19
8662,93,68,0.453123311,19
8663,94,68,-0.171716571,15
8664,95,68,-0.320409031,15
8665,96,68,-0.305816814,15
8666,97,68,-0.197062676,15
8667,98,68,0.164051297,15
8668,99,68,-0.21024345,12
8669,100,68,-0.018174733,12
8670,101,68,0.027917323,12
8671,102,68,-0.432619343,12
8672,103,68,-0.409632255,12
8673,104,68,-0.252821839,12
8674,105,68,-0.174912894,12
8675,106,68,-0.02474952,12
8676,107,68,-0.257828914,12
8677,108,68,-0.312823019,12
8678,109,68,-0.207126908,12
8679,110,68,-0.213160917,12
8680,111,68,0.498274203,21
8681,112,68,0.299052267,21
8682,113,68,0.018464393,21
8683,114,68,-0.035962054,21
8684,115,68,0.062140266,21
8685,116,68,-0.129891898,21
8686,117,68,-0.002937216,21
8687,118,68,0.326714484,20
8688,119,68,0.205430641,20
8689,120,68,0.150053592,20
8690,121,68,0.255640248,20
8691,122,68,0.080779605,20
8692,123,68,0.249273874,20
8693,124,68,0.115374688,20
8694,125,68,0.223986083,20
8695,0,69,0.076025613,22
8696,1,69,0.033676188,22
8697,2,69,-0.134579504,22
8698,3,69,0.022282298,22
8699,4,69,0.026355289,22
8700,5,69,0.079082706,22
8701,6,69,0.210921854,22
8702,7,69,0.671483008,23
8703,8,69,0,NaN
8704,9,69,-0.001750078,17
8705,10,69,0.231591497,17
8706,11,69,-0.026740839,17
8707,12,69,0.099793878,17
8708,13,69,0.05847138,17
8709,14,69,0.012330157,17
8710,15,69,0.408210005,17
8711,16,69,-0.007742989,17
8712,17,69,0.006864075,17
8713,18,69,0.037139158,17
8714,19,69,0.109715287,17
8715,20,69,-0.076200024,17
8716,21,69,0.097756245,17
8717,22,69,0.012959853,17
8718,23,69,0.136356062,17
8719,24,69,0.151923178,17
8720,25,69,0.185430237,17
8721,26,69,0.009936609,17
8722,27,69,-0.108002575,17
8723,28,69,0.10607346,17
8724,29,69,0.096856238,17
8725,30,69,0.22489175,17
8726,31,69,0.042604592,17
8727,32,69,0.087997867,17
8728,33,69,-0.061231443,17
8729,34,69,0.152254592,17
8730,35,69,-0.061855443,17
8731,36,69,-0.028390817,17
8732,37,69,0.072447933,17
8733,38,69,0.06632281,17
8734,39,69,0.190617774,17
8735,40,69,0.050633346,17
8736,41,69,0.07115672,17
8737,42,69,0.173221369,17
8738,43,69,0.221102042,17
8739,44,69,0.089288953,17
8740,45,69,0.021229519,17
8741,46,69,0.144677911,17
8742,47,69,-0.110841602,17
8743,48,69,0.026419042,17
8744,49,69,0.15550735,17
8745,50,69,0.119212198,18
8746,51,69,-0.120578447,18
8747,52,69,-0.175962024,18
8748,53,69,-0.056335682,18
8749,54,69,-0.046257035,18
8750,55,69,-0.127561722,18
8751,56,69,-0.075484458,18
8752,57,69,-0.165795324,18
8753,58,69,-0.128826286,18
8754,59,69,-0.232992677,18
8755,60,69,-0.063535604,18
8756,61,69,-0.08662082,18
8757,62,69,-0.107836235,18
8758,63,69,-0.170925649,18
8759,64,69,-0.104675815,18
8760,65,69,-0.134473082,18
8761,66,69,-0.11858474,18
8762,67,69,-0.054109354,19
8763,68,69,0.245881941,19
8764,69,69,0.172062641,19
8765,70,69,0.044410574,19
8766,71,69,0.032675609,19
8767,72,69,0.164948439,19
8768,73,69,-0.016664777,19
8769,74,69,0.13562826,19
8770,75,69,0.05967517,19
8771,76,69,0.160536299,19
8772,77,69,-0.026133767,19
8773,78,69,0.052371263,19
8774,79,69,0.147341165,19
8775,80,69,0,19
8776,81,69,0.221412943,19
8777,82,69,0.076665105,19
8778,83,69,-0.126707257,19
8779,84,69,0.08047182,19
8780,85,69,0.015117212,19
8781,86,69,0.149357632,19
8782,87,69,0.118261895,19
8783,88,69,0.210750818,19
8784,89,69,0.022423598,19
8785,90,69,0.175931164,19
8786,91,69,-0.124956391,19
8787,92,69,-0.111348456,19
8788,93,69,-0.172736928,19
8789,94,69,0.681184987,20
8790,95,69,0.548991628,20
8791,96,69,0.603656581,20
8792,97,69,-0.422409559,15
8793,98,69,0.146193775,15
8794,99,69,-0.024435171,12
8795,100,69,-0.44861555,12
8796,101,69,-0.227518163,12
8797,102,69,-0.426930322,12
8798,103,69,-0.13511077,12
8799,104,69,-0.244146202,12
8800,105,69,-0.194364225,12
8801,106,69,-0.083441009,12
8802,107,69,-0.505436442,12
8803,108,69,-0.150637488,12
8804,109,69,0.05918198,12
8805,110,69,0.183569663,21
8806,111,69,0.011332404,21
8807,112,69,0.007300225,21
8808,113,69,-0.047408381,21
8809,114,69,0.050644414,21
8810,115,69,0.024400049,21
8811,116,69,-0.012981655,21
8812,117,69,0.284910388,21
8813,118,69,0.259184684,20
8814,119,69,0.333278788,20
8815,120,69,0.144533071,20
8816,121,69,0.083799556,20
8817,122,69,0.176892379,20
8818,123,69,0.347711883,20
8819,124,69,0.201670786,20
8820,125,69,0.235006525,20
8821,0,70,0.283062662,22
8822,1,70,0.157109008,22
8823,2,70,0.121377774,22
8824,3,70,0.260956455,22
8825,4,70,0.26873141,22
8826,5,70,0.049757947,22
8827,6,70,0.26070033,22
8828,7,70,0.135219345,23
8829,8,70,0.632512446,23
8830,9,70,0.1513846,24
8831,10,70,0.304729282,24
8832,11,70,0.10179166,24
8833,12,70,0.185487345,24
8834,13,70,0.088443214,24
8835,14,70,0.193261958,17
8836,15,70,0.15199307,17
8837,16,70,0.075990115,17
8838,17,70,0.035130204,17
8839,18,70,-0.031380507,17
8840,19,70,0.045234514,17
8841,20,70,0.151275927,17
8842,21,70,-0.00909792,17
8843,22,70,0.057189959,17
8844,23,70,0.064382494,17
8845,24,70,0.158523903,17
8846,25,70,0.11501396,17
8847,26,70,0.000748755,17
8848,27,70,0.145412761,17
8849,28,70,0.008311209,17
8850,29,70,0.016652091,17
8851,30,70,0.182141118,17
8852,31,70,0.149519074,17
8853,32,70,0.14870187,17
8854,33,70,0.03949921,17
8855,34,70,-0.012293965,17
8856,35,70,-0.060833844,17
8857,36,70,0.109920108,17
8858,37,70,0.095855676,17
8859,38,70,0.057694229,17
8860,39,70,0.149536045,17
8861,40,70,0.056945965,17
8862,41,70,0.099036206,17
8863,42,70,0.289236562,17
8864,43,70,0.137225282,17
8865,44,70,-0.051330495,17
8866,45,70,0.198424402,17
8867,46,70,0.043760499,17
8868,47,70,0.06210035,17
8869,48,70,0.045383777,17
8870,49,70,0.303493643,17
8871,50,70,0.059436788,18
8872,51,70,-0.150084136,18
8873,52,70,-0.151995147,18
8874,53,70,-0.065534491,18
8875,54,70,-0.168506302,18
8876,55,70,-0.003496941,18
8877,56,70,-0.076274021,18
8878,57,70,-0.081258965,18
8879,58,70,-0.148636728,18
8880,59,70,-0.09479688,18
8881,60,70,-0.085528577,18
8882,61,70,-0.154593989,18
8883,62,70,-0.054386263,18
8884,63,70,-0.009267405,18
8885,64,70,0.074882047,18
8886,65,70,-0.05348571,18
8887,66,70,0.199040761,19
8888,67,70,0.087254766,19
8889,68,70,0.145056019,19
8890,69,70,0.175311398,19
8891,70,70,0.104524096,19
8892,71,70,0.163230066,19
8893,72,70,0.29435987,19
8894,73,70,0.254224366,19
8895,74,70,0.159345154,19
8896,75,70,0.191370569,19
8897,76,70,0.193825162,19
8898,77,70,0.186867381,19
8899,78,70,0.185720183,19
8900,79,70,0.126587065,19
8901,80,70,0.062315748,19
8902,81,70,0.207951015,19
8903,82,70,0.029825824,19
8904,83,70,0.198603753,19
8905,84,70,0.242966403,19
8906,85,70,0.190249599,19
8907,86,70,0.222259113,19
8908,87,70,0.029484851,19
8909,88,70,0.087078912,19
8910,89,70,0.112707798,19
8911,90,70,0.135908762,19
8912,91,70,-0.310248995,19
8913,92,70,-0.125683462,19
8914,93,70,0.610573688,20
8915,94,70,0.26158716,20
8916,95,70,0.200184854,20
8917,96,70,0.152470164,20
8918,97,70,-0.028171183,20
8919,98,70,0.123534304,15
8920,99,70,-0.416004379,12
8921,100,70,-0.418205926,12
8922,101,70,-0.180998531,12
8923,102,70,-0.109009177,12
8924,103,70,-0.168262155,12
8925,104,70,-0.158124819,12
8926,105,70,-0.093427809,12
8927,106,70,-0.256790351,12
8928,107,70,-0.077345577,12
8929,108,70,-0.189104119,12
8930,109,70,0.094732632,21
8931,110,70,0.016515306,21
8932,111,70,0.152246294,21
8933,112,70,0.083075986,21
8934,113,70,0.080712066,21
8935,114,70,0.05149607,21
8936,115,70,0.111837759,21
8937,116,70,0.113426493,21
8938,117,70,0.413299105,20
8939,118,70,0.262432566,20
8940,119,70,0.185772497,20
8941,120,70,0.202947933,20
8942,121,70,0.296817499,20
8943,122,70,0.245498424,20
8944,123,70,0.155259467,20
8945,124,70,0.21869714,20
8946,125,70,0.149921357,20
8947,0,71,0.075851807,22
8948,1,71,0.084070113,22
8949,2,71,0.167579507,22
8950,3,71,0.088070639,22
8951,4,71,0.17302569,22
8952,5,71,0.118575749,22
8953,6,71,0.124294844,22
8954,7,71,0.118496857,22
8955,8,71,0.081137839,23
8956,9,71,0.490845566,23
8957,10,71,0.016592615,24
8958,11,71,-0.13349316,24
8959,12,71,-0.463252964,24
8960,13,71,-0.036566487,24
8961,14,71,0.100929737,24
8962,15,71,0.1728579,24
8963,16,71,0.12438643,24
8964,17,71,0.103902056,24
8965,18,71,0.062365654,17
8966,19,71,0.030538138,17
8967,20,71,0.112537086,17
8968,21,71,0.089681212,17
8969,22,71,0.14873997,17
8970,23,71,0.078373256,17
8971,24,71,0.102980337,17
8972,25,71,0.154544816,17
8973,26,71,0.038661436,17
8974,27,71,0.027634211,17
8975,28,71,-0.055291649,17
8976,29,71,-0.061314064,17
8977,30,71,-0.017971725,17
8978,31,71,0.107451935,17
8979,32,71,0.174519402,17
8980,33,71,0.055921831,17
8981,34,71,0.130460395,17
8982,35,71,-0.031143575,17
8983,36,71,0.015779983,17
8984,37,71,0.124049083,17
8985,38,71,0.115134065,17
8986,39,71,0.095785247,17
8987,40,71,-0.006363036,17
8988,41,71,0.098738467,17
8989,42,71,0.043116345,17
8990,43,71,0.200452035,17
8991,44,71,0.073547686,17
8992,45,71,0.096236319,17
8993,46,71,0.285016714,17
8994,47,71,0.016456668,17
8995,48,71,0.016867649,17
8996,49,71,0.295310761,17
8997,50,71,-0.012553398,18
8998,51,71,0.02013363,18
8999,52,71,-0.068872299,18
9000,53,71,-0.091385847,18
9001,54,71,-0.007874092,18
9002,55,71,0.013671952,18
9003,56,71,-0.116023426,18
9004,57,71,-0.141661418,18
9005,58,71,0.026122833,18
9006,59,71,-0.021579539,18
9007,60,71,-0.022074985,18
9008,61,71,-0.065052734,18
9009,62,71,-0.195876084,18
9010,63,71,-0.247143068,18
9011,64,71,-0.174134341,18
9012,65,71,-0.152923245,19
9013,66,71,-0.24743948,19
9014,67,71,0.085980622,19
9015,68,71,0.062136524,19
9016,69,71,-0.022417405,19
9017,70,71,0.12033822,19
9018,71,71,0.286105,19
9019,72,71,0.137238126,19
9020,73,71,0.164751223,19
9021,74,71,0.121590346,19
9022,75,71,0.061347869,19
9023,76,71,0.200527943,19
9024,77,71,0.312431429,19
9025,78,71,0.190380425,19
9026,79,71,0.288524015,19
9027,80,71,0.112044936,19
9028,81,71,0.289563566,19
9029,82,71,0.179558977,19
9030,83,71,0.0143204,19
9031,84,71,0.090894263,19
9032,85,71,0.116544822,19
9033,86,71,0.143333281,19
9034,87,71,0.17084136,19
9035,88,71,0.129680849,19
9036,89,71,0.150546787,19
9037,90,71,0.033664043,19
9038,91,71,0.085562478,19
9039,92,71,0.135416877,19
9040,93,71,0.446557176,20
9041,94,71,0.167073611,20
9042,95,71,0.229699918,20
9043,96,71,0.247418768,20
9044,97,71,0.112740497,20
9045,98,71,0.354274382,20
9046,99,71,0.481874636,20
9047,100,71,-0.38702804,12
9048,101,71,-0.09037527,12
9049,102,71,0.123383052,12
9050,103,71,0.210332989,12
9051,104,71,-0.078388941,12
9052,105,71,-0.011886651,12
9053,106,71,-0.198228705,12
9054,107,71,-0.27273783,12
9055,108,71,0.230441294,21
9056,109,71,0.162143604,21
9057,110,71,-0.009887582,21
9058,111,71,0.072923157,21
9059,112,71,-0.031852845,21
9060,113,71,0.047749528,21
9061,114,71,0.10147031,21
9062,115,71,-0.056364544,21
9063,116,71,0.295387047,21
9064,117,71,0.455259627,20
9065,118,71,0.31383374,20
9066,119,71,0.086690944,20
9067,120,71,0.076405975,20
9068,121,71,0.269364729,20
9069,122,71,0.226532976,20
9070,123,71,0.185180259,20
9071,124,71,0.260369048,20
9072,125,71,0.119627734,20
9073,0,72,0.030818479,22
9074,1,72,0.113467007,22
9075,2,72,0.107884788,22
9076,3,72,0.126916569,22
9077,4,72,0.037668621,22
9078,5,72,0.134946121,22
9079,6,72,-0.140776471,22
9080,7,72,0.114016698,22
9081,8,72,0.033828798,22
9082,9,72,0.129991456,23
9083,10,72,0.204170317,23
9084,11,72,0.004617737,24
9085,12,72,-0.087928037,24
9086,13,72,-0.252826509,24
9087,14,72,0.073669245,24
9088,15,72,0.169646809,24
9089,16,72,0.099628003,24
9090,17,72,-0.011484047,24
9091,18,72,0.051875204,24
9092,19,72,0.089136172,24
9093,20,72,0.188460291,24
9094,21,72,0.228720689,24
9095,22,72,0.056994618,17
9096,23,72,-0.057889968,17
9097,24,72,0.071235033,17
9098,25,72,0.083835022,17
9099,26,72,0.140069509,17
9100,27,72,0.038803623,17
9101,28,72,0.150960619,17
9102,29,72,-0.347172938,17
9103,30,72,0.203695296,17
9104,31,72,0.079760303,17
9105,32,72,-0.007172158,17
9106,33,72,0.108340506,17
9107,34,72,0.05678458,17
9108,35,72,-0.033877049,17
9109,36,72,-0.23787354,17
9110,37,72,-0.013206693,17
9111,38,72,0.035802037,17
9112,39,72,0.04819062,17
9113,40,72,0.034544512,17
9114,41,72,-0.035840546,17
9115,42,72,0.25548527,17
9116,43,72,0.047104484,17
9117,44,72,-0.042252638,17
9118,45,72,0.133309575,17
9119,46,72,0.061281006,17
9120,47,72,0.088468156,17
9121,48,72,0.125690326,17
9122,49,72,0.300908424,17
9123,50,72,-0.059131987,18
9124,51,72,-0.169256664,18
9125,52,72,-0.183406929,18
9126,53,72,-0.113467822,18
9127,54,72,-0.091043884,18
9128,55,72,-0.068628009,18
9129,56,72,-0.06951521,18
9130,57,72,-0.009248438,18
9131,58,72,-0.011485514,18
9132,59,72,0.015201686,18
9133,60,72,-0.012719075,18
9134,61,72,-0.004587078,18
9135,62,72,-0.091822738,18
9136,63,72,-0.458390495,18
9137,64,72,-0.00336205,19
9138,65,72,0.2168475,19
9139,66,72,-0.060409897,19
9140,67,72,-0.100849041,19
9141,68,72,0.103953754,19
9142,69,72,0.1140271,19
9143,70,72,0.051231433,19
9144,71,72,0.144627284,19
9145,72,72,0.053768726,19
9146,73,72,0.168700682,19
9147,74,72,0.006246442,19
9148,75,72,0.010053774,19
9149,76,72,-0.102071352,19
9150,77,72,0.012713524,19
9151,78,72,0.106114956,19
9152,79,72,0.166162637,19
9153,80,72,-0.020197645,19
9154,81,72,0.1479649,19
9155,82,72,0.176675402,19
9156,83,72,0.242888931,19
9157,84,72,0.189717375,19
9158,85,72,0.063124203,19
9159,86,72,-0.1141147,19
9160,87,72,0.050392299,19
9161,88,72,0.205966491,19
9162,89,72,-0.028941821,19
9163,90,72,0.094267875,19
9164,91,72,0.267465764,19
9165,92,72,0.641286326,20
9166,93,72,0.303231068,20
9167,94,72,0.128806073,20
9168,95,72,0.179123962,20
9169,96,72,0.230950535,20
9170,97,72,0.194253225,20
9171,98,72,0.234331749,20
9172,99,72,0.182853571,20
9173,100,72,0.268157728,20
9174,101,72,0.411900065,20
9175,102,72,-0.191033073,12
9176,103,72,0.075163969,12
9177,104,72,-0.11887194,12
9178,105,72,-0.067895473,12
9179,106,72,-0.097780108,12
9180,107,72,0.246496347,21
9181,108,72,0.145124823,21
9182,109,72,-0.052605322,21
9183,110,72,-0.141814579,21
9184,111,72,-0.038442791,21
9185,112,72,-0.046019627,21
9186,113,72,-0.024428841,21
9187,114,72,0.008836682,21
9188,115,72,0.13916066,21
9189,116,72,0.339634666,20
9190,117,72,0.204368148,20
9191,118,72,0.317062174,20
9192,119,72,0.190258332,20
9193,120,72,0.078744072,20
9194,121,72,0.254516458,20
9195,122,72,0.17421039,20
9196,123,72,0.283083749,20
9197,124,72,0.112694463,20
9198,125,72,0.263165602,20
9199,0,73,-0.07247023,22
9200,1,73,0.126557952,22
9201,2,73,-0.014842673,22
9202,3,73,0.138682893,22
9203,4,73,0.018677828,22
9204,5,73,0.004831848,22
9205,6,73,0.124985423,22
9206,7,73,0.139078189,22
9207,8,73,-0.024359877,22
9208,9,73,0.098013769,22
9209,10,73,0.027519822,23
9210,11,73,0.306536965,23
9211,12,73,-0.310784443,24
9212,13,73,0,NaN
9213,14,73,-0.605040263,24
9214,15,73,-0.034780776,24
9215,16,73,-0.088937311,24
9216,17,73,-0.136542835,24
9217,18,73,0.221243074,24
9218,19,73,0.000834718,24
9219,20,73,0.055511247,24
9220,21,73,0.063932288,24
9221,22,73,0.048880083,24
9222,23,73,-0.034976843,24
9223,24,73,0.263634606,24
9224,25,73,0.219170083,24
9225,26,73,0.173662283,24
9226,27,73,0.023896881,17
9227,28,73,0.112300071,17
9228,29,73,0.01580435,17
9229,30,73,0.064250813,17
9230,31,73,-0.105869766,17
9231,32,73,0.131284305,17
9232,33,73,0.039019797,17
9233,34,73,-0.011642145,17
9234,35,73,0.080891819,17
9235,36,73,0.056314881,17
9236,37,73,0.012460408,17
9237,38,73,-0.024809997,17
9238,39,73,0.124641225,17
9239,40,73,0.022716178,17
9240,41,73,-0.036807151,17
9241,42,73,0.112223045,17
9242,43,73,0.137126631,17
9243,44,73,0.073134375,17
9244,45,73,-0.090160978,17
9245,46,73,0.059762296,17
9246,47,73,0.054314587,17
9247,48,73,0.210126438,17
9248,49,73,-0.006401981,18
9249,50,73,-0.046220163,18
9250,51,73,-0.03099748,18
9251,52,73,-0.112345032,18
9252,53,73,-0.134474654,18
9253,54,73,0.005295875,18
9254,55,73,-0.163632937,18
9255,56,73,0.077350101,18
9256,57,73,-0.066771037,18
9257,58,73,-0.047016959,18
9258,59,73,0.053450334,18
9259,60,73,-0.06956063,18
9260,61,73,-0.066709386,18
9261,62,73,0.410707317,19
9262,63,73,-0.101706015,19
9263,64,73,0.042497578,19
9264,65,73,0.229150309,19
9265,66,73,0.098670071,19
9266,67,73,0.228965496,19
9267,68,73,0.103638083,19
9268,69,73,0.106731503,19
9269,70,73,0.283644524,19
9270,71,73,0.151943524,19
9271,72,73,0.129779038,19
9272,73,73,0.044554522,19
9273,74,73,0.046572454,19
9274,75,73,0.216475317,19
9275,76,73,0.175677734,19
9276,77,73,-0.120694139,19
9277,78,73,0.031344906,19
9278,79,73,-0.003123752,19
9279,80,73,0.141052819,19
9280,81,73,0.225280163,19
9281,82,73,0.097083399,19
9282,83,73,0.360982685,19
9283,84,73,0.185266592,19
9284,85,73,0.163982838,19
9285,86,73,0.05220999,19
9286,87,73,0.030354922,19
9287,88,73,-0.052974567,19
9288,89,73,-0.019219336,19
9289,90,73,-0.026815006,19
9290,91,73,-0.031641881,19
9291,92,73,0.563417819,20
9292,93,73,0.314203907,20
9293,94,73,0.196801558,20
9294,95,73,0.236629634,20
9295,96,73,0.202685863,20
9296,97,73,0.278639298,20
9297,98,73,0.321846928,20
9298,99,73,0.131044113,20
9299,100,73,0.146448639,20
9300,101,73,0.151940781,20
9301,102,73,0.32789699,20
9302,103,73,0.042002339,12
9303,104,73,-0.158350474,12
9304,105,73,-0.137363047,12
9305,106,73,0.451416893,21
9306,107,73,0.032697168,21
9307,108,73,0.048384742,21
9308,109,73,0.077710377,21
9309,110,73,-0.123528044,21
9310,111,73,0.097752033,21
9311,112,73,0.044059751,21
9312,113,73,-0.084358932,21
9313,114,73,-0.082299795,21
9314,115,73,-0.040361863,20
9315,116,73,0.345497635,20
9316,117,73,0.253572329,20
9317,118,73,0.355993738,20
9318,119,73,0.225529555,20
9319,120,73,0.222674785,20
9320,121,73,0.32019175,20
9321,122,73,0.099317242,20
9322,123,73,0.285089008,20
9323,124,73,0.233019069,20
9324,125,73,0.29991519,20
9325,0,74,-0.102166261,22
9326,1,74,0.092173082,22
9327,2,74,-0.011609283,22
9328,3,74,-0.075392398,22
9329,4,74,0.145161057,22
9330,5,74,-0.074902341,22
9331,6,74,0.082004743,22
9332,7,74,0.222997463,22
9333,8,74,0.019943895,22
9334,9,74,0.140805305,22
9335,10,74,0.126655794,23
9336,11,74,0.212535982,23
9337,12,74,0.164214932,23
9338,13,74,-0.001029639,24
9339,14,74,-0.177153468,24
9340,15,74,-0.088219243,24
9341,16,74,-0.048488035,24
9342,17,74,0.067919025,24
9343,18,74,-0.102939432,24
9344,19,74,0.087739967,24
9345,20,74,0.096702172,24
9346,21,74,-0.17193931,24
9347,22,74,0.05963293,24
9348,23,74,0.098949251,24
9349,24,74,0.012399024,24
9350,25,74,0.03126318,24
9351,26,74,0.226238179,24
9352,27,74,-0.097580406,24
9353,28,74,0.147023594,24
9354,29,74,0.079998168,24
9355,30,74,0.149463888,24
9356,31,74,-0.246775861,17
9357,32,74,0.11687595,17
9358,33,74,0.039735915,17
9359,34,74,0.104435477,17
9360,35,74,0.099293401,17
9361,36,74,0.055425813,17
9362,37,74,0.043020358,17
9363,38,74,-0.154859087,17
9364,39,74,-0.103301977,17
9365,40,74,0.049988558,17
9366,41,74,0.236758361,17
9367,42,74,0.109050011,17
9368,43,74,0.130757595,17
9369,44,74,0.108618485,17
9370,45,74,0.023079651,17
9371,46,74,-0.04240931,17
9372,47,74,0.056706823,17
9373,48,74,0.244874785,17
9374,49,74,-0.050180366,18
9375,50,74,-0.042800882,18
9376,51,74,-0.162253335,18
9377,52,74,-0.067316819,18
9378,53,74,-0.092740544,18
9379,54,74,-0.08663356,18
9380,55,74,-0.061611792,18
9381,56,74,0.077955291,18
9382,57,74,-0.074172799,18
9383,58,74,-0.026672641,18
9384,59,74,-0.066698965,18
9385,60,74,-0.129001526,18
9386,61,74,0.421255627,19
9387,62,74,0.235040852,19
9388,63,74,0.147614365,19
9389,64,74,0.077041683,19
9390,65,74,0.293613296,19
9391,66,74,0.278995025,19
9392,67,74,0.224357263,19
9393,68,74,-0.107720995,19
9394,69,74,0.049104052,19
9395,70,74,0.298251798,19
9396,71,74,0.141239438,19
9397,72,74,0.113369052,19
9398,73,74,0.236100396,19
9399,74,74,0.146299499,19
9400,75,74,0.173262637,19
9401,76,74,0.299117692,19
9402,77,74,0.254775573,19
9403,78,74,0.217924959,19
9404,79,74,0.161757575,19
9405,80,74,0.238115828,19
9406,81,74,0.343330913,19
9407,82,74,0.27248804,19
9408,83,74,0.16160991,19
9409,84,74,0.144807698,19
9410,85,74,0.059639876,19
9411,86,74,0.062118312,19
9412,87,74,0.108736441,19
9413,88,74,-0.057503927,19
9414,89,74,0.012901583,19
9415,90,74,-0.007904482,19
9416,91,74,0.763907174,20
9417,92,74,0.313885329,20
9418,93,74,0.152661663,20
9419,94,74,0.19604074,20
9420,95,74,0.29902796,20
9421,96,74,0.092798724,20
9422,97,74,0.172521613,20
9423,98,74,0.243041279,20
9424,99,74,0.225999001,20
9425,100,74,0.194819057,20
9426,101,74,0.172487138,20
9427,102,74,0.230108526,20
9428,103,74,0.47485605,20
9429,104,74,-4.957018699,12
9430,105,74,-0.168322988,12
9431,106,74,0.077162916,21
9432,107,74,-0.084589293,21
9433,108,74,0,21
9434,109,74,0.001781619,21
9435,110,74,-0.074511752,21
9436,111,74,-0.157787778,21
9437,112,74,0.056130775,21
9438,113,74,-0.155379081,21
9439,114,74,0.067170077,21
9440,115,74,0.332891998,20
9441,116,74,0.11941355,20
9442,117,74,0.146872029,20
9443,118,74,0.180816626,20
9444,119,74,0.199849554,20
9445,120,74,0.232807821,20
9446,121,74,0.151791108,20
9447,122,74,0.327998815,20
9448,123,74,0.263802762,20
9449,124,74,0.264573197,20
9450,125,74,0.298021694,20
9451,0,75,0.133018403,22
9452,1,75,-0.193565533,22
9453,2,75,-0.119401347,22
9454,3,75,-0.042785358,22
9455,4,75,-0.045926381,22
9456,5,75,-0.012563615,22
9457,6,75,0.107496658,22
9458,7,75,0.080973361,22
9459,8,75,-0.12666785,22
9460,9,75,0.007836723,22
9461,10,75,0.329662814,22
9462,11,75,0.13548997,23
9463,12,75,0.028261281,23
9464,13,75,0.136057447,23
9465,14,75,-0.122270964,24
9466,15,75,-0.040120627,24
9467,16,75,0.149564061,24
9468,17,75,-0.270242607,24
9469,18,75,-0.620522825,24
9470,19,75,-0.161717945,24
9471,20,75,-0.134750064,24
9472,21,75,-0.194672715,24
9473,22,75,0,24
9474,23,75,0.15847775,24
9475,24,75,0.041592346,24
9476,25,75,-0.004844222,24
9477,26,75,-0.153483106,24
9478,27,75,0.008087345,24
9479,28,75,-0.029195983,24
9480,29,75,-0.051871243,24
9481,30,75,-0.000605693,24
9482,31,75,-0.118719061,24
9483,32,75,0.004044261,24
9484,33,75,-0.043428525,24
9485,34,75,0.115466331,24
9486,35,75,0.123385074,24
9487,36,75,0.1242774,17
9488,37,75,0.107869935,17
9489,38,75,-0.008229867,17
9490,39,75,-0.11882393,17
9491,40,75,-0.0354398,17
9492,41,75,0.107141735,17
9493,42,75,0.10777811,17
9494,43,75,0.069028847,17
9495,44,75,0.135523147,17
9496,45,75,0.224889038,17
9497,46,75,0.062160462,17
9498,47,75,0.115141834,17
9499,48,75,0.19734123,17
9500,49,75,-0.173572711,18
9501,50,75,-0.061735943,18
9502,51,75,-0.074303633,18
9503,52,75,-0.132484307,18
9504,53,75,-0.068525664,18
9505,54,75,-0.08018121,18
9506,55,75,0.044854228,18
9507,56,75,-0.138052326,18
9508,57,75,-0.105840727,18
9509,58,75,-0.002716169,18
9510,59,75,-0.107378941,18
9511,60,75,-0.015892417,19
9512,61,75,-0.065851381,19
9513,62,75,0.091288538,19
9514,63,75,-0.082722025,19
9515,64,75,0.008296896,19
9516,65,75,0.283550653,19
9517,66,75,0.127253173,19
9518,67,75,0.318212019,19
9519,68,75,0.199112624,19
9520,69,75,0.138804476,19
9521,70,75,0.242285792,19
9522,71,75,-0.047199879,19
9523,72,75,0.091927055,19
9524,73,75,0.296984003,19
9525,74,75,0.028560628,19
9526,75,75,0.055556059,19
9527,76,75,0.178429444,19
9528,77,75,0.234809499,19
9529,78,75,0.168933382,19
9530,79,75,0.088713346,19
9531,80,75,0.276073661,19
9532,81,75,-0.056887375,19
9533,82,75,0.244476404,19
9534,83,75,0.209511535,19
9535,84,75,0.239985146,19
9536,85,75,-0.001967698,19
9537,86,75,-0.071819381,19
9538,87,75,0.007654178,19
9539,88,75,-0.128148216,19
9540,89,75,0.243064568,19
9541,90,75,0.110194537,19
9542,91,75,0.654034687,20
9543,92,75,0.306903484,20
9544,93,75,0.167435197,20
9545,94,75,0.260376998,20
9546,95,75,0.230288425,20
9547,96,75,0.141536461,20
9548,97,75,0.133855657,20
9549,98,75,0.215317739,20
9550,99,75,0.248910069,20
9551,100,75,0.231925729,20
9552,101,75,0.095077727,20
9553,102,75,0.226044983,20
9554,103,75,0.214889417,20
9555,104,75,0.173953048,20
9556,105,75,0.348756096,20
9557,106,75,-0.063274549,21
9558,107,75,-0.14349867,21
9559,108,75,-0.019406124,21
9560,109,75,-0.0921542,21
9561,110,75,0.104297743,21
9562,111,75,0.034214588,21
9563,112,75,0.025636422,21
9564,113,75,-0.06759496,21
9565,114,75,-0.128493239,20
9566,115,75,0.266315258,20
9567,116,75,0.100352484,20
9568,117,75,0.149400327,20
9569,118,75,0.166385344,20
9570,119,75,0.286361327,20
9571,120,75,0.144400197,20
9572,121,75,0.151183095,20
9573,122,75,0.273551334,20
9574,123,75,0.11291049,20
9575,124,75,0.160541291,20
9576,125,75,0.268934011,20
9577,0,76,-0.003454351,22
9578,1,76,0.055568422,22
9579,2,76,-0.050791031,22
9580,3,76,-0.23589596,22
9581,4,76,0.089613169,22
9582,5,76,-0.01327975,22
9583,6,76,-0.047739798,22
9584,7,76,-0.017612854,22
9585,8,76,-0.068310004,22
9586,9,76,0.150660753,22
9587,10,76,0.073385237,22
9588,11,76,0.303411146,22
9589,12,76,0.203477447,23
9590,13,76,0.147685227,23
9591,14,76,0.192156511,23
9592,15,76,0.366762975,23
9593,16,76,-0.00486796,25
9594,17,76,-0.037131234,24
9595,18,76,-0.111918567,24
9596,19,76,-0.033464494,24
9597,20,76,-0.177904377,24
9598,21,76,-0.109856793,24
9599,22,76,-0.132645072,24
9600,23,76,-0.068936121,24
9601,24,76,0.154691726,24
9602,25,76,0.138486776,24
9603,26,76,0.00338372,24
9604,27,76,0.148109046,24
9605,28,76,-0.048071007,24
9606,29,76,-0.166997596,24
9607,30,76,0.186808516,24
9608,31,76,-0.08879543,24
9609,32,76,0.071970751,24
9610,33,76,0.084836715,24
9611,34,76,0.30497271,24
9612,35,76,-0.038651119,24
9613,36,76,-0.005528723,24
9614,37,76,-0.067023934,24
9615,38,76,0.121027637,24
9616,39,76,0.163989998,24
9617,40,76,-0.225413687,17
9618,41,76,-0.155575174,17
9619,42,76,-0.039954272,17
9620,43,76,-0.143730461,17
9621,44,76,0.212691222,17
9622,45,76,0.090051494,17
9623,46,76,-0.111494822,17
9624,47,76,0.043147531,17
9625,48,76,-0.007094259,18
9626,49,76,-0.067911418,18
9627,50,76,-0.003727205,18
9628,51,76,-0.024369865,18
9629,52,76,-0.144563121,18
9630,53,76,-0.086764675,18
9631,54,76,-0.131224211,18
9632,55,76,-0.04844301,18
9633,56,76,-0.100063698,18
9634,57,76,-0.052456701,18
9635,58,76,0.027014206,18
9636,59,76,0.405974432,19
9637,60,76,0.220705479,19
9638,61,76,0.139807048,19
9639,62,76,0.197661826,19
9640,63,76,0.096717576,19
9641,64,76,0.167802742,19
9642,65,76,0.23606628,19
9643,66,76,0.108598689,19
9644,67,76,0.19138367,19
9645,68,76,0.043302498,19
9646,69,76,0.072157919,19
9647,70,76,0.153905194,19
9648,71,76,0.050589993,19
9649,72,76,0.31731687,19
9650,73,76,0.025495188,19
9651,74,76,-0.024424832,19
9652,75,76,0.208282737,19
9653,76,76,0.014999109,19
9654,77,76,0.025739987,19
9655,78,76,0.291341444,19
9656,79,76,0.286330796,19
9657,80,76,0.135433131,19
9658,81,76,0.007397723,19
9659,82,76,0.009412083,19
9660,83,76,0.277044687,19
9661,84,76,0.138036632,19
9662,85,76,-0.204056473,19
9663,86,76,-0.239401436,19
9664,87,76,-0.019555957,19
9665,88,76,0.044655353,19
9666,89,76,0.171620009,19
9667,90,76,0.838899857,20
9668,91,76,0.382299616,20
9669,92,76,0.158956783,20
9670,93,76,0.345423118,20
9671,94,76,0.277909989,20
9672,95,76,0.304078994,20
9673,96,76,0.229688361,20
9674,97,76,0.096422829,20
9675,98,76,0.143801732,20
9676,99,76,0.19967978,20
9677,100,76,0.159944053,20
9678,101,76,0.187480791,20
9679,102,76,0.208873768,20
9680,103,76,0.305646336,20
9681,104,76,0.290146821,20
9682,105,76,0.043262033,21
9683,106,76,-0.123912327,21
9684,107,76,-0.127963495,21
9685,108,76,0.115911065,21
9686,109,76,-0.181890231,21
9687,110,76,0.06134381,21
9688,111,76,-0.025663092,21
9689,112,76,-0.07443002,21
9690,113,76,0.052699758,21
9691,114,76,0.220492751,20
9692,115,76,0.268319079,20
9693,116,76,0.3536327,20
9694,117,76,0.211927397,20
9695,118,76,0.292451102,20
9696,119,76,0.343953767,20
9697,120,76,0.239278956,20
9698,121,76,0.189145573,20
9699,122,76,0.163098458,20
9700,123,76,0.096917014,20
9701,124,76,0.243437421,20
9702,125,76,0.148919044,20
9703,0,77,-0.010328615,22
9704,1,77,0.049549603,22
9705,2,77,0.003520132,22
9706,3,77,0.064942421,22
9707,4,77,0.162088689,22
9708,5,77,0.109220182,22
9709,6,77,0.015889136,22
9710,7,77,0.122407167,22
9711,8,77,0.002752129,22
9712,9,77,0.134688768,22
9713,10,77,0.001659435,22
9714,11,77,0.221953679,22
9715,12,77,0.228864886,22
9716,13,77,-0.064236084,23
9717,14,77,0.051072466,23
9718,15,77,0.207838567,23
9719,16,77,0.167633459,25
9720,17,77,-0.070674192,25
9721,18,77,0.080898195,25
9722,19,77,0.053812742,25
9723,20,77,0.074919941,25
9724,21,77,-0.039636289,25
9725,22,77,0.076526711,24
9726,23,77,-0.118741357,24
9727,24,77,0.074602021,24
9728,25,77,0.030180098,24
9729,26,77,-0.057824029,24
9730,27,77,-0.017334116,24
9731,28,77,0.108866521,24
9732,29,77,-0.04406344,24
9733,30,77,0.116256468,24
9734,31,77,-0.166516131,24
9735,32,77,-0.010336614,24
9736,33,77,-0.01939579,24
9737,34,77,0.315993043,24
9738,35,77,-0.105723893,24
9739,36,77,0.002975937,24
9740,37,77,-0.023342292,24
9741,38,77,0.1342952,24
9742,39,77,0.210850941,24
9743,40,77,0.224009789,24
9744,41,77,0.079297564,24
9745,42,77,0.092927133,24
9746,43,77,0.174215109,24
9747,44,77,0.080882974,17
9748,45,77,-0.101158833,17
9749,46,77,0.112004561,17
9750,47,77,0.086793771,17
9751,48,77,0.04683761,18
9752,49,77,-0.033364651,18
9753,50,77,-0.006359762,18
9754,51,77,-0.027206586,18
9755,52,77,-0.024210639,18
9756,53,77,-0.080125958,18
9757,54,77,-0.089418686,18
9758,55,77,-0.048349477,18
9759,56,77,-0.039171542,18
9760,57,77,-0.157071837,18
9761,58,77,0.281043149,19
9762,59,77,0.168726486,19
9763,60,77,0.15400619,19
9764,61,77,0.11097923,19
9765,62,77,0.10579552,19
9766,63,77,0.127770338,19
9767,64,77,0.089891714,19
9768,65,77,0.19009329,19
9769,66,77,0.134480275,19
9770,67,77,0.343058874,19
9771,68,77,0.252051733,19
9772,69,77,0.207804997,19
9773,70,77,0.296502773,19
9774,71,77,0.240639289,19
9775,72,77,0.092064075,19
9776,73,77,0.295329239,19
9777,74,77,0.007724974,19
9778,75,77,0.151451739,19
9779,76,77,0.188790892,19
9780,77,77,-0.017979117,19
9781,78,77,0.211782892,19
9782,79,77,0.191031515,19
9783,80,77,0.207723686,19
9784,81,77,0.155681939,19
9785,82,77,-0.229316917,19
9786,83,77,-0.157716326,19
9787,84,77,-0.360180875,19
9788,85,77,0.104554786,19
9789,86,77,0.020085262,19
9790,87,77,0.276473909,19
9791,88,77,0.339975482,19
9792,89,77,0.106760314,19
9793,90,77,0.474305002,20
9794,91,77,0.304330195,20
9795,92,77,0.238175962,20
9796,93,77,0.189593247,20
9797,94,77,0.359907282,20
9798,95,77,0.235316584,20
9799,96,77,0.363685395,20
9800,97,77,0.263833897,20
9801,98,77,0.103432472,20
9802,99,77,0.188794603,20
9803,100,77,0.278717962,20
9804,101,77,0.257449163,20
9805,102,77,0.228988101,20
9806,103,77,0.111547598,20
9807,104,77,0.281502905,20
9808,105,77,0.197862954,21
9809,106,77,0.222318309,21
9810,107,77,-0.03710774,20
9811,108,77,0.099835336,21
9812,109,77,-0.274332338,21
9813,110,77,-0.069625942,21
9814,111,77,0.00474673,21
9815,112,77,-0.180248141,21
9816,113,77,0.216131561,20
9817,114,77,0.320552575,20
9818,115,77,0.184590394,20
9819,116,77,0.141708197,20
9820,117,77,0.241013115,20
9821,118,77,0.338063004,20
9822,119,77,0.155157982,20
9823,120,77,0.140486897,20
9824,121,77,0.143211553,20
9825,122,77,0.178158292,20
9826,123,77,0.264102734,20
9827,124,77,0.224376418,20
9828,125,77,0.211668626,20
9829,0,78,0.349003869,22
9830,1,78,-0.073679728,22
9831,2,78,0.041213958,22
9832,3,78,0.028963312,22
9833,4,78,-0.026965705,22
9834,5,78,0.06657216,22
9835,6,78,-0.085983379,22
9836,7,78,-0.024822004,22
9837,8,78,0.405555523,22
9838,9,78,0.160281238,22
9839,10,78,-0.043832424,22
9840,11,78,0.115400188,22
9841,12,78,0.116360256,22
9842,13,78,-0.037330082,23
9843,14,78,0.053271852,23
9844,15,78,0.179935171,23
9845,16,78,0.338299035,23
9846,17,78,0.221070354,25
9847,18,78,0.181651948,25
9848,19,78,-0.041025447,25
9849,20,78,-2.65E-05,25
9850,21,78,-0.001088528,25
9851,22,78,0.056810264,25
9852,23,78,0.006882846,25
9853,24,78,0.186814679,25
9854,25,78,-0.018535558,25
9855,26,78,0.024061315,24
9856,27,78,-0.125600355,24
9857,28,78,0.06329646,24
9858,29,78,0.077012584,24
9859,30,78,-0.112782943,24
9860,31,78,0.077148099,24
9861,32,78,0.106914752,24
9862,33,78,-0.086564435,24
9863,34,78,0.025021915,24
9864,35,78,0.085152998,24
9865,36,78,-0.19488276,24
9866,37,78,0.118122913,24
9867,38,78,0.117831678,24
9868,39,78,-0.136773782,24
9869,40,78,-0.084642713,24
9870,41,78,-0.032034297,24
9871,42,78,-0.062543828,24
9872,43,78,-0.108669041,24
9873,44,78,0.10450399,24
9874,45,78,0.073029286,24
9875,46,78,0.102204403,24
9876,47,78,0.296864028,24
9877,48,78,-0.145311845,18
9878,49,78,-0.026432832,18
9879,50,78,-0.099444119,18
9880,51,78,-0.100450267,18
9881,52,78,0.007034918,18
9882,53,78,0.006738136,18
9883,54,78,-0.104440857,18
9884,55,78,-0.154385108,18
9885,56,78,0.380007323,19
9886,57,78,0.172078645,19
9887,58,78,-0.120169877,19
9888,59,78,0.077633695,19
9889,60,78,-0.013624826,19
9890,61,78,0.111098961,19
9891,62,78,0.120995876,19
9892,63,78,0.029559934,19
9893,64,78,0.302499165,19
9894,65,78,0.066201781,19
9895,66,78,0.045438064,19
9896,67,78,0.003722599,19
9897,68,78,0.11978425,19
9898,69,78,0.190329152,19
9899,70,78,0.270092885,19
9900,71,78,0.096886754,19
9901,72,78,-0.195455454,19
9902,73,78,0.238543503,19
9903,74,78,0.197962845,19
9904,75,78,0.10029185,19
9905,76,78,0.116589235,19
9906,77,78,0.032657781,19
9907,78,78,0.142260917,19
9908,79,78,0.073273618,19
9909,80,78,-0.023263374,19
9910,81,78,-0.239739261,19
9911,82,78,0.039144408,19
9912,83,78,-0.064017754,19
9913,84,78,0.038330531,19
9914,85,78,0.168481428,19
9915,86,78,0.325161337,19
9916,87,78,0.209962021,19
9917,88,78,0.251507242,19
9918,89,78,0.765306898,20
9919,90,78,0.161013209,20
9920,91,78,0.244713107,20
9921,92,78,0.159462371,20
9922,93,78,0.31770152,20
9923,94,78,0.149419452,20
9924,95,78,0.271211272,20
9925,96,78,0.129466333,20
9926,97,78,0.276169613,20
9927,98,78,0.10886362,20
9928,99,78,0.262887155,20
9929,100,78,0.250477239,20
9930,101,78,0.135155089,20
9931,102,78,0.107089979,20
9932,103,78,0.311238127,20
9933,104,78,0.223351693,20
9934,105,78,-0.054128682,20
9935,106,78,0.237238588,20
9936,107,78,0.151805239,20
9937,108,78,0.202981584,20
9938,109,78,0.021167267,21
9939,110,78,-0.181949649,21
9940,111,78,-0.037663545,21
9941,112,78,0.014774155,21
9942,113,78,0.248864502,20
9943,114,78,0.293071215,20
9944,115,78,0.193839108,20
9945,116,78,0.16092386,20
9946,117,78,0.107393612,20
9947,118,78,0.298152718,20
9948,119,78,-0.016861228,20
9949,120,78,0.118363023,20
9950,121,78,0.086108936,20
9951,122,78,0.075014732,20
9952,123,78,0.250116532,20
9953,124,78,0.210024082,20
9954,125,78,0.179403491,20
9955,0,79,-0.078950575,22
9956,1,79,-0.001838397,22
9957,2,79,-0.012075011,22
9958,3,79,0.227503437,22
9959,4,79,-0.076070939,22
9960,5,79,0.151283666,22
9961,6,79,-0.142946216,22
9962,7,79,0.07226705,22
9963,8,79,0.0494533,22
9964,9,79,-0.020793246,22
9965,10,79,-0.166830709,22
9966,11,79,0.020181594,22
9967,12,79,-0.109224542,22
9968,13,79,0.14066869,22
9969,14,79,0.140617457,23
9970,15,79,0.179033226,23
9971,16,79,0.148124766,23
9972,17,79,0.207539067,23
9973,18,79,0.169978269,25
9974,19,79,0.05512949,25
9975,20,79,-0.086039152,25
9976,21,79,0.033935993,25
9977,22,79,0.054774678,25
9978,23,79,0.126941102,25
9979,24,79,0.000836597,25
9980,25,79,0.065607269,25
9981,26,79,-0.18438928,25
9982,27,79,0.026823211,25
9983,28,79,0.026045989,25
9984,29,79,0.027024991,25
9985,30,79,0.155485137,25
9986,31,79,0.011854718,24
9987,32,79,-0.015276235,24
9988,33,79,0.001968514,24
9989,34,79,0.03641211,24
9990,35,79,-0.017477866,24
9991,36,79,-0.019396393,24
9992,37,79,0.042603301,24
9993,38,79,-0.128710522,24
9994,39,79,0.002962372,24
9995,40,79,0.037726346,24
9996,41,79,-0.040164748,24
9997,42,79,-0.274910727,24
9998,43,79,-0.019274331,24
9999,44,79,-0.031790096,24
10000,45,79,0.162895516,24
10001,46,79,0.092268616,24
10002,47,79,0.016770711,18
10003,48,79,-0.224186179,18
10004,49,79,-0.179654194,18
10005,50,79,-0.123130539,18
10006,51,79,-0.15866354,18
10007,52,79,-0.128745106,18
10008,53,79,0.003815613,18
10009,54,79,-0.171707131,18
10010,55,79,0.161697878,19
10011,56,79,0.305085277,19
10012,57,79,0.160852641,19
10013,58,79,0.009333204,19
10014,59,79,0.005659013,19
10015,60,79,-0.03439155,19
10016,61,79,0.071583339,19
10017,62,79,0.211104363,19
10018,63,79,0.031040257,19
10019,64,79,0.138377821,19
10020,65,79,0.245598105,19
10021,66,79,0.241029063,19
10022,67,79,0.12836012,19
10023,68,79,-0.107547725,19
10024,69,79,0.199812539,19
10025,70,79,0.040382703,19
10026,71,79,-0.063134765,19
10027,72,79,0.205541157,19
10028,73,79,0.194047288,19
10029,74,79,-0.030544148,19
10030,75,79,0.062279467,19
10031,76,79,0.131148485,19
10032,77,79,-0.014642663,19
10033,78,79,-0.07326173,19
10034,79,79,0.082026433,19
10035,80,79,0.151592503,19
10036,81,79,0.274423697,19
10037,82,79,0.126257539,19
10038,83,79,0.049309023,19
10039,84,79,0.235775303,19
10040,85,79,0.178825125,19
10041,86,79,0.041346357,19
10042,87,79,0.159253763,19
10043,88,79,0.845137126,20
10044,89,79,0.481416595,20
10045,90,79,0.195913346,20
10046,91,79,0.172872086,20
10047,92,79,0.191394996,20
10048,93,79,-0.080509391,20
10049,94,79,0.166260333,20
10050,95,79,0.279021256,20
10051,96,79,0.180803502,20
10052,97,79,0.199528601,20
10053,98,79,0.142618154,20
10054,99,79,0.228304617,20
10055,100,79,0.195984907,20
10056,101,79,0.340949704,20
10057,102,79,0.27965402,20
10058,103,79,0.05611962,20
10059,104,79,0.167814456,20
10060,105,79,0.164074503,20
10061,106,79,0.187869478,20
10062,107,79,0,20
10063,108,79,0.230653118,20
10064,109,79,-0.133120135,21
10065,110,79,0.059417473,21
10066,111,79,-0.035478082,21
10067,112,79,0.055896926,20
10068,113,79,0.242302989,20
10069,114,79,0.117024875,20
10070,115,79,0.255774251,20
10071,116,79,0.302073058,20
10072,117,79,0.175019778,20
10073,118,79,0.223450806,20
10074,119,79,0.126006555,20
10075,120,79,0.159258213,20
10076,121,79,0.159408381,20
10077,122,79,0.206498237,20
10078,123,79,0.071893886,20
10079,124,79,0.305643435,20
10080,125,79,0.225671565,20
10081,0,80,0.087408696,22
10082,1,80,-0.008012739,22
10083,2,80,0.028651903,22
10084,3,80,-0.025925239,22
10085,4,80,-0.080786127,22
10086,5,80,0.037195759,22
10087,6,80,0.16786135,22
10088,7,80,-0.067091983,22
10089,8,80,-0.026606799,22
10090,9,80,0.176072469,22
10091,10,80,-0.097523133,22
10092,11,80,-0.060362773,22
10093,12,80,0.022285447,22
10094,13,80,0.099872412,22
10095,14,80,-0.096197871,22
10096,15,80,0.021666039,23
10097,16,80,0.058031297,23
10098,17,80,0,23
10099,18,80,0.236185845,23
10100,19,80,0.114669226,26
10101,20,80,0.12449073,26
10102,21,80,0.037148014,26
10103,22,80,-0.181356768,26
10104,23,80,-0.096462765,25
10105,24,80,-0.103466676,25
10106,25,80,-0.015737307,25
10107,26,80,0.115088372,25
10108,27,80,-0.024178107,25
10109,28,80,-0.003766108,25
10110,29,80,0.065093698,25
10111,30,80,0.190392004,25
10112,31,80,0.190380358,25
10113,32,80,-0.073045641,25
10114,33,80,0.034026682,25
10115,34,80,0.111923728,25
10116,35,80,-0.28209603,24
10117,36,80,-0.05200396,24
10118,37,80,0.054206287,24
10119,38,80,0.051925143,24
10120,39,80,0.092361009,24
10121,40,80,0.071812415,24
10122,41,80,-0.029960981,24
10123,42,80,-0.157483714,24
10124,43,80,0.047705835,24
10125,44,80,-0.170216334,24
10126,45,80,0.01953632,24
10127,46,80,0.014647501,18
10128,47,80,-0.157472076,18
10129,48,80,-0.124424002,18
10130,49,80,-0.033954273,18
10131,50,80,-0.172035358,18
10132,51,80,-0.12325407,18
10133,52,80,-0.228512985,18
10134,53,80,-0.032490019,18
10135,54,80,0.221460562,19
10136,55,80,0.119895162,19
10137,56,80,0.189566551,19
10138,57,80,0.116472061,19
10139,58,80,0.293205905,19
10140,59,80,0.282432656,19
10141,60,80,0.065833614,19
10142,61,80,0.198308577,19
10143,62,80,0.006865891,19
10144,63,80,0.045716819,19
10145,64,80,0.106414864,19
10146,65,80,0.087704495,19
10147,66,80,0.236884447,19
10148,67,80,-0.012373274,19
10149,68,80,0.005388002,19
10150,69,80,0.148226752,19
10151,70,80,0.019368856,19
10152,71,80,0.170316768,19
10153,72,80,0.250521129,19
10154,73,80,0.312026283,19
10155,74,80,0.107042297,19
10156,75,80,0.126471143,19
10157,76,80,-0.10826624,19
10158,77,80,-0.022828999,19
10159,78,80,-0.04521294,19
10160,79,80,0.048247052,19
10161,80,80,0.225163756,19
10162,81,80,0.004715433,19
10163,82,80,-0.1001636,19
10164,83,80,0.187154717,19
10165,84,80,0.184495778,19
10166,85,80,0.260202332,19
10167,86,80,0.141259128,19
10168,87,80,-0.354218994,19
10169,88,80,0.55555361,20
10170,89,80,0.406498912,20
10171,90,80,0.286485408,20
10172,91,80,0.13563752,20
10173,92,80,0.307473949,20
10174,93,80,0.148930154,20
10175,94,80,0.275685598,20
10176,95,80,0.353476644,20
10177,96,80,0.237517282,20
10178,97,80,0.222756238,20
10179,98,80,0.248303701,20
10180,99,80,0.214564367,20
10181,100,80,0.39267585,20
10182,101,80,0.099917999,20
10183,102,80,0.255920245,20
10184,103,80,0.1207596,20
10185,104,80,0.213470297,20
10186,105,80,0.2400766,20
10187,106,80,0.18852663,20
10188,107,80,0.178789987,20
10189,108,80,0.164291419,20
10190,109,80,0.113020077,21
10191,110,80,-0.032802319,21
10192,111,80,0.021466998,21
10193,112,80,0.262914155,20
10194,113,80,0.240092988,20
10195,114,80,0.203670493,20
10196,115,80,0.269178849,20
10197,116,80,0.296367791,20
10198,117,80,0.203811739,20
10199,118,80,0.198488135,20
10200,119,80,0.149481427,20
10201,120,80,0.197793881,20
10202,121,80,0.193432367,20
10203,122,80,0.09181387,20
10204,123,80,0.269937309,20
10205,124,80,0.174160597,20
10206,125,80,0.289567626,20
10207,0,81,0.080646504,22
10208,1,81,0.005760772,22
10209,2,81,-0.173210222,22
10210,3,81,0.200987236,22
10211,4,81,-0.018357041,22
10212,5,81,0.099182042,22
10213,6,81,-0.00733305,22
10214,7,81,0.182449157,22
10215,8,81,-0.015904172,22
10216,9,81,0.041672153,22
10217,10,81,-0.011646536,22
10218,11,81,-0.044101743,22
10219,12,81,0.132804548,22
10220,13,81,-0.091660803,22
10221,14,81,-0.13253266,22
10222,15,81,0.053742231,22
10223,16,81,0.039155331,23
10224,17,81,0.134577909,23
10225,18,81,-0.038383243,26
10226,19,81,0.117618177,26
10227,20,81,0,NaN
10228,21,81,-0.001881465,26
10229,22,81,-0.106274409,26
10230,23,81,0.048423998,26
10231,24,81,-0.161546141,26
10232,25,81,0.093781363,25
10233,26,81,0.150277223,25
10234,27,81,0.061534338,25
10235,28,81,0.132814898,25
10236,29,81,0.095633263,25
10237,30,81,0.064356723,25
10238,31,81,0.248433603,25
10239,32,81,-0.032711289,25
10240,33,81,-0.070128075,25
10241,34,81,-0.031705719,25
10242,35,81,0,25
10243,36,81,0.11970982,25
10244,37,81,-0.046688282,25
10245,38,81,-0.045809557,25
10246,39,81,0.102468302,25
10247,40,81,-0.230742424,24
10248,41,81,-0.117786139,24
10249,42,81,-0.059141663,24
10250,43,81,0.031315446,24
10251,44,81,-0.055215247,24
10252,45,81,0.134629846,24
10253,46,81,-0.295770092,18
10254,47,81,-0.102117981,18
10255,48,81,-0.090720976,18
10256,49,81,-0.073871793,18
10257,50,81,-0.149566654,18
10258,51,81,0.041165069,18
10259,52,81,-0.16813849,18
10260,53,81,0.066908687,19
10261,54,81,0.141823419,19
10262,55,81,0.107882633,19
10263,56,81,0.312946271,19
10264,57,81,0.261311722,19
10265,58,81,0.281605053,19
10266,59,81,0.257838024,19
10267,60,81,-0.106273215,19
10268,61,81,0.183986589,19
10269,62,81,0.100371353,19
10270,63,81,0.070487486,19
10271,64,81,0.181093469,19
10272,65,81,0.062080531,19
10273,66,81,0.01403144,19
10274,67,81,0.056243517,19
10275,68,81,0.205124984,19
10276,69,81,0.277087285,19
10277,70,81,-0.022032021,19
10278,71,81,0.259423626,19
10279,72,81,-0.02339557,19
10280,73,81,-0.134121226,19
10281,74,81,0.008727503,19
10282,75,81,-0.158451896,19
10283,76,81,0.309288628,19
10284,77,81,0.055801458,19
10285,78,81,0.161582052,19
10286,79,81,0.211753075,19
10287,80,81,-0.034307903,19
10288,81,81,0.151910557,19
10289,82,81,0.133757002,19
10290,83,81,0.014248098,19
10291,84,81,0.270648937,19
10292,85,81,0.230571235,19
10293,86,81,-0.100498838,19
10294,87,81,0.64093872,20
10295,88,81,0.375974567,20
10296,89,81,0.216763874,20
10297,90,81,0.242474853,20
10298,91,81,0.148363094,20
10299,92,81,0.148096082,20
10300,93,81,0.202563365,20
10301,94,81,0.194843358,20
10302,95,81,0.221083072,20
10303,96,81,0.052836572,20
10304,97,81,0.194756941,20
10305,98,81,0.133647204,20
10306,99,81,0.135456427,20
10307,100,81,0.14696548,20
10308,101,81,0.323308805,20
10309,102,81,0.270058194,20
10310,103,81,0.373843892,20
10311,104,81,0.185382223,20
10312,105,81,0.197095244,20
10313,106,81,0.186383114,20
10314,107,81,0.087511599,20
10315,108,81,0.171423351,20
10316,109,81,0.151035827,21
10317,110,81,-0.192030035,21
10318,111,81,0.093218967,20
10319,112,81,0.327669502,20
10320,113,81,0.244916407,20
10321,114,81,0.220148377,20
10322,115,81,0.178295068,20
10323,116,81,0.21170758,20
10324,117,81,0.230582657,20
10325,118,81,0.088541306,20
10326,119,81,0.249244112,20
10327,120,81,0.233056031,20
10328,121,81,0.133648898,20
10329,122,81,0.089559472,20
10330,123,81,0.198904216,20
10331,124,81,0.188843759,20
10332,125,81,0.057561328,20
10333,0,82,0.26812406,22
10334,1,82,0.230566368,22
10335,2,82,0.013990845,22
10336,3,82,0.139018935,22
10337,4,82,-0.157205618,22
10338,5,82,0.124646544,22
10339,6,82,-0.085242983,22
10340,7,82,0.170055354,22
10341,8,82,0.09817325,22
10342,9,82,0.18380773,22
10343,10,82,0.069689679,22
10344,11,82,0.057314021,22
10345,12,82,0.058178722,22
10346,13,82,-0.170486331,22
10347,14,82,0.217059454,22
10348,15,82,0.366284627,22
10349,16,82,0.171528022,23
10350,17,82,0.221401637,23
10351,18,82,0.186201851,26
10352,19,82,0.109593586,26
10353,20,82,0,NaN
10354,21,82,0.394016892,26
10355,22,82,-0.00203013,26
10356,23,82,0.079548496,26
10357,24,82,-0.015528934,26
10358,25,82,-0.028609354,26
10359,26,82,-0.397965724,25
10360,27,82,0.094000548,25
10361,28,82,-0.046470216,25
10362,29,82,0.089977709,25
10363,30,82,0.134916243,25
10364,31,82,0.169935132,25
10365,32,82,0.165938403,25
10366,33,82,0.018779549,25
10367,34,82,0.033062651,25
10368,35,82,-0.005716216,25
10369,36,82,0.134497872,25
10370,37,82,-0.059583464,25
10371,38,82,-0.105913736,25
10372,39,82,0.099340796,25
10373,40,82,0.058993,25
10374,41,82,0.114135256,25
10375,42,82,-0.108940041,25
10376,43,82,-0.055981217,25
10377,44,82,0.158475882,24
10378,45,82,-0.081951816,18
10379,46,82,-0.135172166,18
10380,47,82,-0.051737039,18
10381,48,82,-0.113238742,18
10382,49,82,-0.120396602,18
10383,50,82,-0.118072927,18
10384,51,82,-0.10211559,18
10385,52,82,0.208969412,19
10386,53,82,0.156290086,19
10387,54,82,0.280152598,19
10388,55,82,0.187121026,19
10389,56,82,0.192111779,19
10390,57,82,0.175423738,19
10391,58,82,0.35342553,19
10392,59,82,0.071008768,19
10393,60,82,0.160523803,19
10394,61,82,0.230748789,19
10395,62,82,0.205113097,19
10396,63,82,0.18915237,19
10397,64,82,0.210326762,19
10398,65,82,0.31711075,19
10399,66,82,0.179854506,19
10400,67,82,0.171301127,19
10401,68,82,0.061235168,19
10402,69,82,0.105791541,19
10403,70,82,0.052550893,19
10404,71,82,0.006487732,19
10405,72,82,-0.236637504,19
10406,73,82,-0.131473453,19
10407,74,82,-0.137724276,19
10408,75,82,-0.135209901,19
10409,76,82,0.053780987,19
10410,77,82,0.142292663,19
10411,78,82,0.074427512,19
10412,79,82,-0.01242188,19
10413,80,82,-0.107136317,19
10414,81,82,0.029185423,19
10415,82,82,0.132054059,19
10416,83,82,0.109783682,19
10417,84,82,0.004433926,19
10418,85,82,0.187718984,19
10419,86,82,0.414662765,20
10420,87,82,0.267988405,20
10421,88,82,0.299411848,20
10422,89,82,0.167028052,20
10423,90,82,0.19837875,20
10424,91,82,0.306118393,20
10425,92,82,0.311970299,20
10426,93,82,0.184945852,20
10427,94,82,0.227679097,20
10428,95,82,0.309129011,20
10429,96,82,0.229754474,20
10430,97,82,0.097808776,20
10431,98,82,0.077304793,20
10432,99,82,0.138124288,20
10433,100,82,0.330522903,20
10434,101,82,0.179549941,20
10435,102,82,0.291867115,20
10436,103,82,0.260890811,20
10437,104,82,0.158981176,20
10438,105,82,0.117650377,20
10439,106,82,0.173871376,20
10440,107,82,0.33643956,20
10441,108,82,0.258214592,20
10442,109,82,0.147788767,21
10443,110,82,0.196157097,21
10444,111,82,0.277404123,20
10445,112,82,0.298808477,20
10446,113,82,0.224555277,20
10447,114,82,0.248375429,20
10448,115,82,0.202767684,20
10449,116,82,0.26673647,20
10450,117,82,0.125055672,20
10451,118,82,0.190249953,20
10452,119,82,0.215197059,20
10453,120,82,0.263078471,20
10454,121,82,0.169075368,20
10455,122,82,0.212728368,20
10456,123,82,0.218222468,20
10457,124,82,0.124415458,20
10458,125,82,0.143170598,20
10459,0,83,0,27
10460,1,83,-0.035980608,22
10461,2,83,0.200767968,22
10462,3,83,0.038817209,22
10463,4,83,-0.165804108,22
10464,5,83,0.159481505,22
10465,6,83,0.065406643,22
10466,7,83,0.115708535,22
10467,8,83,0.136421415,22
10468,9,83,0.003613528,22
10469,10,83,0.123914635,22
10470,11,83,0.149193124,22
10471,12,83,0.076287556,22
10472,13,83,0.186537568,22
10473,14,83,-0.093507816,22
10474,15,83,0.294877126,22
10475,16,83,0.218211614,22
10476,17,83,-0.003769441,23
10477,18,83,0,NaN
10478,19,83,0.133469166,26
10479,20,83,0,NaN
10480,21,83,0.407173229,26
10481,22,83,-0.11239136,26
10482,23,83,0.07530477,26
10483,24,83,-0.102328997,26
10484,25,83,-0.08481658,26
10485,26,83,0.024099274,26
10486,27,83,-0.128111721,26
10487,28,83,0.047103518,25
10488,29,83,0.238437736,25
10489,30,83,0.124825276,25
10490,31,83,0.178673515,25
10491,32,83,0.059301098,25
10492,33,83,0.121647405,25
10493,34,83,0.048890037,25
10494,35,83,0.073405531,25
10495,36,83,0.105767922,25
10496,37,83,-0.056742356,25
10497,38,83,-0.061486602,25
10498,39,83,0.016253747,25
10499,40,83,-0.000995531,25
10500,41,83,0.082418859,25
10501,42,83,-0.025483625,25
10502,43,83,-0.239018055,25
10503,44,83,0.074312531,25
10504,45,83,-0.034702414,18
10505,46,83,-0.105177666,18
10506,47,83,-0.123815193,18
10507,48,83,-0.122432844,18
10508,49,83,-0.04913349,18
10509,50,83,-0.300110889,18
10510,51,83,0.342176946,19
10511,52,83,0.245726937,19
10512,53,83,0.238907563,19
10513,54,83,0.301857273,19
10514,55,83,0.074490088,19
10515,56,83,0.091135566,19
10516,57,83,0.086240461,19
10517,58,83,0.230580414,19
10518,59,83,-0.082063228,19
10519,60,83,0.143751215,19
10520,61,83,0.136833932,19
10521,62,83,0.226552133,19
10522,63,83,0.14077614,19
10523,64,83,0.118606551,19
10524,65,83,0.238326965,19
10525,66,83,0.155564412,19
10526,67,83,0.161694323,19
10527,68,83,-0.098770775,19
10528,69,83,-0.101213236,19
10529,70,83,-0.145427801,19
10530,71,83,0.04741256,19
10531,72,83,0.006991138,19
10532,73,83,-0.152859237,19
10533,74,83,0.093223994,19
10534,75,83,0.155350225,19
10535,76,83,0.309741634,19
10536,77,83,0.336914204,19
10537,78,83,-0.026918382,19
10538,79,83,-0.051334685,19
10539,80,83,0.045307101,19
10540,81,83,0.093008956,19
10541,82,83,0.240629764,19
10542,83,83,0.117965117,19
10543,84,83,0.005901047,19
10544,85,83,0.337843422,20
10545,86,83,0.312382364,20
10546,87,83,0.200200573,20
10547,88,83,0.18357355,20
10548,89,83,0.322977624,20
10549,90,83,0.217386176,20
10550,91,83,0.148674446,20
10551,92,83,0.112664206,20
10552,93,83,-0.036984173,20
10553,94,83,0.200082097,20
10554,95,83,0.213811543,20
10555,96,83,0.391006705,20
10556,97,83,0.12023375,20
10557,98,83,0.09508614,20
10558,99,83,0.251063085,20
10559,100,83,0.301257599,20
10560,101,83,0.150061399,20
10561,102,83,0.176818792,20
10562,103,83,0.223709444,20
10563,104,83,0.111019357,20
10564,105,83,0.200898522,20
10565,106,83,0.211084968,20
10566,107,83,0.22653333,20
10567,108,83,0.386198979,20
10568,109,83,0.01893895,21
10569,110,83,0.253303433,20
10570,111,83,0.263626389,20
10571,112,83,0.0669208,20
10572,113,83,0.167190367,20
10573,114,83,0.21980122,20
10574,115,83,0.209332064,20
10575,116,83,0.1205299,20
10576,117,83,0.209963044,20
10577,118,83,0.238067006,20
10578,119,83,0.079838545,20
10579,120,83,0.242760018,20
10580,121,83,0.137702344,20
10581,122,83,0.20726058,20
10582,123,83,0.008558878,20
10583,124,83,0.043332509,20
10584,125,83,0.173866556,20
10585,0,84,0,27
10586,1,84,0,27
10587,2,84,0.196991139,22
10588,3,84,0.122072206,22
10589,4,84,-0.180670015,22
10590,5,84,0.137244092,22
10591,6,84,0.14450913,22
10592,7,84,0.018236719,22
10593,8,84,0.14405685,22
10594,9,84,0.047694355,22
10595,10,84,0.137320492,22
10596,11,84,0.08911373,22
10597,12,84,0.019328851,22
10598,13,84,-0.07187192,22
10599,14,84,0.062810384,22
10600,15,84,0.004375551,22
10601,16,84,-0.092442675,22
10602,17,84,-0.150288625,22
10603,18,84,0,NaN
10604,19,84,-0.034146583,26
10605,20,84,0.23474695,26
10606,21,84,0,NaN
10607,22,84,-0.143524586,26
10608,23,84,0.090684048,26
10609,24,84,0.010022047,26
10610,25,84,-0.130464371,26
10611,26,84,0,26
10612,27,84,-0.180241969,26
10613,28,84,0.000264412,26
10614,29,84,-0.04778692,26
10615,30,84,-0.035705399,25
10616,31,84,0.183665343,25
10617,32,84,0.045470472,25
10618,33,84,0.018380132,25
10619,34,84,0.017317382,25
10620,35,84,0.195447713,25
10621,36,84,0.145619515,25
10622,37,84,0.165202652,25
10623,38,84,0.006299466,25
10624,39,84,-0.01244297,25
10625,40,84,0.121025618,25
10626,41,84,0.122925396,25
10627,42,84,-0.022238899,25
10628,43,84,0.187406205,25
10629,44,84,-0.11869592,18
10630,45,84,-0.035312759,18
10631,46,84,-0.048718809,18
10632,47,84,0.03499851,18
10633,48,84,0.002105435,18
10634,49,84,0.216132526,19
10635,50,84,0.189638914,19
10636,51,84,0.073179479,19
10637,52,84,0.165148395,19
10638,53,84,0.110641494,19
10639,54,84,0.217997908,19
10640,55,84,0.020064681,19
10641,56,84,0.083014708,19
10642,57,84,0.047380037,19
10643,58,84,-0.02452785,19
10644,59,84,0.199409149,19
10645,60,84,0.095449829,19
10646,61,84,0.152488919,19
10647,62,84,0.148552786,19
10648,63,84,0.245021555,19
10649,64,84,0.212076808,19
10650,65,84,0.020315701,19
10651,66,84,0.044182781,19
10652,67,84,0.090378157,19
10653,68,84,-0.028064687,19
10654,69,84,-0.04092605,19
10655,70,84,0.129781075,19
10656,71,84,0.040214655,19
10657,72,84,0.053625062,19
10658,73,84,-0.010911989,19
10659,74,84,0.13065846,19
10660,75,84,0.12887725,19
10661,76,84,0.037068021,19
10662,77,84,0.184182349,19
10663,78,84,-0.080212754,19
10664,79,84,-0.017624522,19
10665,80,84,0.150329612,19
10666,81,84,0.300647567,19
10667,82,84,0.095203871,19
10668,83,84,0.159850401,19
10669,84,84,0.376996633,20
10670,85,84,0.223174028,20
10671,86,84,0.123445269,20
10672,87,84,0.208775229,20
10673,88,84,0.204949002,20
10674,89,84,0.158068266,20
10675,90,84,0.161185319,20
10676,91,84,0.221098857,20
10677,92,84,0.199383482,20
10678,93,84,0.045464857,20
10679,94,84,0.11567524,20
10680,95,84,0.203901052,20
10681,96,84,0.176420474,20
10682,97,84,0.264315598,20
10683,98,84,0.106727028,20
10684,99,84,0.196969327,20
10685,100,84,0.245581816,20
10686,101,84,0.191935202,20
10687,102,84,0.20485611,20
10688,103,84,0.004064113,20
10689,104,84,0.129389163,20
10690,105,84,0.161917449,20
10691,106,84,0.084146825,20
10692,107,84,0.169723231,20
10693,108,84,-0.015539048,21
10694,109,84,0.010769692,21
10695,110,84,0.282409622,20
10696,111,84,0.310050507,20
10697,112,84,0.264637634,20
10698,113,84,0.053935544,20
10699,114,84,0.294027335,20
10700,115,84,0.286694473,20
10701,116,84,0.175563064,20
10702,117,84,0.236146562,20
10703,118,84,0.188733239,20
10704,119,84,0.156620499,20
10705,120,84,0.185354659,20
10706,121,84,0.140688519,20
10707,122,84,0.187785774,20
10708,123,84,0.266468886,20
10709,124,84,0.259337486,20
10710,125,84,0.194856001,20
10711,0,85,0,27
10712,1,85,0,27
10713,2,85,0,27
10714,3,85,-0.109238126,22
10715,4,85,0.002556757,22
10716,5,85,0.17606102,22
10717,6,85,0.001194286,22
10718,7,85,-0.145113706,22
10719,8,85,0.169219134,22
10720,9,85,-0.005478042,22
10721,10,85,-0.093233536,22
10722,11,85,0.073859523,22
10723,12,85,-0.056917243,22
10724,13,85,0.17351886,22
10725,14,85,0.149494112,22
10726,15,85,0.083541286,22
10727,16,85,0.063932348,22
10728,17,85,-0.087408901,22
10729,18,85,0,NaN
10730,19,85,-0.127721335,26
10731,20,85,-0.050589533,26
10732,21,85,0,NaN
10733,22,85,0.177080549,26
10734,23,85,-0.057610057,26
10735,24,85,-0.062591828,26
10736,25,85,-0.064172917,26
10737,26,85,-0.024028095,26
10738,27,85,0.000211867,26
10739,28,85,-0.136287866,26
10740,29,85,-0.005349563,26
10741,30,85,-0.011710869,26
10742,31,85,-0.053141736,26
10743,32,85,0.252523257,26
10744,33,85,0.123389947,25
10745,34,85,0.064737771,25
10746,35,85,0.023184584,25
10747,36,85,0.091244255,25
10748,37,85,0.041441249,25
10749,38,85,0.068683371,25
10750,39,85,0.105444849,25
10751,40,85,0.05055118,25
10752,41,85,0.047994486,25
10753,42,85,-0.017507988,25
10754,43,85,0.295014742,25
10755,44,85,-0.158741096,18
10756,45,85,-0.100344645,18
10757,46,85,-0.022220304,18
10758,47,85,0.061734537,18
10759,48,85,0.173986899,19
10760,49,85,0.274283314,19
10761,50,85,0.082906066,19
10762,51,85,0.289417771,19
10763,52,85,0.219316072,19
10764,53,85,-0.056420399,19
10765,54,85,0.109744767,19
10766,55,85,0.207869106,19
10767,56,85,0.103308721,19
10768,57,85,0.260034718,19
10769,58,85,0.005731871,19
10770,59,85,0.149949001,19
10771,60,85,0.208675466,19
10772,61,85,0.161007397,19
10773,62,85,0.205408198,19
10774,63,85,0.124426404,19
10775,64,85,0.058418048,19
10776,65,85,-0.185980031,19
10777,66,85,0.043416343,19
10778,67,85,0.089664104,19
10779,68,85,0.143718774,19
10780,69,85,0.029780557,19
10781,70,85,-0.058896027,19
10782,71,85,0.201888436,19
10783,72,85,0.03287936,19
10784,73,85,-0.016535171,19
10785,74,85,0.096858192,19
10786,75,85,0.008473467,19
10787,76,85,0.02160672,19
10788,77,85,-0.027820186,19
10789,78,85,0.092475409,19
10790,79,85,0.019220972,19
10791,80,85,0.054122287,19
10792,81,85,0.178025072,19
10793,82,85,-0.281266629,19
10794,83,85,0.423477557,20
10795,84,85,0.355393813,20
10796,85,85,0.276650549,20
10797,86,85,0.239347924,20
10798,87,85,0.305948028,20
10799,88,85,0.164869855,20
10800,89,85,0.242021911,20
10801,90,85,0.211026591,20
10802,91,85,0.232318405,20
10803,92,85,0.172583056,20
10804,93,85,0.114929899,20
10805,94,85,0.243444221,20
10806,95,85,0.225014374,20
10807,96,85,0.141139014,20
10808,97,85,0.205237681,20
10809,98,85,0.182806151,20
10810,99,85,0.153061224,20
10811,100,85,0.07647486,20
10812,101,85,0.338337746,20
10813,102,85,0.20409719,20
10814,103,85,0.009479575,20
10815,104,85,0.271713944,20
10816,105,85,0.218503967,20
10817,106,85,0.061320065,20
10818,107,85,0.372356271,20
10819,108,85,0.139645109,20
10820,109,85,0.305731363,20
10821,110,85,0.186834606,20
10822,111,85,0.166006565,20
10823,112,85,0.110878476,20
10824,113,85,0.199534926,20
10825,114,85,0.278897424,20
10826,115,85,0.135191513,20
10827,116,85,0.163656079,20
10828,117,85,0.302494304,20
10829,118,85,0.152913682,20
10830,119,85,0.278306191,20
10831,120,85,0.152526548,20
10832,121,85,0.057132007,20
10833,122,85,0.208011505,20
10834,123,85,0.168759127,20
10835,124,85,0.184813513,20
10836,125,85,0.229146228,20
10837,0,86,0,27
10838,1,86,0,27
10839,2,86,0,27
10840,3,86,0.161480019,22
10841,4,86,0.140899785,22
10842,5,86,0.172894261,22
10843,6,86,-0.040014896,22
10844,7,86,0.120918184,22
10845,8,86,-0.089742896,22
10846,9,86,0.042679913,22
10847,10,86,0.107573972,22
10848,11,86,-0.002130335,22
10849,12,86,-0.030257031,22
10850,13,86,-0.134379728,22
10851,14,86,-0.082044693,22
10852,15,86,0.082712201,22
10853,16,86,0.22557047,22
10854,17,86,-0.085724013,22
10855,18,86,0.3196259,28
10856,19,86,0.262484568,28
10857,20,86,-0.20959788,26
10858,21,86,0,NaN
10859,22,86,0.223461444,26
10860,23,86,0.096660039,26
10861,24,86,0.080932195,26
10862,25,86,-0.072724022,26
10863,26,86,-0.035081387,26
10864,27,86,0.184967042,26
10865,28,86,-0.085381476,26
10866,29,86,-0.056279621,26
10867,30,86,0.086797277,26
10868,31,86,-0.033972317,26
10869,32,86,-0.288843981,26
10870,33,86,0.112215635,26
10871,34,86,-0.198326334,26
10872,35,86,0.069384417,25
10873,36,86,0.067931861,25
10874,37,86,0.031373676,25
10875,38,86,-0.059240128,25
10876,39,86,0.187846478,25
10877,40,86,0.08817516,25
10878,41,86,-0.065439191,25
10879,42,86,0.034829586,25
10880,43,86,-0.174694128,18
10881,44,86,-0.097562019,18
10882,45,86,-0.22811966,18
10883,46,86,-0.150519827,18
10884,47,86,0.045417178,19
10885,48,86,0.24068218,19
10886,49,86,0.126661465,19
10887,50,86,0.295101361,19
10888,51,86,0.072334883,19
10889,52,86,0.062977552,19
10890,53,86,-0.007330745,19
10891,54,86,0.135696599,19
10892,55,86,0.193404168,19
10893,56,86,0.249375407,19
10894,57,86,0.140965921,19
10895,58,86,0.142408883,19
10896,59,86,0.252205756,19
10897,60,86,0.174404162,19
10898,61,86,-0.029045676,19
10899,62,86,-0.103899172,19
10900,63,86,-0.089553895,19
10901,64,86,-0.18954307,19
10902,65,86,-0.041954893,19
10903,66,86,0.135955073,19
10904,67,86,0.187673427,19
10905,68,86,0.165368267,19
10906,69,86,0.013551888,19
10907,70,86,0.023649696,19
10908,71,86,-0.003343492,19
10909,72,86,0.195334032,19
10910,73,86,-0.068152505,19
10911,74,86,-0.025341198,19
10912,75,86,0.031706719,19
10913,76,86,-0.185148306,19
10914,77,86,0.126431321,19
10915,78,86,0.002224555,19
10916,79,86,0.171471943,19
10917,80,86,0.268998197,19
10918,81,86,-0.012890912,19
10919,82,86,0.330566213,20
10920,83,86,0.211886113,20
10921,84,86,0.205659845,20
10922,85,86,0.314667041,20
10923,86,86,0.20759384,20
10924,87,86,0.30789209,20
10925,88,86,0.1357441,20
10926,89,86,0.256349813,20
10927,90,86,0.275914709,20
10928,91,86,0.22018381,20
10929,92,86,0.115660208,20
10930,93,86,0.277277455,20
10931,94,86,0.207765334,20
10932,95,86,0.101878644,20
10933,96,86,0.201503486,20
10934,97,86,0.193060804,20
10935,98,86,0.210606069,20
10936,99,86,0.255774336,20
10937,100,86,0.161248538,20
10938,101,86,0.285664101,20
10939,102,86,0.195780204,20
10940,103,86,0.183716078,20
10941,104,86,0.309164813,20
10942,105,86,0.326539993,20
10943,106,86,0.080233526,20
10944,107,86,0.242487548,20
10945,108,86,0.229203748,20
10946,109,86,0.200483476,20
10947,110,86,0.235329532,20
10948,111,86,0.133119285,20
10949,112,86,0.25338046,20
10950,113,86,0.256611592,20
10951,114,86,0.325079498,20
10952,115,86,0.096285712,20
10953,116,86,0.158602332,20
10954,117,86,0.210890273,20
10955,118,86,0.275810439,20
10956,119,86,0.129104834,20
10957,120,86,0.237066719,20
10958,121,86,0.099658885,20
10959,122,86,0.103809597,20
10960,123,86,0.181873498,20
10961,124,86,0.347866524,20
10962,125,86,0.303079595,20
10963,0,87,0,27
10964,1,87,0,27
10965,2,87,0,27
10966,3,87,0,27
10967,4,87,0.401235465,22
10968,5,87,0.160029033,22
10969,6,87,0.008463815,22
10970,7,87,0.13043824,22
10971,8,87,-0.156671838,22
10972,9,87,0.06963271,22
10973,10,87,0.181216515,22
10974,11,87,0.036722356,22
10975,12,87,-0.030401395,22
10976,13,87,0.136705443,22
10977,14,87,0,22
10978,15,87,0.240445947,22
10979,16,87,0.130546356,22
10980,17,87,0.374809699,22
10981,18,87,0.135984187,28
10982,19,87,0.462346309,28
10983,20,87,-0.03365023,26
10984,21,87,0.116226568,26
10985,22,87,0,NaN
10986,23,87,0.136678004,26
10987,24,87,0.131983722,26
10988,25,87,-0.236589979,26
10989,26,87,0.021994277,26
10990,27,87,0.176743671,26
10991,28,87,0.01856176,26
10992,29,87,-0.040792694,26
10993,30,87,0.178965759,26
10994,31,87,-0.08762021,26
10995,32,87,-0.059041871,26
10996,33,87,0.224656062,26
10997,34,87,0.214494089,26
10998,35,87,-0.178705429,26
10999,36,87,0.100619095,25
11000,37,87,0.009763816,25
11001,38,87,0.098111184,25
11002,39,87,0.08086909,25
11003,40,87,0.112427476,25
11004,41,87,0.09417458,25
11005,42,87,0.026200459,25
11006,43,87,0.012942882,18
11007,44,87,-0.035460351,18
11008,45,87,-0.149410294,18
11009,46,87,0.341754159,19
11010,47,87,0.258727948,19
11011,48,87,0.059420802,19
11012,49,87,0.076744773,19
11013,50,87,0.280014877,19
11014,51,87,-0.00872583,19
11015,52,87,0.214611475,19
11016,53,87,0.197407152,19
11017,54,87,0.226747426,19
11018,55,87,0.032788571,19
11019,56,87,0.119033149,19
11020,57,87,0.196013159,19
11021,58,87,0.14702153,19
11022,59,87,0.195997887,19
11023,60,87,0.028668589,19
11024,61,87,-0.302195595,19
11025,62,87,-0.015083672,19
11026,63,87,0.2382981,19
11027,64,87,0.178222864,19
11028,65,87,0.062826903,19
11029,66,87,-0.016403107,19
11030,67,87,-0.159723827,19
11031,68,87,0.287188274,19
11032,69,87,-0.0520089,19
11033,70,87,0.080100121,19
11034,71,87,0.163485258,19
11035,72,87,0.200662443,19
11036,73,87,0.300191382,19
11037,74,87,0.081318136,19
11038,75,87,-0.004949251,19
11039,76,87,0.018435206,19
11040,77,87,0.328829829,19
11041,78,87,0.117746273,19
11042,79,87,0.23668399,19
11043,80,87,-4.86532177,19
11044,81,87,0.476079983,20
11045,82,87,0.295157924,20
11046,83,87,0.300100752,20
11047,84,87,0.225650334,20
11048,85,87,0.206550218,20
11049,86,87,0.287756564,20
11050,87,87,0.183559507,20
11051,88,87,0.158857395,20
11052,89,87,0.189602999,20
11053,90,87,0.149699826,20
11054,91,87,0.250408358,20
11055,92,87,0.223711393,20
11056,93,87,0.353718953,20
11057,94,87,0.327746538,20
11058,95,87,0.182806622,20
11059,96,87,0.125739488,20
11060,97,87,0.169392567,20
11061,98,87,0.185698559,20
11062,99,87,0.159608601,20
11063,100,87,0.090183245,20
11064,101,87,0.18203157,20
11065,102,87,0.149985824,20
11066,103,87,0.155876958,20
11067,104,87,0.306062596,20
11068,105,87,0.226643468,20
11069,106,87,0.186413296,20
11070,107,87,0.150810805,20
11071,108,87,0.166111181,20
11072,109,87,-0.022777827,20
11073,110,87,0.15672629,20
11074,111,87,0.150284922,20
11075,112,87,0.300178735,20
11076,113,87,0.076716387,20
11077,114,87,0.237387932,20
11078,115,87,0.203006466,20
11079,116,87,0.200278286,20
11080,117,87,0.225874617,20
11081,118,87,0.282477305,20
11082,119,87,0.237736415,20
11083,120,87,0.315724599,20
11084,121,87,0.214729717,20
11085,122,87,0.285697718,20
11086,123,87,0.232489968,20
11087,124,87,0.128533548,20
11088,125,87,0.190936742,20
11089,0,88,0,27
11090,1,88,0,27
11091,2,88,0,27
11092,3,88,0,27
11093,4,88,0,27
11094,5,88,0.105394667,22
11095,6,88,0.129084788,22
11096,7,88,0.125852142,22
11097,8,88,-0.02781721,22
11098,9,88,0.011934901,22
11099,10,88,0.279100532,22
11100,11,88,0.074145004,22
11101,12,88,0.134875327,22
11102,13,88,0.023537573,22
11103,14,88,0.111437198,22
11104,15,88,-0.0395555,22
11105,16,88,0.226813733,22
11106,17,88,0.623252504,22
11107,18,88,0.148604171,28
11108,19,88,0.204770923,28
11109,20,88,0.172980374,26
11110,21,88,0.174423682,26
11111,22,88,0,NaN
11112,23,88,-0.104416398,26
11113,24,88,0.111455895,26
11114,25,88,0.117900989,26
11115,26,88,0.02003758,26
11116,27,88,0.115430629,26
11117,28,88,0.02695078,26
11118,29,88,-0.010145144,26
11119,30,88,-0.008297743,26
11120,31,88,-0.005742779,26
11121,32,88,0.112068717,26
11122,33,88,-0.104770398,26
11123,34,88,0.086063737,26
11124,35,88,-0.045496756,26
11125,36,88,0.094283466,25
11126,37,88,0.04169251,25
11127,38,88,0.091815213,25
11128,39,88,0.150808747,25
11129,40,88,0.135488973,25
11130,41,88,0.056227938,25
11131,42,88,0.303731285,25
11132,43,88,-0.083135,18
11133,44,88,-0.140279181,18
11134,45,88,0.107009466,19
11135,46,88,0.371670881,19
11136,47,88,0.150615078,19
11137,48,88,0.181960644,19
11138,49,88,0.094867489,19
11139,50,88,0.044343147,19
11140,51,88,0.202743419,19
11141,52,88,0.265086753,19
11142,53,88,0.130139385,19
11143,54,88,0.160962439,19
11144,55,88,0.094683178,19
11145,56,88,0.076268767,19
11146,57,88,0.057127225,19
11147,58,88,-0.148186382,19
11148,59,88,0.053163445,19
11149,60,88,0.0654298,19
11150,61,88,0.114730142,19
11151,62,88,0.24017298,19
11152,63,88,0.306848684,19
11153,64,88,0.125638236,19
11154,65,88,0.343520404,19
11155,66,88,0.288917632,19
11156,67,88,0.214394018,19
11157,68,88,0.323232819,19
11158,69,88,0.157838537,19
11159,70,88,0.094396695,19
11160,71,88,0.285916274,19
11161,72,88,0.295555436,19
11162,73,88,0.176537506,19
11163,74,88,-0.074880208,19
11164,75,88,0.127286482,19
11165,76,88,0.124373469,19
11166,77,88,0.24546538,19
11167,78,88,0.281279631,19
11168,79,88,0.851554742,20
11169,80,88,0.397723276,20
11170,81,88,0.366016344,20
11171,82,88,0.35651827,20
11172,83,88,0.20938164,20
11173,84,88,0.257427466,20
11174,85,88,0.215978095,20
11175,86,88,0.217167834,20
11176,87,88,0.199773279,20
11177,88,88,0.185935335,20
11178,89,88,0.087395581,20
11179,90,88,0.131294926,20
11180,91,88,0.278822937,20
11181,92,88,0.185905313,20
11182,93,88,0.231661858,20
11183,94,88,0.23180854,20
11184,95,88,0.245830606,20
11185,96,88,0.225088791,20
11186,97,88,0.154972846,20
11187,98,88,0.358895975,20
11188,99,88,0.144954906,20
11189,100,88,0.152893571,20
11190,101,88,0.299560349,20
11191,102,88,0.086458384,20
11192,103,88,0.31567331,20
11193,104,88,0.198289312,20
11194,105,88,0.169065564,20
11195,106,88,0.111245019,20
11196,107,88,0.101630847,20
11197,108,88,0.066805097,20
11198,109,88,0.167173975,20
11199,110,88,0.104749411,20
11200,111,88,0.250603029,20
11201,112,88,0.188077994,20
11202,113,88,0.155182212,20
11203,114,88,0.208330778,20
11204,115,88,0.136725413,20
11205,116,88,0.201242546,20
11206,117,88,0.102295021,20
11207,118,88,0.251446782,20
11208,119,88,0.205960673,20
11209,120,88,0.251165584,20
11210,121,88,0.28698384,20
11211,122,88,0.119359212,20
11212,123,88,0.216001667,20
11213,124,88,0.068274308,20
11214,125,88,0.218220224,20
11215,0,89,0,27
11216,1,89,0,27
11217,2,89,0,27
11218,3,89,0,27
11219,4,89,0,27
11220,5,89,0,27
11221,6,89,0.143917769,22
11222,7,89,0.11284974,22
11223,8,89,-0.000934333,22
11224,9,89,0.0361367,22
11225,10,89,0.091735043,22
11226,11,89,0.055143783,22
11227,12,89,-0.003193238,22
11228,13,89,0.055206976,22
11229,14,89,0.369999639,22
11230,15,89,0.189539876,22
11231,16,89,0.160923412,22
11232,17,89,0.398402907,28
11233,18,89,0.034903025,28
11234,19,89,0.031978161,28
11235,20,89,-0.077822326,28
11236,21,89,0.228997502,26
11237,22,89,0,NaN
11238,23,89,0.01324647,26
11239,24,89,0.003829965,26
11240,25,89,0.102083255,26
11241,26,89,-0.149873316,26
11242,27,89,0.117929099,26
11243,28,89,-0.072729202,26
11244,29,89,0.144946987,26
11245,30,89,0.085693566,26
11246,31,89,0.104820942,26
11247,32,89,0.071648156,26
11248,33,89,-0.088487875,26
11249,34,89,0.091047154,26
11250,35,89,0.107022885,26
11251,36,89,0.161491431,26
11252,37,89,0.200842276,25
11253,38,89,0.105193821,25
11254,39,89,0.154293648,25
11255,40,89,0.097675186,25
11256,41,89,0.134728429,25
11257,42,89,-0.194722177,18
11258,43,89,-0.314256326,18
11259,44,89,0.189150016,19
11260,45,89,0.073886407,19
11261,46,89,0.232961401,19
11262,47,89,0.205628774,19
11263,48,89,0.170450111,19
11264,49,89,0.031325354,19
11265,50,89,0.197786333,19
11266,51,89,0.222223505,19
11267,52,89,0.289276343,19
11268,53,89,0.043851284,19
11269,54,89,0.156709763,19
11270,55,89,0.110446205,19
11271,56,89,0.002762435,19
11272,57,89,-0.065567359,19
11273,58,89,-0.323796319,19
11274,59,89,0.136765879,19
11275,60,89,0.125043299,19
11276,61,89,0.224064105,19
11277,62,89,0.018445738,19
11278,63,89,-0.049863299,19
11279,64,89,-0.03826467,19
11280,65,89,0.42547263,19
11281,66,89,0.255580295,19
11282,67,89,0.275585283,19
11283,68,89,0.259214831,19
11284,69,89,0.016363791,19
11285,70,89,0.142674911,19
11286,71,89,0.314972188,19
11287,72,89,0.003539789,19
11288,73,89,0.100380282,19
11289,74,89,0.145614586,19
11290,75,89,0.199029698,19
11291,76,89,-0.028893721,19
11292,77,89,0.131211156,19
11293,78,89,0.601183605,20
11294,79,89,0.323303227,20
11295,80,89,0.349518521,20
11296,81,89,0.064901534,20
11297,82,89,0.280726978,20
11298,83,89,0.146519533,20
11299,84,89,0.29626047,20
11300,85,89,0.153994491,20
11301,86,89,0.217544591,20
11302,87,89,0.257349575,20
11303,88,89,0.239446739,20
11304,89,89,0.024082083,20
11305,90,89,0.218033789,20
11306,91,89,0.228876356,20
11307,92,89,0.232898269,20
11308,93,89,0.164440158,20
11309,94,89,0.278212057,20
11310,95,89,0.248906559,20
11311,96,89,0.259153847,20
11312,97,89,0.23363996,20
11313,98,89,0.228646692,20
11314,99,89,0.234183109,20
11315,100,89,0.17648305,20
11316,101,89,0.140532379,20
11317,102,89,0.151753972,20
11318,103,89,0.281224944,20
11319,104,89,0.24982508,20
11320,105,89,0.236316223,20
11321,106,89,0.098736615,20
11322,107,89,0.217395302,20
11323,108,89,0.031982449,20
11324,109,89,0.236424246,20
11325,110,89,0.150564589,20
11326,111,89,0.318823369,20
11327,112,89,0.398268849,20
11328,113,89,0.271310309,20
11329,114,89,0.222918994,20
11330,115,89,0.231012828,20
11331,116,89,0.220836344,20
11332,117,89,0.241524818,20
11333,118,89,0.049737426,20
11334,119,89,0.276979966,20
11335,120,89,0.180163076,20
11336,121,89,0.057937127,20
11337,122,89,0.084594405,20
11338,123,89,0.239992746,20
11339,124,89,0.028832699,20
11340,125,89,0.08222155,20
11341,0,90,0,27
11342,1,90,0,27
11343,2,90,0,27
11344,3,90,0,27
11345,4,90,0,27
11346,5,90,0,27
11347,6,90,0,27
11348,7,90,0.099517608,22
11349,8,90,-0.037188434,22
11350,9,90,-0.003984744,22
11351,10,90,0.203810514,22
11352,11,90,0.206404927,22
11353,12,90,0.078195856,22
11354,13,90,-0.118989256,22
11355,14,90,0.03096368,22
11356,15,90,0.02743576,22
11357,16,90,0.257650214,22
11358,17,90,0.414130721,22
11359,18,90,0.075089027,28
11360,19,90,-0.018253334,28
11361,20,90,0.143180095,28
11362,21,90,0.1947396,26
11363,22,90,0.226098871,26
11364,23,90,0,NaN
11365,24,90,-0.101578607,26
11366,25,90,0.152903377,26
11367,26,90,0.121742573,26
11368,27,90,0.006828381,26
11369,28,90,0.008440826,26
11370,29,90,0.045167368,26
11371,30,90,-0.054618575,26
11372,31,90,-0.04598873,26
11373,32,90,0.078429951,26
11374,33,90,0.053161402,26
11375,34,90,-0.009581326,26
11376,35,90,-0.055974407,26
11377,36,90,0.276027349,26
11378,37,90,0.071143178,26
11379,38,90,0.121184162,25
11380,39,90,0.170361499,25
11381,40,90,0.138824931,25
11382,41,90,0.315088759,25
11383,42,90,0.373074012,19
11384,43,90,0.062884517,19
11385,44,90,-0.022702633,19
11386,45,90,0.075143481,19
11387,46,90,0.11295683,19
11388,47,90,0.275649317,19
11389,48,90,0.175044675,19
11390,49,90,0.094975048,19
11391,50,90,0.007173318,19
11392,51,90,0.02165805,19
11393,52,90,0.166083436,19
11394,53,90,0.110491726,19
11395,54,90,-0.081287249,19
11396,55,90,0.013568924,19
11397,56,90,-0.056454988,19
11398,57,90,0.115044212,19
11399,58,90,0.195703899,19
11400,59,90,-0.037854136,19
11401,60,90,0.003867053,19
11402,61,90,0.134938633,19
11403,62,90,0.309210077,19
11404,63,90,0.203281405,19
11405,64,90,0.086130354,19
11406,65,90,0.131583601,19
11407,66,90,0.089417662,19
11408,67,90,-0.208101836,19
11409,68,90,0.145425521,19
11410,69,90,0.121478269,19
11411,70,90,0.245734063,19
11412,71,90,0.156252057,19
11413,72,90,0.046386637,19
11414,73,90,0.107584936,19
11415,74,90,0.225502574,19
11416,75,90,0.227945763,19
11417,76,90,-0.047469274,19
11418,77,90,0.477679732,20
11419,78,90,0.257977501,20
11420,79,90,0.334481913,20
11421,80,90,0.101250246,20
11422,81,90,0.146523203,20
11423,82,90,0.255997566,20
11424,83,90,0.224839679,20
11425,84,90,0.404460866,20
11426,85,90,0.224216487,20
11427,86,90,0.362223235,20
11428,87,90,0.319626037,20
11429,88,90,0.112265424,20
11430,89,90,0.313275118,20
11431,90,90,0.18061832,20
11432,91,90,0.242674574,20
11433,92,90,0.14535373,20
11434,93,90,0.249276943,20
11435,94,90,0.179452219,20
11436,95,90,0.255916051,20
11437,96,90,0.208555898,20
11438,97,90,0.185317322,20
11439,98,90,0.186397298,20
11440,99,90,0.24348217,20
11441,100,90,0.319862884,20
11442,101,90,0.248039848,20
11443,102,90,0.127385173,20
11444,103,90,0.122082137,20
11445,104,90,0.198202215,20
11446,105,90,0.182626342,20
11447,106,90,0.194284537,20
11448,107,90,0.199370897,20
11449,108,90,0.155695897,20
11450,109,90,0.24446011,20
11451,110,90,0.27180508,20
11452,111,90,0.175424897,20
11453,112,90,0.237008412,20
11454,113,90,0.176422768,20
11455,114,90,0.141275867,20
11456,115,90,0.271519203,20
11457,116,90,0.186848953,20
11458,117,90,0.142021213,20
11459,118,90,0.088211904,20
11460,119,90,0.315625921,20
11461,120,90,0.231017794,20
11462,121,90,0.126886407,20
11463,122,90,0.201906047,20
11464,123,90,0.221223538,20
11465,124,90,-0.002030547,20
11466,125,90,0.191436691,20
11467,0,91,0,27
11468,1,91,0,27
11469,2,91,0,27
11470,3,91,0,27
11471,4,91,0,27
11472,5,91,0,27
11473,6,91,0,27
11474,7,91,0.233710979,22
11475,8,91,-0.067478384,22
11476,9,91,0.053176364,22
11477,10,91,0.033522994,22
11478,11,91,0.238078782,22
11479,12,91,0.070931734,22
11480,13,91,-0.139996577,22
11481,14,91,-0.018028572,22
11482,15,91,-0.042338079,22
11483,16,91,0.098446497,22
11484,17,91,-0.021145698,22
11485,18,91,0.21397712,28
11486,19,91,-0.033398367,28
11487,20,91,0.059269955,28
11488,21,91,0.19831994,26
11489,22,91,0.241253934,26
11490,23,91,0,NaN
11491,24,91,0.043113472,26
11492,25,91,-0.088759989,26
11493,26,91,0.107082583,26
11494,27,91,-0.086530894,26
11495,28,91,0.032458094,26
11496,29,91,0.118189678,26
11497,30,91,0.051322885,26
11498,31,91,0.035370585,26
11499,32,91,0.171477617,26
11500,33,91,-0.194613994,26
11501,34,91,0.119804814,26
11502,35,91,0.099225473,26
11503,36,91,-0.01802747,26
11504,37,91,0.059117893,26
11505,38,91,0.334126416,26
11506,39,91,0.08961741,25
11507,40,91,0.167168283,25
11508,41,91,0.216092419,19
11509,42,91,0.048553464,19
11510,43,91,0.113997561,19
11511,44,91,0.104535121,19
11512,45,91,0.190242837,19
11513,46,91,0.084840654,19
11514,47,91,0.15510799,19
11515,48,91,0.159641724,19
11516,49,91,0.230576085,19
11517,50,91,0.140648031,19
11518,51,91,-0.058179769,19
11519,52,91,-0.024187443,19
11520,53,91,-0.04059518,19
11521,54,91,0.053524477,19
11522,55,91,0.102771997,19
11523,56,91,0.061643389,19
11524,57,91,0.283431427,19
11525,58,91,0.200075027,19
11526,59,91,-0.098180437,19
11527,60,91,0.043766413,19
11528,61,91,0.018363503,19
11529,62,91,0.115857955,19
11530,63,91,0.158078673,19
11531,64,91,0.240202543,19
11532,65,91,0.089407327,19
11533,66,91,0.148781672,19
11534,67,91,0.03702047,19
11535,68,91,0.092219132,19
11536,69,91,-0.010999906,19
11537,70,91,0.203310537,19
11538,71,91,-0.11211823,19
11539,72,91,0.117068251,19
11540,73,91,0.287352758,19
11541,74,91,0.162665053,19
11542,75,91,0.7517088,20
11543,76,91,0.289994772,20
11544,77,91,0.399718397,20
11545,78,91,0.337844398,20
11546,79,91,0.191949818,20
11547,80,91,0.09355627,20
11548,81,91,0.173409075,20
11549,82,91,0.178096139,20
11550,83,91,0.340239553,20
11551,84,91,0.091848999,20
11552,85,91,0.169620336,20
11553,86,91,0.330992721,20
11554,87,91,0.265907755,20
11555,88,91,0.18628365,20
11556,89,91,0.183171315,20
11557,90,91,0.185070464,20
11558,91,91,0.142560214,20
11559,92,91,0.257013971,20
11560,93,91,0.274246169,20
11561,94,91,0.173546747,20
11562,95,91,0.140890354,20
11563,96,91,0.179140566,20
11564,97,91,0.212402024,20
11565,98,91,0.209820834,20
11566,99,91,0.238929278,20
11567,100,91,0.227992336,20
11568,101,91,0.26313394,20
11569,102,91,0.25508124,20
11570,103,91,0.241971063,20
11571,104,91,0.157928668,20
11572,105,91,0.088642421,20
11573,106,91,0.180085321,20
11574,107,91,0.217698304,20
11575,108,91,0.147141569,20
11576,109,91,0.146954398,20
11577,110,91,0.26911196,20
11578,111,91,0.080214698,20
11579,112,91,0.149520515,20
11580,113,91,0.090388204,20
11581,114,91,0.168856433,20
11582,115,91,0.200673563,20
11583,116,91,0.36902622,20
11584,117,91,0.10633284,20
11585,118,91,0.155163486,20
11586,119,91,0.140865665,20
11587,120,91,0.184110014,20
11588,121,91,0.272704936,20
11589,122,91,0.162268126,20
11590,123,91,0.027982487,20
11591,124,91,0.100513688,20
11592,125,91,0.150363637,20
11593,0,92,0,27
11594,1,92,0,27
11595,2,92,0,27
11596,3,92,0,27
11597,4,92,0,27
11598,5,92,0,27
11599,6,92,0,27
11600,7,92,0,27
11601,8,92,0.126214661,22
11602,9,92,-0.013251315,22
11603,10,92,-0.068263886,22
11604,11,92,0.07879689,22
11605,12,92,0.03345075,22
11606,13,92,0.034578786,22
11607,14,92,-0.242738717,22
11608,15,92,-0.046896518,22
11609,16,92,0.341453574,22
11610,17,92,0.434913728,28
11611,18,92,0.062079538,28
11612,19,92,-0.065443933,28
11613,20,92,-0.03424649,28
11614,21,92,0.12751899,26
11615,22,92,-0.060663755,26
11616,23,92,0,NaN
11617,24,92,0.14365606,26
11618,25,92,0.022736285,26
11619,26,92,-0.293848689,26
11620,27,92,-0.202249329,26
11621,28,92,-0.104526488,26
11622,29,92,0.180436354,26
11623,30,92,0.074400891,26
11624,31,92,0.029749415,26
11625,32,92,-0.075204611,26
11626,33,92,0.059459162,26
11627,34,92,0.044832527,26
11628,35,92,0.083387677,26
11629,36,92,-0.059965135,26
11630,37,92,0.104808243,26
11631,38,92,0.157558569,26
11632,39,92,0.205351271,26
11633,40,92,0,NaN
11634,41,92,0.176636647,19
11635,42,92,-0.004523265,19
11636,43,92,0.159663636,19
11637,44,92,0.155502775,19
11638,45,92,0.064066423,19
11639,46,92,0.230485848,19
11640,47,92,0.165743718,19
11641,48,92,-0.036583789,19
11642,49,92,0.102602567,19
11643,50,92,-0.052313939,19
11644,51,92,-0.036088442,19
11645,52,92,0.029557783,19
11646,53,92,0.050850215,19
11647,54,92,0.250600043,19
11648,55,92,0.110568443,19
11649,56,92,0.04294135,19
11650,57,92,0.137410996,19
11651,58,92,0.117505198,19
11652,59,92,-0.009405135,19
11653,60,92,0.02686855,19
11654,61,92,-0.045345575,19
11655,62,92,0.257170853,19
11656,63,92,0.374668665,19
11657,64,92,0.146241189,19
11658,65,92,0.171309829,19
11659,66,92,0.198583508,19
11660,67,92,0.239956898,19
11661,68,92,0.0756676,19
11662,69,92,0.158798796,19
11663,70,92,0.094796836,19
11664,71,92,0.219208257,19
11665,72,92,0.164034007,19
11666,73,92,-0.08732526,19
11667,74,92,0.44779371,20
11668,75,92,0.285327943,20
11669,76,92,0.220154536,20
11670,77,92,0.319515385,20
11671,78,92,0.308995037,20
11672,79,92,0.235408313,20
11673,80,92,0.154483245,20
11674,81,92,0.130451975,20
11675,82,92,0.246900272,20
11676,83,92,0.223502817,20
11677,84,92,0.092516418,20
11678,85,92,0.08011604,20
11679,86,92,0.188624281,20
11680,87,92,0.218491486,20
11681,88,92,0.148403474,20
11682,89,92,0.195906175,20
11683,90,92,0.172993622,20
11684,91,92,0.153280444,20
11685,92,92,0.272714732,20
11686,93,92,0.239274617,20
11687,94,92,0.08815296,20
11688,95,92,0.206841606,20
11689,96,92,0.240440963,20
11690,97,92,0.20769581,20
11691,98,92,0.238663708,20
11692,99,92,0.213017689,20
11693,100,92,0.125884227,20
11694,101,92,0.192650249,20
11695,102,92,0.176214021,20
11696,103,92,0.156373328,20
11697,104,92,0.130871502,20
11698,105,92,0.203262643,20
11699,106,92,0.281303449,20
11700,107,92,0.111148282,20
11701,108,92,0.090138216,20
11702,109,92,0.24072585,20
11703,110,92,0.216338745,20
11704,111,92,0.155278385,20
11705,112,92,-0.048233158,20
11706,113,92,0.240600604,20
11707,114,92,0.249055201,20
11708,115,92,0.173172794,20
11709,116,92,0.156134691,20
11710,117,92,0.163258385,20
11711,118,92,0.277404834,20
11712,119,92,0.102155646,20
11713,120,92,0.302126639,20
11714,121,92,0.309204011,20
11715,122,92,0.233813291,20
11716,123,92,0.189005892,20
11717,124,92,0.184224735,20
11718,125,92,0.107655568,20
11719,0,93,0,27
11720,1,93,0,27
11721,2,93,0,27
11722,3,93,0,27
11723,4,93,0,27
11724,5,93,0,27
11725,6,93,0,27
11726,7,93,0,27
11727,8,93,0.119706915,22
11728,9,93,-0.016708653,22
11729,10,93,0.091320604,22
11730,11,93,-0.019968134,22
11731,12,93,0.054873903,22
11732,13,93,-0.03648169,22
11733,14,93,0.098463773,22
11734,15,93,0.02466009,22
11735,16,93,-0.056435866,22
11736,17,93,-0.120038868,28
11737,18,93,-0.08190386,28
11738,19,93,0.042357378,28
11739,20,93,-0.079857753,28
11740,21,93,0.346772666,28
11741,22,93,0.022379218,26
11742,23,93,0.136945611,26
11743,24,93,0.662242293,26
11744,25,93,0.042506343,26
11745,26,93,0.003855123,26
11746,27,93,0.007633501,26
11747,28,93,0.078725234,26
11748,29,93,0.276639756,26
11749,30,93,0.062951624,26
11750,31,93,0.077524588,26
11751,32,93,0.035146788,26
11752,33,93,-0.036271014,26
11753,34,93,0.144748236,26
11754,35,93,0.026087363,26
11755,36,93,0.010368498,26
11756,37,93,-0.022403429,26
11757,38,93,0.320071966,26
11758,39,93,0.379823982,29
11759,40,93,0.191724845,29
11760,41,93,0.287742975,19
11761,42,93,0.091193407,19
11762,43,93,0.133106237,19
11763,44,93,0.144854131,19
11764,45,93,0.005642067,19
11765,46,93,0.235616268,19
11766,47,93,0.023814597,19
11767,48,93,-0.155030018,19
11768,49,93,0.066533823,19
11769,50,93,-0.03118882,19
11770,51,93,0.064675796,19
11771,52,93,0.077468911,19
11772,53,93,0.252002301,19
11773,54,93,0.161783815,19
11774,55,93,0.026347138,19
11775,56,93,0.227974329,19
11776,57,93,0.139621247,19
11777,58,93,0.072252216,19
11778,59,93,-0.044131961,19
11779,60,93,0.168610772,19
11780,61,93,0.107436681,19
11781,62,93,0.314769413,19
11782,63,93,0.235929708,19
11783,64,93,0.190481736,19
11784,65,93,0.228419574,19
11785,66,93,0.232240405,19
11786,67,93,0.15207312,19
11787,68,93,0.350309415,19
11788,69,93,0.089914294,19
11789,70,93,0.179220984,19
11790,71,93,0.182461871,19
11791,72,93,-0.0836884,19
11792,73,93,0.539028705,20
11793,74,93,0.302126988,20
11794,75,93,0.207455511,20
11795,76,93,0.279184951,20
11796,77,93,0.221505824,20
11797,78,93,0.195872969,20
11798,79,93,0.179405775,20
11799,80,93,0.094143018,20
11800,81,93,0.132402034,20
11801,82,93,0.268563367,20
11802,83,93,0.2574736,20
11803,84,93,0.250478997,20
11804,85,93,0.07237399,20
11805,86,93,0.112783197,20
11806,87,93,0.155231734,20
11807,88,93,0.243850871,20
11808,89,93,0.157367028,20
11809,90,93,0.230069874,20
11810,91,93,0.235239018,20
11811,92,93,0.14878776,20
11812,93,93,0.233940037,20
11813,94,93,0.322472862,20
11814,95,93,0.251316567,20
11815,96,93,0.223524358,20
11816,97,93,0.247593507,20
11817,98,93,0.15207566,20
11818,99,93,0.237785878,20
11819,100,93,0.157084448,20
11820,101,93,0.181693978,20
11821,102,93,0.168097525,20
11822,103,93,0.300129896,20
11823,104,93,0.172930019,20
11824,105,93,0.149437259,20
11825,106,93,0.151927747,20
11826,107,93,0.084482752,20
11827,108,93,0.17487512,20
11828,109,93,0.241716738,20
11829,110,93,0.203126519,20
11830,111,93,0.184318822,20
11831,112,93,0.191062806,20
11832,113,93,0.162056861,20
11833,114,93,0.273198906,20
11834,115,93,0.18099211,20
11835,116,93,0.220264834,20
11836,117,93,0.200542318,20
11837,118,93,0.103017456,20
11838,119,93,0.211705583,20
11839,120,93,0.196967027,20
11840,121,93,0.153045854,20
11841,122,93,0.294097107,20
11842,123,93,0.190627672,20
11843,124,93,0.089471844,20
11844,125,93,0.090021696,20
11845,0,94,0,27
11846,1,94,0,27
11847,2,94,0,27
11848,3,94,0,27
11849,4,94,0,27
11850,5,94,0,27
11851,6,94,0,27
11852,7,94,0,27
11853,8,94,0,27
11854,9,94,0.250334041,22
11855,10,94,0.064693538,22
11856,11,94,0.100245741,22
11857,12,94,0.146125383,22
11858,13,94,0.055224947,22
11859,14,94,0.074803984,22
11860,15,94,-0.136573311,22
11861,16,94,0.109763847,22
11862,17,94,-0.045686077,28
11863,18,94,-0.215561358,28
11864,19,94,0.01152818,28
11865,20,94,0,28
11866,21,94,0.315969138,28
11867,22,94,0.032675242,26
11868,23,94,0.296068449,26
11869,24,94,0.333734432,26
11870,25,94,-0.030442304,26
11871,26,94,0.251056137,26
11872,27,94,0.152742294,26
11873,28,94,0.075971016,26
11874,29,94,0.111964393,26
11875,30,94,-0.035046453,26
11876,31,94,0.014496751,26
11877,32,94,0.049066098,26
11878,33,94,0.139273385,26
11879,34,94,0.001802289,26
11880,35,94,-0.04697823,26
11881,36,94,0.12998837,26
11882,37,94,0.439240187,29
11883,38,94,0.181218741,29
11884,39,94,-0.00958714,29
11885,40,94,0.292154355,29
11886,41,94,0.292964715,29
11887,42,94,0.156411352,19
11888,43,94,0.166996883,19
11889,44,94,0.012547095,19
11890,45,94,-0.109391156,19
11891,46,94,0.040159419,19
11892,47,94,0.066266673,19
11893,48,94,0.254279853,19
11894,49,94,0.177245807,19
11895,50,94,0.199273831,19
11896,51,94,0.058030613,19
11897,52,94,-0.011355007,19
11898,53,94,0.213937563,19
11899,54,94,0.319945664,19
11900,55,94,0.216113056,19
11901,56,94,0.120053395,19
11902,57,94,0.170119426,19
11903,58,94,0.288005436,19
11904,59,94,0.162652905,19
11905,60,94,0.034408288,19
11906,61,94,0.185764602,19
11907,62,94,0.235719691,19
11908,63,94,0.226495597,19
11909,64,94,0.233939224,19
11910,65,94,0.091020225,19
11911,66,94,0.163311761,19
11912,67,94,0.210351819,19
11913,68,94,-0.03384512,19
11914,69,94,0.055270893,19
11915,70,94,0.209034748,19
11916,71,94,-0.279046498,19
11917,72,94,0.503290304,20
11918,73,94,0.242128188,20
11919,74,94,0.223935294,20
11920,75,94,0.143704505,20
11921,76,94,0.186913993,20
11922,77,94,0.212304323,20
11923,78,94,0.31625637,20
11924,79,94,0.349545826,20
11925,80,94,0.117088099,20
11926,81,94,0.134724078,20
11927,82,94,0.329858146,20
11928,83,94,0.22283204,20
11929,84,94,0.231483512,20
11930,85,94,0.287099885,20
11931,86,94,0.220057118,20
11932,87,94,0.247393314,20
11933,88,94,0.268336875,20
11934,89,94,0.203183292,20
11935,90,94,0.167968697,20
11936,91,94,0.252186563,20
11937,92,94,0.221309585,20
11938,93,94,0.195266035,20
11939,94,94,0.219673356,20
11940,95,94,0.215019871,20
11941,96,94,0.111044167,20
11942,97,94,0.258189828,20
11943,98,94,0.219563399,20
11944,99,94,0.171704444,20
11945,100,94,0.132751426,20
11946,101,94,0.223013177,20
11947,102,94,0.220392266,20
11948,103,94,0.21755243,20
11949,104,94,0.14428694,20
11950,105,94,0.224573205,20
11951,106,94,0.189744205,20
11952,107,94,0.172442125,20
11953,108,94,0.065824246,20
11954,109,94,0.170316172,20
11955,110,94,0.229534365,20
11956,111,94,0.168734398,20
11957,112,94,0.252642427,20
11958,113,94,0.024661296,20
11959,114,94,0.205314625,20
11960,115,94,0.250618807,20
11961,116,94,0.179296304,20
11962,117,94,0.260037051,20
11963,118,94,0.198020378,20
11964,119,94,0.187104141,20
11965,120,94,0.124270551,20
11966,121,94,0.113220628,20
11967,122,94,0.165876712,20
11968,123,94,0.129505111,20
11969,124,94,0.211066967,20
11970,125,94,0.103489292,20
11971,0,95,0,27
11972,1,95,0,27
11973,2,95,0,27
11974,3,95,0,27
11975,4,95,0,27
11976,5,95,0,27
11977,6,95,0,27
11978,7,95,0,27
11979,8,95,0,27
11980,9,95,0,27
11981,10,95,0.111277051,22
11982,11,95,0.059133466,22
11983,12,95,0.19751234,22
11984,13,95,0.193536459,22
11985,14,95,0.259823135,22
11986,15,95,0.069218798,22
11987,16,95,0.234118324,22
11988,17,95,0,NaN
11989,18,95,-0.047953254,28
11990,19,95,-0.149913085,28
11991,20,95,-0.047584021,28
11992,21,95,0.099458587,28
11993,22,95,0.0831658,26
11994,23,95,0.154229462,26
11995,24,95,0,NaN
11996,25,95,-0.124911669,26
11997,26,95,0.156169792,26
11998,27,95,0.342366816,26
11999,28,95,0.128763419,26
12000,29,95,0.029160669,26
12001,30,95,0.010232447,26
12002,31,95,0.133919694,26
12003,32,95,0.122290183,26
12004,33,95,0.293201242,26
12005,34,95,0.303260582,26
12006,35,95,0.320052823,29
12007,36,95,0.587785171,29
12008,37,95,0.132390519,29
12009,38,95,-0.044866805,29
12010,39,95,0.043311049,29
12011,40,95,-0.033166963,29
12012,41,95,0.013951352,29
12013,42,95,0.076936635,29
12014,43,95,0.093919285,19
12015,44,95,0.071233119,19
12016,45,95,0.130198426,19
12017,46,95,0.103727075,19
12018,47,95,0.318577256,19
12019,48,95,0.106408573,19
12020,49,95,0.126942009,19
12021,50,95,0.312877489,19
12022,51,95,0.18480256,19
12023,52,95,0.166251284,19
12024,53,95,0.141831151,19
12025,54,95,0.153721358,19
12026,55,95,0.237839316,19
12027,56,95,0.341698397,19
12028,57,95,0.24504018,19
12029,58,95,0.22916844,19
12030,59,95,0.315796971,19
12031,60,95,0.177766187,19
12032,61,95,0.085767788,19
12033,62,95,0.187140423,19
12034,63,95,0.255597504,19
12035,64,95,0.203493868,19
12036,65,95,0.254111601,19
12037,66,95,0.128959161,19
12038,67,95,0.079037416,19
12039,68,95,0.055125701,19
12040,69,95,0.26103716,19
12041,70,95,1.018434323,20
12042,71,95,0.547902387,20
12043,72,95,0.127635584,20
12044,73,95,0.197984363,20
12045,74,95,0.001138696,20
12046,75,95,0.209730072,20
12047,76,95,0.258226146,20
12048,77,95,0.239172395,20
12049,78,95,0.18034471,20
12050,79,95,0.246399039,20
12051,80,95,0.172815901,20
12052,81,95,0.157823336,20
12053,82,95,0.327945746,20
12054,83,95,0.29398047,20
12055,84,95,0.206858249,20
12056,85,95,0.28142837,20
12057,86,95,0.135447787,20
12058,87,95,0.199001151,20
12059,88,95,0.239858433,20
12060,89,95,0.247157184,20
12061,90,95,0.215628064,20
12062,91,95,0.210417775,20
12063,92,95,0.21431721,20
12064,93,95,0.231167084,20
12065,94,95,0.173253066,20
12066,95,95,0.173028865,20
12067,96,95,0.269818992,20
12068,97,95,0.324913809,20
12069,98,95,0.302976934,20
12070,99,95,0.279253639,20
12071,100,95,0.165117943,20
12072,101,95,0.172415582,20
12073,102,95,0.145317101,20
12074,103,95,0.251780682,20
12075,104,95,0.037515011,20
12076,105,95,0.156180107,20
12077,106,95,0.143646208,20
12078,107,95,0.220774753,20
12079,108,95,0.140854305,20
12080,109,95,0.218357004,20
12081,110,95,0.158525473,20
12082,111,95,0.218795743,20
12083,112,95,0.21359547,20
12084,113,95,0.235661838,20
12085,114,95,0.186066788,20
12086,115,95,0.226851963,20
12087,116,95,0.173867805,20
12088,117,95,0.220285584,20
12089,118,95,0.148135149,20
12090,119,95,0.231959758,20
12091,120,95,0.196257515,20
12092,121,95,0.156612678,20
12093,122,95,0.114560362,20
12094,123,95,0.04187341,20
12095,124,95,0.220306459,20
12096,125,95,0.113493948,20
12097,0,96,0,27
12098,1,96,0,27
12099,2,96,0,27
12100,3,96,0,27
12101,4,96,0,27
12102,5,96,0,27
12103,6,96,0,27
12104,7,96,0,27
12105,8,96,0,27
12106,9,96,0,27
12107,10,96,0.098380316,22
12108,11,96,-0.158138296,22
12109,12,96,0.03187546,22
12110,13,96,0.050404648,22
12111,14,96,0.205713595,22
12112,15,96,0.034731768,22
12113,16,96,0.350067144,22
12114,17,96,0,NaN
12115,18,96,0.050983714,28
12116,19,96,-0.003365606,28
12117,20,96,-0.051342996,28
12118,21,96,0.144337675,28
12119,22,96,-0.033651586,28
12120,23,96,-0.073150327,26
12121,24,96,0.23691344,26
12122,25,96,0.11698911,26
12123,26,96,0.216271063,26
12124,27,96,0,30
12125,28,96,0,30
12126,29,96,-0.021957059,26
12127,30,96,0,30
12128,31,96,0,30
12129,32,96,0,30
12130,33,96,0.291184747,29
12131,34,96,0.186738821,29
12132,35,96,0.212159554,29
12133,36,96,0.208007056,29
12134,37,96,0.0877326,29
12135,38,96,-0.053704217,29
12136,39,96,-0.131488742,29
12137,40,96,0.059820959,29
12138,41,96,-0.188466578,29
12139,42,96,0,29
12140,43,96,0.371182755,29
12141,44,96,0.152165436,19
12142,45,96,0.059979454,19
12143,46,96,0.116067246,19
12144,47,96,0.155382276,19
12145,48,96,0.046100024,19
12146,49,96,0.074797566,19
12147,50,96,0.3136218,19
12148,51,96,0.187073837,19
12149,52,96,0.243124298,19
12150,53,96,0.158491458,19
12151,54,96,0.227859008,19
12152,55,96,0.168112455,19
12153,56,96,0.312014351,19
12154,57,96,0.21432118,19
12155,58,96,0.260626373,19
12156,59,96,0.238920298,19
12157,60,96,0.236908953,19
12158,61,96,0.172023456,19
12159,62,96,0.13011091,19
12160,63,96,0.251232138,19
12161,64,96,0.194652043,19
12162,65,96,0.367227447,19
12163,66,96,0.098126388,19
12164,67,96,0.19861406,19
12165,68,96,0.165773854,19
12166,69,96,-0.067828667,19
12167,70,96,0.366080629,20
12168,71,96,0.244158393,20
12169,72,96,0.101097535,20
12170,73,96,0.156445379,20
12171,74,96,0.240413285,20
12172,75,96,0.239278464,20
12173,76,96,0.170403796,20
12174,77,96,0.2580529,20
12175,78,96,0.267442219,20
12176,79,96,0.286544457,20
12177,80,96,0.207993036,20
12178,81,96,0.292878617,20
12179,82,96,0.238804161,20
12180,83,96,0.339795817,20
12181,84,96,0.095937975,20
12182,85,96,0.208434701,20
12183,86,96,0.243776519,20
12184,87,96,0.193201033,20
12185,88,96,0.264062682,20
12186,89,96,0.257661578,20
12187,90,96,0.253849052,20
12188,91,96,0.172390891,20
12189,92,96,0.098017663,20
12190,93,96,0.151912334,20
12191,94,96,0.142073991,20
12192,95,96,0.14862642,20
12193,96,96,0.154734976,20
12194,97,96,0.219028207,20
12195,98,96,0.248607799,20
12196,99,96,0.208701209,20
12197,100,96,0.152947929,20
12198,101,96,0.11933343,20
12199,102,96,0.231990346,20
12200,103,96,0.168041536,20
12201,104,96,0.275050321,20
12202,105,96,0.214793817,20
12203,106,96,0.204038472,20
12204,107,96,0.154423906,20
12205,108,96,0.160822895,20
12206,109,96,0.079619454,20
12207,110,96,0.16094949,20
12208,111,96,0.230240908,20
12209,112,96,0.208074076,20
12210,113,96,0.296714437,20
12211,114,96,0.280187669,20
12212,115,96,0.202843513,20
12213,116,96,0.188281734,20
12214,117,96,0.14247144,20
12215,118,96,0.120518883,20
12216,119,96,0.185106072,20
12217,120,96,0.1459457,20
12218,121,96,0.196057223,20
12219,122,96,0.193292507,20
12220,123,96,0.097308089,20
12221,124,96,0.173230094,20
12222,125,96,0.144476902,20
12223,0,97,0,27
12224,1,97,0,27
12225,2,97,0,27
12226,3,97,0,27
12227,4,97,0,27
12228,5,97,0,27
12229,6,97,0,27
12230,7,97,0,27
12231,8,97,0,27
12232,9,97,0,27
12233,10,97,0,27
12234,11,97,0.289921421,22
12235,12,97,0.101125893,22
12236,13,97,-0.013478778,22
12237,14,97,0.281705769,22
12238,15,97,0.077654167,22
12239,16,97,0.25788715,22
12240,17,97,0,NaN
12241,18,97,-0.028668681,28
12242,19,97,-0.06352785,28
12243,20,97,0.072815263,28
12244,21,97,-0.109352398,28
12245,22,97,0.094009372,28
12246,23,97,0,30
12247,24,97,0,30
12248,25,97,0,30
12249,26,97,0,30
12250,27,97,0,30
12251,28,97,0,30
12252,29,97,0,30
12253,30,97,0,30
12254,31,97,0,30
12255,32,97,0.081294043,29
12256,33,97,0.054881643,29
12257,34,97,0.0944533,29
12258,35,97,0.139713174,29
12259,36,97,0.113418334,29
12260,37,97,-0.051045213,29
12261,38,97,-0.187754284,29
12262,39,97,-0.159675957,29
12263,40,97,-0.143014837,29
12264,41,97,-0.006435422,29
12265,42,97,0.168684065,29
12266,43,97,0.17401797,29
12267,44,97,0.141289002,29
12268,45,97,0.227555743,19
12269,46,97,0.318401669,19
12270,47,97,0.082305015,19
12271,48,97,0.218653798,19
12272,49,97,0.209762855,19
12273,50,97,0.109837485,19
12274,51,97,0.046330789,19
12275,52,97,0.099073996,19
12276,53,97,-0.039989881,19
12277,54,97,0.135819697,19
12278,55,97,0.26833312,19
12279,56,97,0.16615991,19
12280,57,97,0.246330017,19
12281,58,97,0.135707357,19
12282,59,97,0.224104691,19
12283,60,97,0.170746871,19
12284,61,97,0.092634939,19
12285,62,97,0.263332248,19
12286,63,97,0.325302085,19
12287,64,97,0.181126072,19
12288,65,97,0.183701671,19
12289,66,97,0.006140297,19
12290,67,97,0.219961289,19
12291,68,97,0.032341319,19
12292,69,97,0.506789271,20
12293,70,97,0.216257938,20
12294,71,97,0.223500715,20
12295,72,97,0.173303168,20
12296,73,97,0.233962066,20
12297,74,97,0.145874928,20
12298,75,97,0.104619075,20
12299,76,97,0.141069786,20
12300,77,97,0.138081064,20
12301,78,97,0.238111798,20
12302,79,97,0.178620443,20
12303,80,97,0.222947604,20
12304,81,97,0.108491215,20
12305,82,97,0.078878251,20
12306,83,97,0.27603386,20
12307,84,97,0.119741453,20
12308,85,97,0.274099029,20
12309,86,97,0.14908485,20
12310,87,97,0.251215296,20
12311,88,97,0.190563215,20
12312,89,97,0.244948853,20
12313,90,97,0.170652483,20
12314,91,97,0.246310171,20
12315,92,97,0.219540713,20
12316,93,97,0.291970605,20
12317,94,97,0.182607554,20
12318,95,97,0.122646325,20
12319,96,97,0.22529863,20
12320,97,97,0.156348887,20
12321,98,97,0.244542965,20
12322,99,97,0.164508105,20
12323,100,97,0.067625772,20
12324,101,97,0.252691679,20
12325,102,97,0.20338821,20
12326,103,97,0.185985554,20
12327,104,97,0.19677872,20
12328,105,97,0.160215025,20
12329,106,97,0.218387481,20
12330,107,97,0.232029777,20
12331,108,97,0.194473531,20
12332,109,97,0.180623614,20
12333,110,97,0.132663385,20
12334,111,97,0.18850924,20
12335,112,97,0.118180851,20
12336,113,97,0.163445568,20
12337,114,97,0.357963292,20
12338,115,97,0.314057057,20
12339,116,97,0.121792049,20
12340,117,97,0.113617194,20
12341,118,97,0.084551585,20
12342,119,97,0.200625545,20
12343,120,97,0.276538646,20
12344,121,97,0.190913439,20
12345,122,97,0.212536781,20
12346,123,97,0.217429103,20
12347,124,97,0.139887915,20
12348,125,97,0.194298095,20
12349,0,98,0,27
12350,1,98,0,27
12351,2,98,0,27
12352,3,98,0,27
12353,4,98,0,27
12354,5,98,0,27
12355,6,98,0,27
12356,7,98,0,27
12357,8,98,0,27
12358,9,98,0,27
12359,10,98,0,27
12360,11,98,0,27
12361,12,98,0.034177297,22
12362,13,98,-0.060043228,22
12363,14,98,0.104400547,22
12364,15,98,0.131329374,22
12365,16,98,0.092927608,22
12366,17,98,0,NaN
12367,18,98,0,NaN
12368,19,98,-0.109655046,28
12369,20,98,-0.110567351,28
12370,21,98,0,30
12371,22,98,0,30
12372,23,98,0,30
12373,24,98,0,30
12374,25,98,0,30
12375,26,98,0,30
12376,27,98,0,30
12377,28,98,0,30
12378,29,98,0,30
12379,30,98,0,30
12380,31,98,0.16800874,29
12381,32,98,-0.061891691,29
12382,33,98,-0.129465711,29
12383,34,98,0.095103108,29
12384,35,98,-0.027452561,29
12385,36,98,-0.12716175,29
12386,37,98,-0.247229448,29
12387,38,98,0.06729727,29
12388,39,98,0.055912109,29
12389,40,98,0.036557238,29
12390,41,98,-0.005436287,29
12391,42,98,0.085728947,29
12392,43,98,0.08725391,29
12393,44,98,0.199620136,29
12394,45,98,-0.051555691,29
12395,46,98,0.298559157,19
12396,47,98,0.240666849,19
12397,48,98,0.099531912,19
12398,49,98,0.183433739,19
12399,50,98,0.1816618,19
12400,51,98,0.145358774,19
12401,52,98,0.243462903,19
12402,53,98,0.09376151,19
12403,54,98,0.166499843,19
12404,55,98,0.221855214,19
12405,56,98,0.337150988,19
12406,57,98,0.191309535,19
12407,58,98,0.204681635,19
12408,59,98,0.244805602,19
12409,60,98,0.17983479,19
12410,61,98,0.358430771,19
12411,62,98,0.229611855,19
12412,63,98,0.216050008,19
12413,64,98,-0.027070858,19
12414,65,98,0.037095782,19
12415,66,98,-0.115857836,19
12416,67,98,0.199998503,19
12417,68,98,0.587384332,20
12418,69,98,0.261070591,20
12419,70,98,0.069142178,20
12420,71,98,0.171872978,20
12421,72,98,0.307594221,20
12422,73,98,0.241901415,20
12423,74,98,0.185061079,20
12424,75,98,0.095151707,20
12425,76,98,0.17648596,20
12426,77,98,0.213805441,20
12427,78,98,0.194691198,20
12428,79,98,0.281416179,20
12429,80,98,0.164056222,20
12430,81,98,0.138113311,20
12431,82,98,-0.012021342,20
12432,83,98,0.122429928,20
12433,84,98,0.160779178,20
12434,85,98,0.297837829,20
12435,86,98,0.119369934,20
12436,87,98,0.21078673,20
12437,88,98,0.193188979,20
12438,89,98,0.145374817,20
12439,90,98,0.159763959,20
12440,91,98,0.280969011,20
12441,92,98,0.233949489,20
12442,93,98,0.097431613,20
12443,94,98,0.255725125,20
12444,95,98,0.240044774,20
12445,96,98,0.245220851,20
12446,97,98,0.159533891,20
12447,98,98,0.188420713,20
12448,99,98,0.21668144,20
12449,100,98,0.285149064,20
12450,101,98,0.205582587,20
12451,102,98,0.196390675,20
12452,103,98,0.244097977,20
12453,104,98,0.21472929,20
12454,105,98,0.185145607,20
12455,106,98,0.200672464,20
12456,107,98,0.094361649,20
12457,108,98,0.139361339,20
12458,109,98,0.201115849,20
12459,110,98,0.221916416,20
12460,111,98,0.091757933,20
12461,112,98,0.163968799,20
12462,113,98,0.167131601,20
12463,114,98,0.267242577,20
12464,115,98,0.199688926,20
12465,116,98,0.11914171,20
12466,117,98,0.159707967,20
12467,118,98,0.240815851,20
12468,119,98,0.246068615,20
12469,120,98,0.171383535,20
12470,121,98,0.201587376,20
12471,122,98,0.179616022,20
12472,123,98,0.045415097,20
12473,124,98,0.128252307,20
12474,125,98,0.244129906,20
12475,0,99,0,27
12476,1,99,0,27
12477,2,99,0,27
12478,3,99,0,27
12479,4,99,0,27
12480,5,99,0,27
12481,6,99,0,27
12482,7,99,0,27
12483,8,99,0,27
12484,9,99,0,27
12485,10,99,0,27
12486,11,99,0,27
12487,12,99,0,27
12488,13,99,0.200448107,22
12489,14,99,-0.088916578,22
12490,15,99,0.016180422,22
12491,16,99,-0.08563206,22
12492,17,99,0,NaN
12493,18,99,0,NaN
12494,19,99,-0.068036127,28
12495,20,99,0,30
12496,21,99,0,30
12497,22,99,0,30
12498,23,99,0,30
12499,24,99,0,30
12500,25,99,0,30
12501,26,99,0,30
12502,27,99,0,30
12503,28,99,0,30
12504,29,99,0,30
12505,30,99,0.163983396,29
12506,31,99,0.169904243,29
12507,32,99,-0.147682133,29
12508,33,99,0.051377138,29
12509,34,99,-0.044025348,29
12510,35,99,-0.139543025,29
12511,36,99,-0.051414171,29
12512,37,99,-0.022110175,29
12513,38,99,0.088264948,29
12514,39,99,0.151476333,29
12515,40,99,0.064370236,29
12516,41,99,0.075624496,29
12517,42,99,-0.018295646,29
12518,43,99,0.228685099,29
12519,44,99,0.167951725,29
12520,45,99,0.201644208,29
12521,46,99,0.090323345,29
12522,47,99,0.248208593,19
12523,48,99,0.166612472,19
12524,49,99,0.127501996,19
12525,50,99,0.197645447,19
12526,51,99,0.216505145,19
12527,52,99,0.066190074,19
12528,53,99,-0.009218908,19
12529,54,99,0.218324011,19
12530,55,99,0.239270021,19
12531,56,99,0.131761255,19
12532,57,99,0.10550109,19
12533,58,99,0.132559175,19
12534,59,99,0.193599235,19
12535,60,99,0.421682917,19
12536,61,99,0.306604499,19
12537,62,99,0.144103943,19
12538,63,99,-0.152380654,19
12539,64,99,0.117256537,19
12540,65,99,-0.041536147,19
12541,66,99,-0.064332586,19
12542,67,99,0.506683371,20
12543,68,99,0.405095782,20
12544,69,99,0.235819113,20
12545,70,99,0.095075382,20
12546,71,99,0.101310731,20
12547,72,99,0.176796471,20
12548,73,99,0.17912088,20
12549,74,99,0.215836113,20
12550,75,99,0.090384762,20
12551,76,99,0.193495048,20
12552,77,99,0.223796363,20
12553,78,99,0.191154523,20
12554,79,99,0.151316782,20
12555,80,99,0.236622801,20
12556,81,99,0.023714169,20
12557,82,99,0.089954714,20
12558,83,99,0.202597264,20
12559,84,99,0.244266834,20
12560,85,99,0.221012858,20
12561,86,99,0.165920543,20
12562,87,99,0.162579924,20
12563,88,99,0.259390859,20
12564,89,99,0.18944196,20
12565,90,99,0.027567527,20
12566,91,99,0.248066611,20
12567,92,99,0.093424523,20
12568,93,99,0.116584098,20
12569,94,99,0.233240343,20
12570,95,99,0.11251255,20
12571,96,99,0.064101244,20
12572,97,99,0.177071884,20
12573,98,99,0.258487155,20
12574,99,99,0.249800746,20
12575,100,99,0.248726622,20
12576,101,99,0.155855544,20
12577,102,99,0.139887662,20
12578,103,99,0.329123893,20
12579,104,99,0.237931573,20
12580,105,99,0.193872315,20
12581,106,99,0.147434269,20
12582,107,99,0.196161745,20
12583,108,99,0.127807753,20
12584,109,99,0.173897189,20
12585,110,99,0.151959812,20
12586,111,99,0.116620145,20
12587,112,99,0.206476061,20
12588,113,99,0.239218065,20
12589,114,99,0.250954056,20
12590,115,99,0.188138155,20
12591,116,99,0.206199142,20
12592,117,99,0.201612797,20
12593,118,99,0.200115005,20
12594,119,99,0.145516499,20
12595,120,99,0.198417994,20
12596,121,99,0.203057681,20
12597,122,99,0.149912619,20
12598,123,99,0.266084833,20
12599,124,99,0.211038915,20
12600,125,99,0.156678901,20
12601,0,100,0,27
12602,1,100,0,27
12603,2,100,0,27
12604,3,100,0,27
12605,4,100,0,27
12606,5,100,0,27
12607,6,100,0,27
12608,7,100,0,27
12609,8,100,0,27
12610,9,100,0,27
12611,10,100,0,27
12612,11,100,0,27
12613,12,100,0,27
12614,13,100,0,27
12615,14,100,0.236245959,22
12616,15,100,-0.094612243,22
12617,16,100,0.277317998,22
12618,17,100,0,NaN
12619,18,100,0,NaN
12620,19,100,0,30
12621,20,100,0,30
12622,21,100,0,30
12623,22,100,0,30
12624,23,100,0,30
12625,24,100,0,30
12626,25,100,0,30
12627,26,100,0,30
12628,27,100,0,30
12629,28,100,0,30
12630,29,100,-0.405469215,29
12631,30,100,0.210183399,29
12632,31,100,-0.138481809,29
12633,32,100,-0.131753342,29
12634,33,100,-0.106731514,29
12635,34,100,0.027579759,29
12636,35,100,0.042812866,29
12637,36,100,-0.046121784,29
12638,37,100,0.050009032,29
12639,38,100,0.131623259,29
12640,39,100,0.114453669,29
12641,40,100,0.097579777,29
12642,41,100,0.176239496,29
12643,42,100,0.261774068,29
12644,43,100,0.06484754,29
12645,44,100,0.123586376,29
12646,45,100,0.117910199,29
12647,46,100,0.256046006,29
12648,47,100,0.295993732,19
12649,48,100,0.293945465,19
12650,49,100,0.194795742,19
12651,50,100,0.181782316,19
12652,51,100,0.300064376,19
12653,52,100,0.225330623,19
12654,53,100,0.19318293,19
12655,54,100,0.19648906,19
12656,55,100,0.215481631,19
12657,56,100,0.150781095,19
12658,57,100,0.065351734,19
12659,58,100,0.147327262,19
12660,59,100,0.132584234,19
12661,60,100,0.183239721,19
12662,61,100,0.391334503,19
12663,62,100,-0.007105555,19
12664,63,100,0.099543745,19
12665,64,100,0.240739459,19
12666,65,100,0.134242527,19
12667,66,100,0,NaN
12668,67,100,0.32615501,20
12669,68,100,0,NaN
12670,69,100,0.160075458,20
12671,70,100,0.075975413,20
12672,71,100,0.005154934,20
12673,72,100,0.18050769,20
12674,73,100,0.101579638,20
12675,74,100,0.203988798,20
12676,75,100,0.188032282,20
12677,76,100,0.189882664,20
12678,77,100,0.211760092,20
12679,78,100,0.174715715,20
12680,79,100,0.217569875,20
12681,80,100,0.281275983,20
12682,81,100,0.134154756,20
12683,82,100,0.186792516,20
12684,83,100,0.289156284,20
12685,84,100,0.092494509,20
12686,85,100,0.100156622,20
12687,86,100,0.121211574,20
12688,87,100,0.203054458,20
12689,88,100,0.142797634,20
12690,89,100,0.200256813,20
12691,90,100,0.12765354,20
12692,91,100,0.263100508,20
12693,92,100,0.097341201,20
12694,93,100,0.143404646,20
12695,94,100,0.050002698,20
12696,95,100,0.065324118,20
12697,96,100,-0.041317244,20
12698,97,100,0.121828594,20
12699,98,100,0.135115687,20
12700,99,100,0.372142472,20
12701,100,100,0.188368829,20
12702,101,100,0.200008901,20
12703,102,100,0.068984717,20
12704,103,100,0.142555811,20
12705,104,100,0.119235591,20
12706,105,100,0.148003165,20
12707,106,100,0.29670443,20
12708,107,100,0.472647184,20
12709,108,100,0.146755456,20
12710,109,100,0.193649529,20
12711,110,100,0.197347636,20
12712,111,100,0.260220041,20
12713,112,100,0.230892573,20
12714,113,100,0.190353205,20
12715,114,100,0.236860217,20
12716,115,100,0.250789727,20
12717,116,100,0.186665436,20
12718,117,100,0.174778807,20
12719,118,100,0.198136496,20
12720,119,100,0.117113228,20
12721,120,100,0.234295277,20
12722,121,100,0.25735476,20
12723,122,100,0.14877368,20
12724,123,100,0.070685151,20
12725,124,100,0.20550058,20
12726,125,100,0.186473683,20
